left,right,left_name,right_name,class,classification,condition,reason,sources
v1,v2,참가자격 특정기관 제한,고시금액 미만 실적제한,N,고정 배타 근거 미확인,구체적 사실·예외에 따라 판정; 공존의 보편적 보장이 아님,검토한 항목 정의·관련 조문에서 동일 판정 단위의 고정 배타 근거를 확인하지 못함,GOV;ITEM;LOCAL;LOCAL_DECREE;LOCAL_EXEC;NATIONAL;NATIONAL_DECREE;T
v1,v3,참가자격 특정기관 제한,실적제한 1배수 이상,N,고정 배타 근거 미확인,구체적 사실·예외에 따라 판정; 공존의 보편적 보장이 아님,검토한 항목 정의·관련 조문에서 동일 판정 단위의 고정 배타 근거를 확인하지 못함,GOV;ITEM;LOCAL;LOCAL_DECREE;NATIONAL;NATIONAL_DECREE
v1,v4,참가자격 특정기관 제한,"고시금액 이상 특정기관, 특정실적",N,고정 배타 근거 미확인,구체적 사실·예외에 따라 판정; 공존의 보편적 보장이 아님,검토한 항목 정의·관련 조문에서 동일 판정 단위의 고정 배타 근거를 확인하지 못함,GOV;ITEM;LOCAL;LOCAL_DECREE;LOCAL_EXEC;NATIONAL;NATIONAL_DECREE;T
v1,v5,참가자격 특정기관 제한,고시금액 이상 지역제한,N,고정 배타 근거 미확인,구체적 사실·예외에 따라 판정; 공존의 보편적 보장이 아님,검토한 항목 정의·관련 조문에서 동일 판정 단위의 고정 배타 근거를 확인하지 못함,ITEM;LOCAL;LOCAL_DECREE;NATIONAL;NATIONAL_DECREE;T
v1,v6,참가자격 특정기관 제한,"고시금액 미만 지역제한 시,군,구",N,고정 배타 근거 미확인,구체적 사실·예외에 따라 판정; 공존의 보편적 보장이 아님,검토한 항목 정의·관련 조문에서 동일 판정 단위의 고정 배타 근거를 확인하지 못함,ITEM;LOCAL;LOCAL_DECREE;LOCAL_EXEC;NATIONAL;NATIONAL_DECREE
v1,v7,참가자격 특정기관 제한,고시금액 미만 지역제한 인접 확대,N,고정 배타 근거 미확인,구체적 사실·예외에 따라 판정; 공존의 보편적 보장이 아님,검토한 항목 정의·관련 조문에서 동일 판정 단위의 고정 배타 근거를 확인하지 못함,ITEM;LOCAL;LOCAL_DECREE;LOCAL_EXEC;NATIONAL;NATIONAL_DECREE
v1,v8,참가자격 특정기관 제한,중복제한 (실적+지역),N,고정 배타 근거 미확인,구체적 사실·예외에 따라 판정; 공존의 보편적 보장이 아님,검토한 항목 정의·관련 조문에서 동일 판정 단위의 고정 배타 근거를 확인하지 못함,ITEM;LOCAL;LOCAL_DECREE;LOCAL_EXEC;NATIONAL;NATIONAL_DECREE
v1,v9,참가자격 특정기관 제한,과업지시서 특정 모델명 명시,N,고정 배타 근거 미확인,구체적 사실·예외에 따라 판정; 공존의 보편적 보장이 아님,검토한 항목 정의·관련 조문에서 동일 판정 단위의 고정 배타 근거를 확인하지 못함,GOV;ITEM;LOCAL;LOCAL_DECREE;LOCAL_EXEC;NATIONAL;NATIONAL_DECREE
v1,v10,참가자격 특정기관 제한,중기간 경쟁제품 입찰 직생 없음,N,고정 배타 근거 미확인,구체적 사실·예외에 따라 판정; 공존의 보편적 보장이 아님,검토한 항목 정의·관련 조문에서 동일 판정 단위의 고정 배타 근거를 확인하지 못함,DIRECT;ITEM;LOCAL;LOCAL_DECREE;NATIONAL;NATIONAL_DECREE;PROC;PRODUCTS;PRODUCTS_CSV;PRODUCTS_HWPX
v1,v11,참가자격 특정기관 제한,중기간 경쟁제품 입찰 중소 없음,N,고정 배타 근거 미확인,구체적 사실·예외에 따라 판정; 공존의 보편적 보장이 아님,검토한 항목 정의·관련 조문에서 동일 판정 단위의 고정 배타 근거를 확인하지 못함,DIRECT;ITEM;LOCAL;LOCAL_DECREE;NATIONAL;NATIONAL_DECREE;PROC;PRODUCTS;PRODUCTS_CSV;PRODUCTS_HWPX
v1,v12,참가자격 특정기관 제한,일반제품 직생 제한,N,고정 배타 근거 미확인,구체적 사실·예외에 따라 판정; 공존의 보편적 보장이 아님,검토한 항목 정의·관련 조문에서 동일 판정 단위의 고정 배타 근거를 확인하지 못함,DIRECT;ITEM;LOCAL;LOCAL_DECREE;NATIONAL;NATIONAL_DECREE;PRODUCTS;PRODUCTS_CSV;PRODUCTS_HWPX
v1,v13,참가자격 특정기관 제한,"중기간 경쟁제품 소기업, 소상공인 제한",N,고정 배타 근거 미확인,구체적 사실·예외에 따라 판정; 공존의 보편적 보장이 아님,검토한 항목 정의·관련 조문에서 동일 판정 단위의 고정 배타 근거를 확인하지 못함,DIRECT;ITEM;LOCAL;LOCAL_DECREE;NATIONAL;NATIONAL_DECREE;PRODUCTS;PRODUCTS_CSV;PRODUCTS_HWPX
v1,v14,참가자격 특정기관 제한,고시금액 이상 일반물품 중소기업 제한,N,고정 배타 근거 미확인,구체적 사실·예외에 따라 판정; 공존의 보편적 보장이 아님,검토한 항목 정의·관련 조문에서 동일 판정 단위의 고정 배타 근거를 확인하지 못함,ITEM;LOCAL;LOCAL_DECREE;NATIONAL;NATIONAL_DECREE;PROC;T
v1,v15,참가자격 특정기관 제한,1억 이상- 고시금액미만 소기업 제한,N,고정 배타 근거 미확인,구체적 사실·예외에 따라 판정; 공존의 보편적 보장이 아님,검토한 항목 정의·관련 조문에서 동일 판정 단위의 고정 배타 근거를 확인하지 못함,ITEM;LOCAL;LOCAL_DECREE;NATIONAL;NATIONAL_DECREE;PROC;T
v1,v16,참가자격 특정기관 제한,1억 이상- 고시금액미만 중소기업 제한 없음,N,고정 배타 근거 미확인,구체적 사실·예외에 따라 판정; 공존의 보편적 보장이 아님,검토한 항목 정의·관련 조문에서 동일 판정 단위의 고정 배타 근거를 확인하지 못함,ITEM;LOCAL;LOCAL_DECREE;NATIONAL;NATIONAL_DECREE;PROC;T
v1,v17,참가자격 특정기관 제한,1억원 미만 일반물품 중소기업 제한,N,고정 배타 근거 미확인,구체적 사실·예외에 따라 판정; 공존의 보편적 보장이 아님,검토한 항목 정의·관련 조문에서 동일 판정 단위의 고정 배타 근거를 확인하지 못함,ITEM;LOCAL;LOCAL_DECREE;NATIONAL;NATIONAL_DECREE;PROC
v1,v18,참가자격 특정기관 제한,1억원 미만 일반물품 소기업 제한 없음,N,고정 배타 근거 미확인,구체적 사실·예외에 따라 판정; 공존의 보편적 보장이 아님,검토한 항목 정의·관련 조문에서 동일 판정 단위의 고정 배타 근거를 확인하지 못함,CJH17;CJH18;DRAFT;ITEM;LOCAL;LOCAL_DECREE;NATIONAL;NATIONAL_DECREE;PROC
v1,v19,참가자격 특정기관 제한,물품공급 확약서 입찰 시 제출,N,고정 배타 근거 미확인,구체적 사실·예외에 따라 판정; 공존의 보편적 보장이 아님,검토한 항목 정의·관련 조문에서 동일 판정 단위의 고정 배타 근거를 확인하지 못함,GOV;ITEM;LOCAL;LOCAL_DECREE;LOCAL_EXEC;NATIONAL;NATIONAL_DECREE
v1,v20,참가자격 특정기관 제한,입찰참가자격 (SW),N,고정 배타 근거 미확인,구체적 사실·예외에 따라 판정; 공존의 보편적 보장이 아님,SW 참여제한 적용·근거 명시와 다른 자격·의무는 별도 사실; 적법한 SW 제한이 다른 항목의 예외가 되는지는 개별 검토,ITEM;LOCAL;LOCAL_DECREE;NATIONAL;NATIONAL_DECREE;SW;SW_GUIDE
v1,v21,참가자격 특정기관 제한,공동 5% (10%),N,고정 배타 근거 미확인,구체적 사실·예외에 따라 판정; 공존의 보편적 보장이 아님,검토한 항목 정의·관련 조문에서 동일 판정 단위의 고정 배타 근거를 확인하지 못함,ITEM;JOINT;LOCAL;LOCAL_DECREE;LOCAL_EXEC;NATIONAL;NATIONAL_DECREE
v1,v22,참가자격 특정기관 제한,현장설명회 참석업체 (자격으로 제한 여부) * 계약방법 협상만 적용,N,고정 배타 근거 미확인,구체적 사실·예외에 따라 판정; 공존의 보편적 보장이 아님,검토한 항목 정의·관련 조문에서 동일 판정 단위의 고정 배타 근거를 확인하지 못함,ITEM;LOCAL;LOCAL_DECREE;LOCAL_EXEC;NATIONAL;NATIONAL_DECREE
v1,v23,참가자격 특정기관 제한,현장설명회 (공고기간) * 계약방법 협상 + 계약법 지방만 적용,N,고정 배타 근거 미확인,구체적 사실·예외에 따라 판정; 공존의 보편적 보장이 아님,검토한 항목 정의·관련 조문에서 동일 판정 단위의 고정 배타 근거를 확인하지 못함,BRIEF;ITEM;LOCAL;LOCAL_DECREE;NATIONAL;NATIONAL_DECREE
v1,v24,참가자격 특정기관 제한,공고서와 나라장터 입력값 상이,N,고정 배타 근거 미확인,구체적 사실·예외에 따라 판정; 공존의 보편적 보장이 아님,문서·메타 불일치와 해당 항목의 법령 위반은 별도 판단; 고정 배타·함의 없음,ITEM;LOCAL;LOCAL_DECREE;NATIONAL;NATIONAL_DECREE
v2,v3,고시금액 미만 실적제한,실적제한 1배수 이상,N,고정 배타 근거 미확인,구체적 사실·예외에 따라 판정; 공존의 보편적 보장이 아님,저가 실적 제한과 과도한 실적 배수 요구는 겹칠 수 있음. v3의 ≥1배/예산 대 >1배/추정가격 해석 유의,GOV;ITEM;LOCAL;LOCAL_DECREE;LOCAL_EXEC;NATIONAL;T
v2,v4,고시금액 미만 실적제한,"고시금액 이상 특정기관, 특정실적",E,동일 판정 단위에서 배타,동일 대상·금액 범위·자격 적용범위·문서 버전·시점; 항목표의 적용분기 유지; 예외 검토; 물품·용역 T=2.3억원; v2/v4의 금액 분기 적용,P ≥ T와 P < T가 모순; v17·18은 P < 1억원 < T,ITEM;NATIONAL;LOCAL_DECREE;GOV;PROC;T
v2,v5,고시금액 미만 실적제한,고시금액 이상 지역제한,Q,지역제한 상한 조건 충족 시 배타,동일 대상·금액 범위·자격 적용범위·문서 버전·시점; 항목표의 적용분기 유지; 예외 검토; R ≥ T,P ≥ R ≥ T와 P < T가 모순,ITEM;NATIONAL;LOCAL;LOCAL_DECREE;PROC;T
v2,v6,고시금액 미만 실적제한,"고시금액 미만 지역제한 시,군,구",N,고정 배타 근거 미확인,구체적 사실·예외에 따라 판정; 공존의 보편적 보장이 아님,검토한 항목 정의·관련 조문에서 동일 판정 단위의 고정 배타 근거를 확인하지 못함,GOV;ITEM;LOCAL;LOCAL_DECREE;LOCAL_EXEC;NATIONAL;T
v2,v7,고시금액 미만 실적제한,고시금액 미만 지역제한 인접 확대,N,고정 배타 근거 미확인,구체적 사실·예외에 따라 판정; 공존의 보편적 보장이 아님,검토한 항목 정의·관련 조문에서 동일 판정 단위의 고정 배타 근거를 확인하지 못함,GOV;ITEM;LOCAL;LOCAL_DECREE;LOCAL_EXEC;NATIONAL;T
v2,v8,고시금액 미만 실적제한,중복제한 (실적+지역),N,고정 배타 근거 미확인,구체적 사실·예외에 따라 판정; 공존의 보편적 보장이 아님,검토한 항목 정의·관련 조문에서 동일 판정 단위의 고정 배타 근거를 확인하지 못함,GOV;ITEM;LOCAL;LOCAL_DECREE;LOCAL_EXEC;NATIONAL;T
v2,v9,고시금액 미만 실적제한,과업지시서 특정 모델명 명시,N,고정 배타 근거 미확인,구체적 사실·예외에 따라 판정; 공존의 보편적 보장이 아님,검토한 항목 정의·관련 조문에서 동일 판정 단위의 고정 배타 근거를 확인하지 못함,GOV;ITEM;LOCAL_DECREE;LOCAL_EXEC;NATIONAL;T
v2,v10,고시금액 미만 실적제한,중기간 경쟁제품 입찰 직생 없음,N,고정 배타 근거 미확인,구체적 사실·예외에 따라 판정; 공존의 보편적 보장이 아님,검토한 항목 정의·관련 조문에서 동일 판정 단위의 고정 배타 근거를 확인하지 못함,DIRECT;GOV;ITEM;LOCAL_DECREE;LOCAL_EXEC;NATIONAL;PROC;PRODUCTS;PRODUCTS_CSV;PRODUCTS_HWPX;T
v2,v11,고시금액 미만 실적제한,중기간 경쟁제품 입찰 중소 없음,N,고정 배타 근거 미확인,구체적 사실·예외에 따라 판정; 공존의 보편적 보장이 아님,검토한 항목 정의·관련 조문에서 동일 판정 단위의 고정 배타 근거를 확인하지 못함,DIRECT;GOV;ITEM;LOCAL_DECREE;LOCAL_EXEC;NATIONAL;PROC;PRODUCTS;PRODUCTS_CSV;PRODUCTS_HWPX;T
v2,v12,고시금액 미만 실적제한,일반제품 직생 제한,N,고정 배타 근거 미확인,구체적 사실·예외에 따라 판정; 공존의 보편적 보장이 아님,검토한 항목 정의·관련 조문에서 동일 판정 단위의 고정 배타 근거를 확인하지 못함,DIRECT;GOV;ITEM;LOCAL_DECREE;LOCAL_EXEC;NATIONAL;NATIONAL_DECREE;PRODUCTS;PRODUCTS_CSV;PRODUCTS_HWPX;T
v2,v13,고시금액 미만 실적제한,"중기간 경쟁제품 소기업, 소상공인 제한",N,고정 배타 근거 미확인,구체적 사실·예외에 따라 판정; 공존의 보편적 보장이 아님,검토한 항목 정의·관련 조문에서 동일 판정 단위의 고정 배타 근거를 확인하지 못함,DIRECT;GOV;ITEM;LOCAL_DECREE;LOCAL_EXEC;NATIONAL;PRODUCTS;PRODUCTS_CSV;PRODUCTS_HWPX;T
v2,v14,고시금액 미만 실적제한,고시금액 이상 일반물품 중소기업 제한,E,동일 판정 단위에서 배타,동일 대상·금액 범위·자격 적용범위·문서 버전·시점; 항목표의 적용분기 유지; 예외 검토; 물품·용역 T=2.3억원; v2/v4의 금액 분기 적용,P ≥ T와 P < T가 모순; v17·18은 P < 1억원 < T,ITEM;NATIONAL;LOCAL_DECREE;GOV;PROC;T
v2,v15,고시금액 미만 실적제한,1억 이상- 고시금액미만 소기업 제한,N,고정 배타 근거 미확인,구체적 사실·예외에 따라 판정; 공존의 보편적 보장이 아님,검토한 항목 정의·관련 조문에서 동일 판정 단위의 고정 배타 근거를 확인하지 못함,GOV;ITEM;LOCAL_DECREE;LOCAL_EXEC;NATIONAL;PROC;T
v2,v16,고시금액 미만 실적제한,1억 이상- 고시금액미만 중소기업 제한 없음,N,고정 배타 근거 미확인,구체적 사실·예외에 따라 판정; 공존의 보편적 보장이 아님,검토한 항목 정의·관련 조문에서 동일 판정 단위의 고정 배타 근거를 확인하지 못함,GOV;ITEM;LOCAL_DECREE;LOCAL_EXEC;NATIONAL;PROC;T
v2,v17,고시금액 미만 실적제한,1억원 미만 일반물품 중소기업 제한,N,고정 배타 근거 미확인,구체적 사실·예외에 따라 판정; 공존의 보편적 보장이 아님,검토한 항목 정의·관련 조문에서 동일 판정 단위의 고정 배타 근거를 확인하지 못함,GOV;ITEM;LOCAL_DECREE;LOCAL_EXEC;NATIONAL;PROC;T
v2,v18,고시금액 미만 실적제한,1억원 미만 일반물품 소기업 제한 없음,N,고정 배타 근거 미확인,구체적 사실·예외에 따라 판정; 공존의 보편적 보장이 아님,검토한 항목 정의·관련 조문에서 동일 판정 단위의 고정 배타 근거를 확인하지 못함,CJH17;CJH18;DRAFT;GOV;ITEM;LOCAL_DECREE;LOCAL_EXEC;NATIONAL;PROC;T
v2,v19,고시금액 미만 실적제한,물품공급 확약서 입찰 시 제출,N,고정 배타 근거 미확인,구체적 사실·예외에 따라 판정; 공존의 보편적 보장이 아님,검토한 항목 정의·관련 조문에서 동일 판정 단위의 고정 배타 근거를 확인하지 못함,GOV;ITEM;LOCAL;LOCAL_DECREE;LOCAL_EXEC;NATIONAL;T
v2,v20,고시금액 미만 실적제한,입찰참가자격 (SW),N,고정 배타 근거 미확인,구체적 사실·예외에 따라 판정; 공존의 보편적 보장이 아님,SW 참여제한 적용·근거 명시와 다른 자격·의무는 별도 사실; 적법한 SW 제한이 다른 항목의 예외가 되는지는 개별 검토,GOV;ITEM;LOCAL_DECREE;LOCAL_EXEC;NATIONAL;SW;SW_GUIDE;T
v2,v21,고시금액 미만 실적제한,공동 5% (10%),N,고정 배타 근거 미확인,구체적 사실·예외에 따라 판정; 공존의 보편적 보장이 아님,검토한 항목 정의·관련 조문에서 동일 판정 단위의 고정 배타 근거를 확인하지 못함,GOV;ITEM;JOINT;LOCAL_DECREE;LOCAL_EXEC;NATIONAL;T
v2,v22,고시금액 미만 실적제한,현장설명회 참석업체 (자격으로 제한 여부) * 계약방법 협상만 적용,N,고정 배타 근거 미확인,구체적 사실·예외에 따라 판정; 공존의 보편적 보장이 아님,검토한 항목 정의·관련 조문에서 동일 판정 단위의 고정 배타 근거를 확인하지 못함,GOV;ITEM;LOCAL_DECREE;LOCAL_EXEC;NATIONAL;NATIONAL_DECREE;T
v2,v23,고시금액 미만 실적제한,현장설명회 (공고기간) * 계약방법 협상 + 계약법 지방만 적용,N,고정 배타 근거 미확인,구체적 사실·예외에 따라 판정; 공존의 보편적 보장이 아님,검토한 항목 정의·관련 조문에서 동일 판정 단위의 고정 배타 근거를 확인하지 못함,BRIEF;GOV;ITEM;LOCAL_DECREE;LOCAL_EXEC;NATIONAL;T
v2,v24,고시금액 미만 실적제한,공고서와 나라장터 입력값 상이,N,고정 배타 근거 미확인,구체적 사실·예외에 따라 판정; 공존의 보편적 보장이 아님,문서·메타 불일치와 해당 항목의 법령 위반은 별도 판단; 고정 배타·함의 없음,GOV;ITEM;LOCAL_DECREE;LOCAL_EXEC;NATIONAL;T
v3,v4,실적제한 1배수 이상,"고시금액 이상 특정기관, 특정실적",N,고정 배타 근거 미확인,구체적 사실·예외에 따라 판정; 공존의 보편적 보장이 아님,검토한 항목 정의·관련 조문에서 동일 판정 단위의 고정 배타 근거를 확인하지 못함,GOV;ITEM;LOCAL;LOCAL_EXEC;NATIONAL;T
v3,v5,실적제한 1배수 이상,고시금액 이상 지역제한,N,고정 배타 근거 미확인,구체적 사실·예외에 따라 판정; 공존의 보편적 보장이 아님,검토한 항목 정의·관련 조문에서 동일 판정 단위의 고정 배타 근거를 확인하지 못함,GOV;ITEM;LOCAL;NATIONAL;T
v3,v6,실적제한 1배수 이상,"고시금액 미만 지역제한 시,군,구",N,고정 배타 근거 미확인,구체적 사실·예외에 따라 판정; 공존의 보편적 보장이 아님,검토한 항목 정의·관련 조문에서 동일 판정 단위의 고정 배타 근거를 확인하지 못함,GOV;ITEM;LOCAL;LOCAL_EXEC;NATIONAL
v3,v7,실적제한 1배수 이상,고시금액 미만 지역제한 인접 확대,N,고정 배타 근거 미확인,구체적 사실·예외에 따라 판정; 공존의 보편적 보장이 아님,검토한 항목 정의·관련 조문에서 동일 판정 단위의 고정 배타 근거를 확인하지 못함,GOV;ITEM;LOCAL;LOCAL_EXEC;NATIONAL
v3,v8,실적제한 1배수 이상,중복제한 (실적+지역),N,고정 배타 근거 미확인,구체적 사실·예외에 따라 판정; 공존의 보편적 보장이 아님,검토한 항목 정의·관련 조문에서 동일 판정 단위의 고정 배타 근거를 확인하지 못함,GOV;ITEM;LOCAL;LOCAL_EXEC;NATIONAL
v3,v9,실적제한 1배수 이상,과업지시서 특정 모델명 명시,N,고정 배타 근거 미확인,구체적 사실·예외에 따라 판정; 공존의 보편적 보장이 아님,검토한 항목 정의·관련 조문에서 동일 판정 단위의 고정 배타 근거를 확인하지 못함,GOV;ITEM;LOCAL;LOCAL_EXEC;NATIONAL
v3,v10,실적제한 1배수 이상,중기간 경쟁제품 입찰 직생 없음,N,고정 배타 근거 미확인,구체적 사실·예외에 따라 판정; 공존의 보편적 보장이 아님,검토한 항목 정의·관련 조문에서 동일 판정 단위의 고정 배타 근거를 확인하지 못함,DIRECT;GOV;ITEM;LOCAL;NATIONAL;PROC;PRODUCTS;PRODUCTS_CSV;PRODUCTS_HWPX
v3,v11,실적제한 1배수 이상,중기간 경쟁제품 입찰 중소 없음,N,고정 배타 근거 미확인,구체적 사실·예외에 따라 판정; 공존의 보편적 보장이 아님,검토한 항목 정의·관련 조문에서 동일 판정 단위의 고정 배타 근거를 확인하지 못함,DIRECT;GOV;ITEM;LOCAL;NATIONAL;PROC;PRODUCTS;PRODUCTS_CSV;PRODUCTS_HWPX
v3,v12,실적제한 1배수 이상,일반제품 직생 제한,N,고정 배타 근거 미확인,구체적 사실·예외에 따라 판정; 공존의 보편적 보장이 아님,검토한 항목 정의·관련 조문에서 동일 판정 단위의 고정 배타 근거를 확인하지 못함,DIRECT;GOV;ITEM;LOCAL;LOCAL_DECREE;NATIONAL;NATIONAL_DECREE;PRODUCTS;PRODUCTS_CSV;PRODUCTS_HWPX
v3,v13,실적제한 1배수 이상,"중기간 경쟁제품 소기업, 소상공인 제한",N,고정 배타 근거 미확인,구체적 사실·예외에 따라 판정; 공존의 보편적 보장이 아님,검토한 항목 정의·관련 조문에서 동일 판정 단위의 고정 배타 근거를 확인하지 못함,DIRECT;GOV;ITEM;LOCAL;NATIONAL;PRODUCTS;PRODUCTS_CSV;PRODUCTS_HWPX
v3,v14,실적제한 1배수 이상,고시금액 이상 일반물품 중소기업 제한,N,고정 배타 근거 미확인,구체적 사실·예외에 따라 판정; 공존의 보편적 보장이 아님,검토한 항목 정의·관련 조문에서 동일 판정 단위의 고정 배타 근거를 확인하지 못함,GOV;ITEM;LOCAL;NATIONAL;PROC;T
v3,v15,실적제한 1배수 이상,1억 이상- 고시금액미만 소기업 제한,N,고정 배타 근거 미확인,구체적 사실·예외에 따라 판정; 공존의 보편적 보장이 아님,검토한 항목 정의·관련 조문에서 동일 판정 단위의 고정 배타 근거를 확인하지 못함,GOV;ITEM;LOCAL;NATIONAL;PROC;T
v3,v16,실적제한 1배수 이상,1억 이상- 고시금액미만 중소기업 제한 없음,N,고정 배타 근거 미확인,구체적 사실·예외에 따라 판정; 공존의 보편적 보장이 아님,검토한 항목 정의·관련 조문에서 동일 판정 단위의 고정 배타 근거를 확인하지 못함,GOV;ITEM;LOCAL;NATIONAL;PROC;T
v3,v17,실적제한 1배수 이상,1억원 미만 일반물품 중소기업 제한,N,고정 배타 근거 미확인,구체적 사실·예외에 따라 판정; 공존의 보편적 보장이 아님,검토한 항목 정의·관련 조문에서 동일 판정 단위의 고정 배타 근거를 확인하지 못함,GOV;ITEM;LOCAL;NATIONAL;PROC
v3,v18,실적제한 1배수 이상,1억원 미만 일반물품 소기업 제한 없음,N,고정 배타 근거 미확인,구체적 사실·예외에 따라 판정; 공존의 보편적 보장이 아님,검토한 항목 정의·관련 조문에서 동일 판정 단위의 고정 배타 근거를 확인하지 못함,CJH17;CJH18;DRAFT;GOV;ITEM;LOCAL;NATIONAL;PROC
v3,v19,실적제한 1배수 이상,물품공급 확약서 입찰 시 제출,N,고정 배타 근거 미확인,구체적 사실·예외에 따라 판정; 공존의 보편적 보장이 아님,검토한 항목 정의·관련 조문에서 동일 판정 단위의 고정 배타 근거를 확인하지 못함,GOV;ITEM;LOCAL;LOCAL_EXEC;NATIONAL
v3,v20,실적제한 1배수 이상,입찰참가자격 (SW),N,고정 배타 근거 미확인,구체적 사실·예외에 따라 판정; 공존의 보편적 보장이 아님,SW 참여제한 적용·근거 명시와 다른 자격·의무는 별도 사실; 적법한 SW 제한이 다른 항목의 예외가 되는지는 개별 검토,GOV;ITEM;LOCAL;NATIONAL;SW;SW_GUIDE
v3,v21,실적제한 1배수 이상,공동 5% (10%),N,고정 배타 근거 미확인,구체적 사실·예외에 따라 판정; 공존의 보편적 보장이 아님,검토한 항목 정의·관련 조문에서 동일 판정 단위의 고정 배타 근거를 확인하지 못함,GOV;ITEM;JOINT;LOCAL;LOCAL_EXEC;NATIONAL
v3,v22,실적제한 1배수 이상,현장설명회 참석업체 (자격으로 제한 여부) * 계약방법 협상만 적용,N,고정 배타 근거 미확인,구체적 사실·예외에 따라 판정; 공존의 보편적 보장이 아님,검토한 항목 정의·관련 조문에서 동일 판정 단위의 고정 배타 근거를 확인하지 못함,GOV;ITEM;LOCAL;LOCAL_DECREE;LOCAL_EXEC;NATIONAL;NATIONAL_DECREE
v3,v23,실적제한 1배수 이상,현장설명회 (공고기간) * 계약방법 협상 + 계약법 지방만 적용,N,고정 배타 근거 미확인,구체적 사실·예외에 따라 판정; 공존의 보편적 보장이 아님,검토한 항목 정의·관련 조문에서 동일 판정 단위의 고정 배타 근거를 확인하지 못함,BRIEF;GOV;ITEM;LOCAL;LOCAL_DECREE;NATIONAL
v3,v24,실적제한 1배수 이상,공고서와 나라장터 입력값 상이,N,고정 배타 근거 미확인,구체적 사실·예외에 따라 판정; 공존의 보편적 보장이 아님,문서·메타 불일치와 해당 항목의 법령 위반은 별도 판단; 고정 배타·함의 없음,GOV;ITEM;LOCAL;NATIONAL
v4,v5,"고시금액 이상 특정기관, 특정실적",고시금액 이상 지역제한,N,고정 배타 근거 미확인,구체적 사실·예외에 따라 판정; 공존의 보편적 보장이 아님,검토한 항목 정의·관련 조문에서 동일 판정 단위의 고정 배타 근거를 확인하지 못함,GOV;ITEM;LOCAL;LOCAL_EXEC;NATIONAL;T
v4,v6,"고시금액 이상 특정기관, 특정실적","고시금액 미만 지역제한 시,군,구",Q,지역제한 상한 조건 충족 시 배타,동일 대상·금액 범위·자격 적용범위·문서 버전·시점; 항목표의 적용분기 유지; 예외 검토; R ≤ T,P < R ≤ T와 P ≥ T가 모순,ITEM;NATIONAL;LOCAL;GOV;PROC;T
v4,v7,"고시금액 이상 특정기관, 특정실적",고시금액 미만 지역제한 인접 확대,Q,지역제한 상한 조건 충족 시 배타,동일 대상·금액 범위·자격 적용범위·문서 버전·시점; 항목표의 적용분기 유지; 예외 검토; R ≤ T,P < R ≤ T와 P ≥ T가 모순,ITEM;NATIONAL;LOCAL;GOV;PROC;T
v4,v8,"고시금액 이상 특정기관, 특정실적",중복제한 (실적+지역),N,고정 배타 근거 미확인,구체적 사실·예외에 따라 판정; 공존의 보편적 보장이 아님,검토한 항목 정의·관련 조문에서 동일 판정 단위의 고정 배타 근거를 확인하지 못함,GOV;ITEM;LOCAL;LOCAL_EXEC;NATIONAL;T
v4,v9,"고시금액 이상 특정기관, 특정실적",과업지시서 특정 모델명 명시,N,고정 배타 근거 미확인,구체적 사실·예외에 따라 판정; 공존의 보편적 보장이 아님,검토한 항목 정의·관련 조문에서 동일 판정 단위의 고정 배타 근거를 확인하지 못함,GOV;ITEM;LOCAL_EXEC;T
v4,v10,"고시금액 이상 특정기관, 특정실적",중기간 경쟁제품 입찰 직생 없음,N,고정 배타 근거 미확인,구체적 사실·예외에 따라 판정; 공존의 보편적 보장이 아님,검토한 항목 정의·관련 조문에서 동일 판정 단위의 고정 배타 근거를 확인하지 못함,DIRECT;GOV;ITEM;LOCAL_EXEC;PROC;PRODUCTS;PRODUCTS_CSV;PRODUCTS_HWPX;T
v4,v11,"고시금액 이상 특정기관, 특정실적",중기간 경쟁제품 입찰 중소 없음,N,고정 배타 근거 미확인,구체적 사실·예외에 따라 판정; 공존의 보편적 보장이 아님,검토한 항목 정의·관련 조문에서 동일 판정 단위의 고정 배타 근거를 확인하지 못함,DIRECT;GOV;ITEM;LOCAL_EXEC;PROC;PRODUCTS;PRODUCTS_CSV;PRODUCTS_HWPX;T
v4,v12,"고시금액 이상 특정기관, 특정실적",일반제품 직생 제한,N,고정 배타 근거 미확인,구체적 사실·예외에 따라 판정; 공존의 보편적 보장이 아님,검토한 항목 정의·관련 조문에서 동일 판정 단위의 고정 배타 근거를 확인하지 못함,DIRECT;GOV;ITEM;LOCAL_DECREE;LOCAL_EXEC;NATIONAL_DECREE;PRODUCTS;PRODUCTS_CSV;PRODUCTS_HWPX;T
v4,v13,"고시금액 이상 특정기관, 특정실적","중기간 경쟁제품 소기업, 소상공인 제한",N,고정 배타 근거 미확인,구체적 사실·예외에 따라 판정; 공존의 보편적 보장이 아님,검토한 항목 정의·관련 조문에서 동일 판정 단위의 고정 배타 근거를 확인하지 못함,DIRECT;GOV;ITEM;LOCAL_EXEC;PRODUCTS;PRODUCTS_CSV;PRODUCTS_HWPX;T
v4,v14,"고시금액 이상 특정기관, 특정실적",고시금액 이상 일반물품 중소기업 제한,N,고정 배타 근거 미확인,구체적 사실·예외에 따라 판정; 공존의 보편적 보장이 아님,검토한 항목 정의·관련 조문에서 동일 판정 단위의 고정 배타 근거를 확인하지 못함,GOV;ITEM;LOCAL_EXEC;PROC;T
v4,v15,"고시금액 이상 특정기관, 특정실적",1억 이상- 고시금액미만 소기업 제한,E,동일 판정 단위에서 배타,동일 대상·금액 범위·자격 적용범위·문서 버전·시점; 항목표의 적용분기 유지; 예외 검토; 물품·용역 T=2.3억원; v2/v4의 금액 분기 적용,P ≥ T와 P < T가 모순; v17·18은 P < 1억원 < T,ITEM;NATIONAL;LOCAL_DECREE;GOV;PROC;T
v4,v16,"고시금액 이상 특정기관, 특정실적",1억 이상- 고시금액미만 중소기업 제한 없음,E,동일 판정 단위에서 배타,동일 대상·금액 범위·자격 적용범위·문서 버전·시점; 항목표의 적용분기 유지; 예외 검토; 물품·용역 T=2.3억원; v2/v4의 금액 분기 적용,P ≥ T와 P < T가 모순; v17·18은 P < 1억원 < T,ITEM;NATIONAL;LOCAL_DECREE;GOV;PROC;T
v4,v17,"고시금액 이상 특정기관, 특정실적",1억원 미만 일반물품 중소기업 제한,E,동일 판정 단위에서 배타,동일 대상·금액 범위·자격 적용범위·문서 버전·시점; 항목표의 적용분기 유지; 예외 검토; 물품·용역 T=2.3억원; v2/v4의 금액 분기 적용,P ≥ T와 P < T가 모순; v17·18은 P < 1억원 < T,ITEM;NATIONAL;LOCAL_DECREE;GOV;PROC;T
v4,v18,"고시금액 이상 특정기관, 특정실적",1억원 미만 일반물품 소기업 제한 없음,E,동일 판정 단위에서 배타,동일 대상·금액 범위·자격 적용범위·문서 버전·시점; 항목표의 적용분기 유지; 예외 검토; 물품·용역 T=2.3억원; v2/v4의 금액 분기 적용,P ≥ T와 P < T가 모순; v17·18은 P < 1억원 < T,ITEM;NATIONAL;LOCAL_DECREE;GOV;PROC;T
v4,v19,"고시금액 이상 특정기관, 특정실적",물품공급 확약서 입찰 시 제출,N,고정 배타 근거 미확인,구체적 사실·예외에 따라 판정; 공존의 보편적 보장이 아님,검토한 항목 정의·관련 조문에서 동일 판정 단위의 고정 배타 근거를 확인하지 못함,GOV;ITEM;LOCAL;LOCAL_EXEC;NATIONAL;T
v4,v20,"고시금액 이상 특정기관, 특정실적",입찰참가자격 (SW),N,고정 배타 근거 미확인,구체적 사실·예외에 따라 판정; 공존의 보편적 보장이 아님,SW 참여제한 적용·근거 명시와 다른 자격·의무는 별도 사실; 적법한 SW 제한이 다른 항목의 예외가 되는지는 개별 검토,GOV;ITEM;LOCAL_EXEC;SW;SW_GUIDE;T
v4,v21,"고시금액 이상 특정기관, 특정실적",공동 5% (10%),N,고정 배타 근거 미확인,구체적 사실·예외에 따라 판정; 공존의 보편적 보장이 아님,검토한 항목 정의·관련 조문에서 동일 판정 단위의 고정 배타 근거를 확인하지 못함,GOV;ITEM;JOINT;LOCAL_EXEC;T
v4,v22,"고시금액 이상 특정기관, 특정실적",현장설명회 참석업체 (자격으로 제한 여부) * 계약방법 협상만 적용,N,고정 배타 근거 미확인,구체적 사실·예외에 따라 판정; 공존의 보편적 보장이 아님,검토한 항목 정의·관련 조문에서 동일 판정 단위의 고정 배타 근거를 확인하지 못함,GOV;ITEM;LOCAL_DECREE;LOCAL_EXEC;NATIONAL_DECREE;T
v4,v23,"고시금액 이상 특정기관, 특정실적",현장설명회 (공고기간) * 계약방법 협상 + 계약법 지방만 적용,N,고정 배타 근거 미확인,구체적 사실·예외에 따라 판정; 공존의 보편적 보장이 아님,검토한 항목 정의·관련 조문에서 동일 판정 단위의 고정 배타 근거를 확인하지 못함,BRIEF;GOV;ITEM;LOCAL_DECREE;LOCAL_EXEC;T
v4,v24,"고시금액 이상 특정기관, 특정실적",공고서와 나라장터 입력값 상이,N,고정 배타 근거 미확인,구체적 사실·예외에 따라 판정; 공존의 보편적 보장이 아님,문서·메타 불일치와 해당 항목의 법령 위반은 별도 판단; 고정 배타·함의 없음,GOV;ITEM;LOCAL_EXEC;T
v5,v6,고시금액 이상 지역제한,"고시금액 미만 지역제한 시,군,구",E,동일 판정 단위에서 배타,동일 대상·금액 범위·자격 적용범위·문서 버전·시점; 항목표의 적용분기 유지; 예외 검토; v5/v6/v7의 금액 분기 적용,동일 지역제한 상한 R에 대해 P ≥ R과 P < R이 모순,ITEM;NATIONAL;LOCAL
v5,v7,고시금액 이상 지역제한,고시금액 미만 지역제한 인접 확대,E,동일 판정 단위에서 배타,동일 대상·금액 범위·자격 적용범위·문서 버전·시점; 항목표의 적용분기 유지; 예외 검토; v5/v6/v7의 금액 분기 적용,동일 지역제한 상한 R에 대해 P ≥ R과 P < R이 모순,ITEM;NATIONAL;LOCAL
v5,v8,고시금액 이상 지역제한,중복제한 (실적+지역),N,고정 배타 근거 미확인,구체적 사실·예외에 따라 판정; 공존의 보편적 보장이 아님,검토한 항목 정의·관련 조문에서 동일 판정 단위의 고정 배타 근거를 확인하지 못함,ITEM;LOCAL;LOCAL_EXEC;NATIONAL;T
v5,v9,고시금액 이상 지역제한,과업지시서 특정 모델명 명시,N,고정 배타 근거 미확인,구체적 사실·예외에 따라 판정; 공존의 보편적 보장이 아님,검토한 항목 정의·관련 조문에서 동일 판정 단위의 고정 배타 근거를 확인하지 못함,GOV;ITEM;LOCAL;LOCAL_EXEC;NATIONAL;T
v5,v10,고시금액 이상 지역제한,중기간 경쟁제품 입찰 직생 없음,N,고정 배타 근거 미확인,구체적 사실·예외에 따라 판정; 공존의 보편적 보장이 아님,검토한 항목 정의·관련 조문에서 동일 판정 단위의 고정 배타 근거를 확인하지 못함,DIRECT;ITEM;LOCAL;NATIONAL;PROC;PRODUCTS;PRODUCTS_CSV;PRODUCTS_HWPX;T
v5,v11,고시금액 이상 지역제한,중기간 경쟁제품 입찰 중소 없음,N,고정 배타 근거 미확인,구체적 사실·예외에 따라 판정; 공존의 보편적 보장이 아님,검토한 항목 정의·관련 조문에서 동일 판정 단위의 고정 배타 근거를 확인하지 못함,DIRECT;ITEM;LOCAL;NATIONAL;PROC;PRODUCTS;PRODUCTS_CSV;PRODUCTS_HWPX;T
v5,v12,고시금액 이상 지역제한,일반제품 직생 제한,N,고정 배타 근거 미확인,구체적 사실·예외에 따라 판정; 공존의 보편적 보장이 아님,검토한 항목 정의·관련 조문에서 동일 판정 단위의 고정 배타 근거를 확인하지 못함,DIRECT;ITEM;LOCAL;LOCAL_DECREE;NATIONAL;NATIONAL_DECREE;PRODUCTS;PRODUCTS_CSV;PRODUCTS_HWPX;T
v5,v13,고시금액 이상 지역제한,"중기간 경쟁제품 소기업, 소상공인 제한",N,고정 배타 근거 미확인,구체적 사실·예외에 따라 판정; 공존의 보편적 보장이 아님,검토한 항목 정의·관련 조문에서 동일 판정 단위의 고정 배타 근거를 확인하지 못함,DIRECT;ITEM;LOCAL;NATIONAL;PRODUCTS;PRODUCTS_CSV;PRODUCTS_HWPX;T
v5,v14,고시금액 이상 지역제한,고시금액 이상 일반물품 중소기업 제한,N,고정 배타 근거 미확인,구체적 사실·예외에 따라 판정; 공존의 보편적 보장이 아님,검토한 항목 정의·관련 조문에서 동일 판정 단위의 고정 배타 근거를 확인하지 못함,ITEM;LOCAL;NATIONAL;PROC;T
v5,v15,고시금액 이상 지역제한,1억 이상- 고시금액미만 소기업 제한,Q,지역제한 상한 조건 충족 시 배타,동일 대상·금액 범위·자격 적용범위·문서 버전·시점; 항목표의 적용분기 유지; 예외 검토; R ≥ T,P ≥ R ≥ T와 P < T가 모순,ITEM;NATIONAL;LOCAL;LOCAL_DECREE;PROC;T
v5,v16,고시금액 이상 지역제한,1억 이상- 고시금액미만 중소기업 제한 없음,Q,지역제한 상한 조건 충족 시 배타,동일 대상·금액 범위·자격 적용범위·문서 버전·시점; 항목표의 적용분기 유지; 예외 검토; R ≥ T,P ≥ R ≥ T와 P < T가 모순,ITEM;NATIONAL;LOCAL;LOCAL_DECREE;PROC;T
v5,v17,고시금액 이상 지역제한,1억원 미만 일반물품 중소기업 제한,Q,지역제한 상한 조건 충족 시 배타,동일 대상·금액 범위·자격 적용범위·문서 버전·시점; 항목표의 적용분기 유지; 예외 검토; R ≥ 1억원,P ≥ R ≥ 1억원과 P < 1억원이 모순,ITEM;NATIONAL;LOCAL;PROC;T
v5,v18,고시금액 이상 지역제한,1억원 미만 일반물품 소기업 제한 없음,Q,지역제한 상한 조건 충족 시 배타,동일 대상·금액 범위·자격 적용범위·문서 버전·시점; 항목표의 적용분기 유지; 예외 검토; R ≥ 1억원,P ≥ R ≥ 1억원과 P < 1억원이 모순,ITEM;NATIONAL;LOCAL;PROC;T
v5,v19,고시금액 이상 지역제한,물품공급 확약서 입찰 시 제출,N,고정 배타 근거 미확인,구체적 사실·예외에 따라 판정; 공존의 보편적 보장이 아님,검토한 항목 정의·관련 조문에서 동일 판정 단위의 고정 배타 근거를 확인하지 못함,GOV;ITEM;LOCAL;LOCAL_EXEC;NATIONAL;T
v5,v20,고시금액 이상 지역제한,입찰참가자격 (SW),N,고정 배타 근거 미확인,구체적 사실·예외에 따라 판정; 공존의 보편적 보장이 아님,SW 참여제한 적용·근거 명시와 다른 자격·의무는 별도 사실; 적법한 SW 제한이 다른 항목의 예외가 되는지는 개별 검토,ITEM;LOCAL;NATIONAL;SW;SW_GUIDE;T
v5,v21,고시금액 이상 지역제한,공동 5% (10%),N,고정 배타 근거 미확인,구체적 사실·예외에 따라 판정; 공존의 보편적 보장이 아님,검토한 항목 정의·관련 조문에서 동일 판정 단위의 고정 배타 근거를 확인하지 못함,ITEM;JOINT;LOCAL;LOCAL_EXEC;NATIONAL;T
v5,v22,고시금액 이상 지역제한,현장설명회 참석업체 (자격으로 제한 여부) * 계약방법 협상만 적용,N,고정 배타 근거 미확인,구체적 사실·예외에 따라 판정; 공존의 보편적 보장이 아님,검토한 항목 정의·관련 조문에서 동일 판정 단위의 고정 배타 근거를 확인하지 못함,ITEM;LOCAL;LOCAL_DECREE;LOCAL_EXEC;NATIONAL;NATIONAL_DECREE;T
v5,v23,고시금액 이상 지역제한,현장설명회 (공고기간) * 계약방법 협상 + 계약법 지방만 적용,N,고정 배타 근거 미확인,구체적 사실·예외에 따라 판정; 공존의 보편적 보장이 아님,검토한 항목 정의·관련 조문에서 동일 판정 단위의 고정 배타 근거를 확인하지 못함,BRIEF;ITEM;LOCAL;LOCAL_DECREE;NATIONAL;T
v5,v24,고시금액 이상 지역제한,공고서와 나라장터 입력값 상이,N,고정 배타 근거 미확인,구체적 사실·예외에 따라 판정; 공존의 보편적 보장이 아님,문서·메타 불일치와 해당 항목의 법령 위반은 별도 판단; 고정 배타·함의 없음,ITEM;LOCAL;NATIONAL;T
v6,v7,"고시금액 미만 지역제한 시,군,구",고시금액 미만 지역제한 인접 확대,N,고정 배타 근거 미확인,구체적 사실·예외에 따라 판정; 공존의 보편적 보장이 아님,좁은 시·군 단위 제한과 부당한 인접지역 확대가 함께 문제 될 수 있음; 소액수의 허용 예외 확인,ITEM;LOCAL;LOCAL_EXEC;NATIONAL
v6,v8,"고시금액 미만 지역제한 시,군,구",중복제한 (실적+지역),N,고정 배타 근거 미확인,구체적 사실·예외에 따라 판정; 공존의 보편적 보장이 아님,검토한 항목 정의·관련 조문에서 동일 판정 단위의 고정 배타 근거를 확인하지 못함,ITEM;LOCAL;LOCAL_EXEC;NATIONAL
v6,v9,"고시금액 미만 지역제한 시,군,구",과업지시서 특정 모델명 명시,N,고정 배타 근거 미확인,구체적 사실·예외에 따라 판정; 공존의 보편적 보장이 아님,검토한 항목 정의·관련 조문에서 동일 판정 단위의 고정 배타 근거를 확인하지 못함,GOV;ITEM;LOCAL;LOCAL_EXEC;NATIONAL
v6,v10,"고시금액 미만 지역제한 시,군,구",중기간 경쟁제품 입찰 직생 없음,N,고정 배타 근거 미확인,구체적 사실·예외에 따라 판정; 공존의 보편적 보장이 아님,검토한 항목 정의·관련 조문에서 동일 판정 단위의 고정 배타 근거를 확인하지 못함,DIRECT;ITEM;LOCAL;LOCAL_EXEC;NATIONAL;PROC;PRODUCTS;PRODUCTS_CSV;PRODUCTS_HWPX
v6,v11,"고시금액 미만 지역제한 시,군,구",중기간 경쟁제품 입찰 중소 없음,N,고정 배타 근거 미확인,구체적 사실·예외에 따라 판정; 공존의 보편적 보장이 아님,검토한 항목 정의·관련 조문에서 동일 판정 단위의 고정 배타 근거를 확인하지 못함,DIRECT;ITEM;LOCAL;LOCAL_EXEC;NATIONAL;PROC;PRODUCTS;PRODUCTS_CSV;PRODUCTS_HWPX
v6,v12,"고시금액 미만 지역제한 시,군,구",일반제품 직생 제한,N,고정 배타 근거 미확인,구체적 사실·예외에 따라 판정; 공존의 보편적 보장이 아님,검토한 항목 정의·관련 조문에서 동일 판정 단위의 고정 배타 근거를 확인하지 못함,DIRECT;ITEM;LOCAL;LOCAL_DECREE;LOCAL_EXEC;NATIONAL;NATIONAL_DECREE;PRODUCTS;PRODUCTS_CSV;PRODUCTS_HWPX
v6,v13,"고시금액 미만 지역제한 시,군,구","중기간 경쟁제품 소기업, 소상공인 제한",N,고정 배타 근거 미확인,구체적 사실·예외에 따라 판정; 공존의 보편적 보장이 아님,검토한 항목 정의·관련 조문에서 동일 판정 단위의 고정 배타 근거를 확인하지 못함,DIRECT;ITEM;LOCAL;LOCAL_EXEC;NATIONAL;PRODUCTS;PRODUCTS_CSV;PRODUCTS_HWPX
v6,v14,"고시금액 미만 지역제한 시,군,구",고시금액 이상 일반물품 중소기업 제한,Q,지역제한 상한 조건 충족 시 배타,동일 대상·금액 범위·자격 적용범위·문서 버전·시점; 항목표의 적용분기 유지; 예외 검토; R ≤ T,P < R ≤ T와 P ≥ T가 모순,ITEM;NATIONAL;LOCAL;GOV;PROC;T
v6,v15,"고시금액 미만 지역제한 시,군,구",1억 이상- 고시금액미만 소기업 제한,N,고정 배타 근거 미확인,구체적 사실·예외에 따라 판정; 공존의 보편적 보장이 아님,검토한 항목 정의·관련 조문에서 동일 판정 단위의 고정 배타 근거를 확인하지 못함,ITEM;LOCAL;LOCAL_EXEC;NATIONAL;PROC;T
v6,v16,"고시금액 미만 지역제한 시,군,구",1억 이상- 고시금액미만 중소기업 제한 없음,N,고정 배타 근거 미확인,구체적 사실·예외에 따라 판정; 공존의 보편적 보장이 아님,검토한 항목 정의·관련 조문에서 동일 판정 단위의 고정 배타 근거를 확인하지 못함,ITEM;LOCAL;LOCAL_EXEC;NATIONAL;PROC;T
v6,v17,"고시금액 미만 지역제한 시,군,구",1억원 미만 일반물품 중소기업 제한,N,고정 배타 근거 미확인,구체적 사실·예외에 따라 판정; 공존의 보편적 보장이 아님,검토한 항목 정의·관련 조문에서 동일 판정 단위의 고정 배타 근거를 확인하지 못함,ITEM;LOCAL;LOCAL_EXEC;NATIONAL;PROC
v6,v18,"고시금액 미만 지역제한 시,군,구",1억원 미만 일반물품 소기업 제한 없음,N,고정 배타 근거 미확인,구체적 사실·예외에 따라 판정; 공존의 보편적 보장이 아님,검토한 항목 정의·관련 조문에서 동일 판정 단위의 고정 배타 근거를 확인하지 못함,CJH17;CJH18;DRAFT;ITEM;LOCAL;LOCAL_EXEC;NATIONAL;PROC
v6,v19,"고시금액 미만 지역제한 시,군,구",물품공급 확약서 입찰 시 제출,N,고정 배타 근거 미확인,구체적 사실·예외에 따라 판정; 공존의 보편적 보장이 아님,검토한 항목 정의·관련 조문에서 동일 판정 단위의 고정 배타 근거를 확인하지 못함,GOV;ITEM;LOCAL;LOCAL_EXEC;NATIONAL
v6,v20,"고시금액 미만 지역제한 시,군,구",입찰참가자격 (SW),N,고정 배타 근거 미확인,구체적 사실·예외에 따라 판정; 공존의 보편적 보장이 아님,SW 참여제한 적용·근거 명시와 다른 자격·의무는 별도 사실; 적법한 SW 제한이 다른 항목의 예외가 되는지는 개별 검토,ITEM;LOCAL;LOCAL_EXEC;NATIONAL;SW;SW_GUIDE
v6,v21,"고시금액 미만 지역제한 시,군,구",공동 5% (10%),N,고정 배타 근거 미확인,구체적 사실·예외에 따라 판정; 공존의 보편적 보장이 아님,검토한 항목 정의·관련 조문에서 동일 판정 단위의 고정 배타 근거를 확인하지 못함,ITEM;JOINT;LOCAL;LOCAL_EXEC;NATIONAL
v6,v22,"고시금액 미만 지역제한 시,군,구",현장설명회 참석업체 (자격으로 제한 여부) * 계약방법 협상만 적용,N,고정 배타 근거 미확인,구체적 사실·예외에 따라 판정; 공존의 보편적 보장이 아님,검토한 항목 정의·관련 조문에서 동일 판정 단위의 고정 배타 근거를 확인하지 못함,ITEM;LOCAL;LOCAL_DECREE;LOCAL_EXEC;NATIONAL;NATIONAL_DECREE
v6,v23,"고시금액 미만 지역제한 시,군,구",현장설명회 (공고기간) * 계약방법 협상 + 계약법 지방만 적용,N,고정 배타 근거 미확인,구체적 사실·예외에 따라 판정; 공존의 보편적 보장이 아님,검토한 항목 정의·관련 조문에서 동일 판정 단위의 고정 배타 근거를 확인하지 못함,BRIEF;ITEM;LOCAL;LOCAL_DECREE;LOCAL_EXEC;NATIONAL
v6,v24,"고시금액 미만 지역제한 시,군,구",공고서와 나라장터 입력값 상이,N,고정 배타 근거 미확인,구체적 사실·예외에 따라 판정; 공존의 보편적 보장이 아님,문서·메타 불일치와 해당 항목의 법령 위반은 별도 판단; 고정 배타·함의 없음,ITEM;LOCAL;LOCAL_EXEC;NATIONAL
v7,v8,고시금액 미만 지역제한 인접 확대,중복제한 (실적+지역),N,고정 배타 근거 미확인,구체적 사실·예외에 따라 판정; 공존의 보편적 보장이 아님,검토한 항목 정의·관련 조문에서 동일 판정 단위의 고정 배타 근거를 확인하지 못함,ITEM;LOCAL;LOCAL_EXEC;NATIONAL
v7,v9,고시금액 미만 지역제한 인접 확대,과업지시서 특정 모델명 명시,N,고정 배타 근거 미확인,구체적 사실·예외에 따라 판정; 공존의 보편적 보장이 아님,검토한 항목 정의·관련 조문에서 동일 판정 단위의 고정 배타 근거를 확인하지 못함,GOV;ITEM;LOCAL;LOCAL_EXEC;NATIONAL
v7,v10,고시금액 미만 지역제한 인접 확대,중기간 경쟁제품 입찰 직생 없음,N,고정 배타 근거 미확인,구체적 사실·예외에 따라 판정; 공존의 보편적 보장이 아님,검토한 항목 정의·관련 조문에서 동일 판정 단위의 고정 배타 근거를 확인하지 못함,DIRECT;ITEM;LOCAL;LOCAL_EXEC;NATIONAL;PROC;PRODUCTS;PRODUCTS_CSV;PRODUCTS_HWPX
v7,v11,고시금액 미만 지역제한 인접 확대,중기간 경쟁제품 입찰 중소 없음,N,고정 배타 근거 미확인,구체적 사실·예외에 따라 판정; 공존의 보편적 보장이 아님,검토한 항목 정의·관련 조문에서 동일 판정 단위의 고정 배타 근거를 확인하지 못함,DIRECT;ITEM;LOCAL;LOCAL_EXEC;NATIONAL;PROC;PRODUCTS;PRODUCTS_CSV;PRODUCTS_HWPX
v7,v12,고시금액 미만 지역제한 인접 확대,일반제품 직생 제한,N,고정 배타 근거 미확인,구체적 사실·예외에 따라 판정; 공존의 보편적 보장이 아님,검토한 항목 정의·관련 조문에서 동일 판정 단위의 고정 배타 근거를 확인하지 못함,DIRECT;ITEM;LOCAL;LOCAL_DECREE;LOCAL_EXEC;NATIONAL;NATIONAL_DECREE;PRODUCTS;PRODUCTS_CSV;PRODUCTS_HWPX
v7,v13,고시금액 미만 지역제한 인접 확대,"중기간 경쟁제품 소기업, 소상공인 제한",N,고정 배타 근거 미확인,구체적 사실·예외에 따라 판정; 공존의 보편적 보장이 아님,검토한 항목 정의·관련 조문에서 동일 판정 단위의 고정 배타 근거를 확인하지 못함,DIRECT;ITEM;LOCAL;LOCAL_EXEC;NATIONAL;PRODUCTS;PRODUCTS_CSV;PRODUCTS_HWPX
v7,v14,고시금액 미만 지역제한 인접 확대,고시금액 이상 일반물품 중소기업 제한,Q,지역제한 상한 조건 충족 시 배타,동일 대상·금액 범위·자격 적용범위·문서 버전·시점; 항목표의 적용분기 유지; 예외 검토; R ≤ T,P < R ≤ T와 P ≥ T가 모순,ITEM;NATIONAL;LOCAL;GOV;PROC;T
v7,v15,고시금액 미만 지역제한 인접 확대,1억 이상- 고시금액미만 소기업 제한,N,고정 배타 근거 미확인,구체적 사실·예외에 따라 판정; 공존의 보편적 보장이 아님,검토한 항목 정의·관련 조문에서 동일 판정 단위의 고정 배타 근거를 확인하지 못함,ITEM;LOCAL;LOCAL_EXEC;NATIONAL;PROC;T
v7,v16,고시금액 미만 지역제한 인접 확대,1억 이상- 고시금액미만 중소기업 제한 없음,N,고정 배타 근거 미확인,구체적 사실·예외에 따라 판정; 공존의 보편적 보장이 아님,검토한 항목 정의·관련 조문에서 동일 판정 단위의 고정 배타 근거를 확인하지 못함,ITEM;LOCAL;LOCAL_EXEC;NATIONAL;PROC;T
v7,v17,고시금액 미만 지역제한 인접 확대,1억원 미만 일반물품 중소기업 제한,N,고정 배타 근거 미확인,구체적 사실·예외에 따라 판정; 공존의 보편적 보장이 아님,검토한 항목 정의·관련 조문에서 동일 판정 단위의 고정 배타 근거를 확인하지 못함,ITEM;LOCAL;LOCAL_EXEC;NATIONAL;PROC
v7,v18,고시금액 미만 지역제한 인접 확대,1억원 미만 일반물품 소기업 제한 없음,N,고정 배타 근거 미확인,구체적 사실·예외에 따라 판정; 공존의 보편적 보장이 아님,검토한 항목 정의·관련 조문에서 동일 판정 단위의 고정 배타 근거를 확인하지 못함,CJH17;CJH18;DRAFT;ITEM;LOCAL;LOCAL_EXEC;NATIONAL;PROC
v7,v19,고시금액 미만 지역제한 인접 확대,물품공급 확약서 입찰 시 제출,N,고정 배타 근거 미확인,구체적 사실·예외에 따라 판정; 공존의 보편적 보장이 아님,검토한 항목 정의·관련 조문에서 동일 판정 단위의 고정 배타 근거를 확인하지 못함,GOV;ITEM;LOCAL;LOCAL_EXEC;NATIONAL
v7,v20,고시금액 미만 지역제한 인접 확대,입찰참가자격 (SW),N,고정 배타 근거 미확인,구체적 사실·예외에 따라 판정; 공존의 보편적 보장이 아님,SW 참여제한 적용·근거 명시와 다른 자격·의무는 별도 사실; 적법한 SW 제한이 다른 항목의 예외가 되는지는 개별 검토,ITEM;LOCAL;LOCAL_EXEC;NATIONAL;SW;SW_GUIDE
v7,v21,고시금액 미만 지역제한 인접 확대,공동 5% (10%),N,고정 배타 근거 미확인,구체적 사실·예외에 따라 판정; 공존의 보편적 보장이 아님,검토한 항목 정의·관련 조문에서 동일 판정 단위의 고정 배타 근거를 확인하지 못함,ITEM;JOINT;LOCAL;LOCAL_EXEC;NATIONAL
v7,v22,고시금액 미만 지역제한 인접 확대,현장설명회 참석업체 (자격으로 제한 여부) * 계약방법 협상만 적용,N,고정 배타 근거 미확인,구체적 사실·예외에 따라 판정; 공존의 보편적 보장이 아님,검토한 항목 정의·관련 조문에서 동일 판정 단위의 고정 배타 근거를 확인하지 못함,ITEM;LOCAL;LOCAL_DECREE;LOCAL_EXEC;NATIONAL;NATIONAL_DECREE
v7,v23,고시금액 미만 지역제한 인접 확대,현장설명회 (공고기간) * 계약방법 협상 + 계약법 지방만 적용,N,고정 배타 근거 미확인,구체적 사실·예외에 따라 판정; 공존의 보편적 보장이 아님,검토한 항목 정의·관련 조문에서 동일 판정 단위의 고정 배타 근거를 확인하지 못함,BRIEF;ITEM;LOCAL;LOCAL_DECREE;LOCAL_EXEC;NATIONAL
v7,v24,고시금액 미만 지역제한 인접 확대,공고서와 나라장터 입력값 상이,N,고정 배타 근거 미확인,구체적 사실·예외에 따라 판정; 공존의 보편적 보장이 아님,문서·메타 불일치와 해당 항목의 법령 위반은 별도 판단; 고정 배타·함의 없음,ITEM;LOCAL;LOCAL_EXEC;NATIONAL
v8,v9,중복제한 (실적+지역),과업지시서 특정 모델명 명시,N,고정 배타 근거 미확인,구체적 사실·예외에 따라 판정; 공존의 보편적 보장이 아님,검토한 항목 정의·관련 조문에서 동일 판정 단위의 고정 배타 근거를 확인하지 못함,GOV;ITEM;LOCAL;LOCAL_EXEC;NATIONAL
v8,v10,중복제한 (실적+지역),중기간 경쟁제품 입찰 직생 없음,N,고정 배타 근거 미확인,구체적 사실·예외에 따라 판정; 공존의 보편적 보장이 아님,검토한 항목 정의·관련 조문에서 동일 판정 단위의 고정 배타 근거를 확인하지 못함,DIRECT;ITEM;LOCAL;LOCAL_EXEC;NATIONAL;PROC;PRODUCTS;PRODUCTS_CSV;PRODUCTS_HWPX
v8,v11,중복제한 (실적+지역),중기간 경쟁제품 입찰 중소 없음,N,고정 배타 근거 미확인,구체적 사실·예외에 따라 판정; 공존의 보편적 보장이 아님,검토한 항목 정의·관련 조문에서 동일 판정 단위의 고정 배타 근거를 확인하지 못함,DIRECT;ITEM;LOCAL;LOCAL_EXEC;NATIONAL;PROC;PRODUCTS;PRODUCTS_CSV;PRODUCTS_HWPX
v8,v12,중복제한 (실적+지역),일반제품 직생 제한,N,고정 배타 근거 미확인,구체적 사실·예외에 따라 판정; 공존의 보편적 보장이 아님,검토한 항목 정의·관련 조문에서 동일 판정 단위의 고정 배타 근거를 확인하지 못함,DIRECT;ITEM;LOCAL;LOCAL_DECREE;LOCAL_EXEC;NATIONAL;NATIONAL_DECREE;PRODUCTS;PRODUCTS_CSV;PRODUCTS_HWPX
v8,v13,중복제한 (실적+지역),"중기간 경쟁제품 소기업, 소상공인 제한",N,고정 배타 근거 미확인,구체적 사실·예외에 따라 판정; 공존의 보편적 보장이 아님,검토한 항목 정의·관련 조문에서 동일 판정 단위의 고정 배타 근거를 확인하지 못함,DIRECT;ITEM;LOCAL;LOCAL_EXEC;NATIONAL;PRODUCTS;PRODUCTS_CSV;PRODUCTS_HWPX
v8,v14,중복제한 (실적+지역),고시금액 이상 일반물품 중소기업 제한,N,고정 배타 근거 미확인,구체적 사실·예외에 따라 판정; 공존의 보편적 보장이 아님,검토한 항목 정의·관련 조문에서 동일 판정 단위의 고정 배타 근거를 확인하지 못함,ITEM;LOCAL;LOCAL_EXEC;NATIONAL;PROC;T
v8,v15,중복제한 (실적+지역),1억 이상- 고시금액미만 소기업 제한,N,고정 배타 근거 미확인,구체적 사실·예외에 따라 판정; 공존의 보편적 보장이 아님,검토한 항목 정의·관련 조문에서 동일 판정 단위의 고정 배타 근거를 확인하지 못함,ITEM;LOCAL;LOCAL_EXEC;NATIONAL;PROC;T
v8,v16,중복제한 (실적+지역),1억 이상- 고시금액미만 중소기업 제한 없음,N,고정 배타 근거 미확인,구체적 사실·예외에 따라 판정; 공존의 보편적 보장이 아님,검토한 항목 정의·관련 조문에서 동일 판정 단위의 고정 배타 근거를 확인하지 못함,ITEM;LOCAL;LOCAL_EXEC;NATIONAL;PROC;T
v8,v17,중복제한 (실적+지역),1억원 미만 일반물품 중소기업 제한,N,고정 배타 근거 미확인,구체적 사실·예외에 따라 판정; 공존의 보편적 보장이 아님,검토한 항목 정의·관련 조문에서 동일 판정 단위의 고정 배타 근거를 확인하지 못함,ITEM;LOCAL;LOCAL_EXEC;NATIONAL;PROC
v8,v18,중복제한 (실적+지역),1억원 미만 일반물품 소기업 제한 없음,N,고정 배타 근거 미확인,구체적 사실·예외에 따라 판정; 공존의 보편적 보장이 아님,검토한 항목 정의·관련 조문에서 동일 판정 단위의 고정 배타 근거를 확인하지 못함,CJH17;CJH18;DRAFT;ITEM;LOCAL;LOCAL_EXEC;NATIONAL;PROC
v8,v19,중복제한 (실적+지역),물품공급 확약서 입찰 시 제출,N,고정 배타 근거 미확인,구체적 사실·예외에 따라 판정; 공존의 보편적 보장이 아님,검토한 항목 정의·관련 조문에서 동일 판정 단위의 고정 배타 근거를 확인하지 못함,GOV;ITEM;LOCAL;LOCAL_EXEC;NATIONAL
v8,v20,중복제한 (실적+지역),입찰참가자격 (SW),N,고정 배타 근거 미확인,구체적 사실·예외에 따라 판정; 공존의 보편적 보장이 아님,SW 참여제한 적용·근거 명시와 다른 자격·의무는 별도 사실; 적법한 SW 제한이 다른 항목의 예외가 되는지는 개별 검토,ITEM;LOCAL;LOCAL_EXEC;NATIONAL;SW;SW_GUIDE
v8,v21,중복제한 (실적+지역),공동 5% (10%),N,고정 배타 근거 미확인,구체적 사실·예외에 따라 판정; 공존의 보편적 보장이 아님,검토한 항목 정의·관련 조문에서 동일 판정 단위의 고정 배타 근거를 확인하지 못함,ITEM;JOINT;LOCAL;LOCAL_EXEC;NATIONAL
v8,v22,중복제한 (실적+지역),현장설명회 참석업체 (자격으로 제한 여부) * 계약방법 협상만 적용,N,고정 배타 근거 미확인,구체적 사실·예외에 따라 판정; 공존의 보편적 보장이 아님,검토한 항목 정의·관련 조문에서 동일 판정 단위의 고정 배타 근거를 확인하지 못함,ITEM;LOCAL;LOCAL_DECREE;LOCAL_EXEC;NATIONAL;NATIONAL_DECREE
v8,v23,중복제한 (실적+지역),현장설명회 (공고기간) * 계약방법 협상 + 계약법 지방만 적용,N,고정 배타 근거 미확인,구체적 사실·예외에 따라 판정; 공존의 보편적 보장이 아님,검토한 항목 정의·관련 조문에서 동일 판정 단위의 고정 배타 근거를 확인하지 못함,BRIEF;ITEM;LOCAL;LOCAL_DECREE;LOCAL_EXEC;NATIONAL
v8,v24,중복제한 (실적+지역),공고서와 나라장터 입력값 상이,N,고정 배타 근거 미확인,구체적 사실·예외에 따라 판정; 공존의 보편적 보장이 아님,문서·메타 불일치와 해당 항목의 법령 위반은 별도 판단; 고정 배타·함의 없음,ITEM;LOCAL;LOCAL_EXEC;NATIONAL
v9,v10,과업지시서 특정 모델명 명시,중기간 경쟁제품 입찰 직생 없음,N,고정 배타 근거 미확인,구체적 사실·예외에 따라 판정; 공존의 보편적 보장이 아님,검토한 항목 정의·관련 조문에서 동일 판정 단위의 고정 배타 근거를 확인하지 못함,DIRECT;GOV;ITEM;LOCAL_EXEC;PROC;PRODUCTS;PRODUCTS_CSV;PRODUCTS_HWPX
v9,v11,과업지시서 특정 모델명 명시,중기간 경쟁제품 입찰 중소 없음,N,고정 배타 근거 미확인,구체적 사실·예외에 따라 판정; 공존의 보편적 보장이 아님,검토한 항목 정의·관련 조문에서 동일 판정 단위의 고정 배타 근거를 확인하지 못함,DIRECT;GOV;ITEM;LOCAL_EXEC;PROC;PRODUCTS;PRODUCTS_CSV;PRODUCTS_HWPX
v9,v12,과업지시서 특정 모델명 명시,일반제품 직생 제한,N,고정 배타 근거 미확인,구체적 사실·예외에 따라 판정; 공존의 보편적 보장이 아님,검토한 항목 정의·관련 조문에서 동일 판정 단위의 고정 배타 근거를 확인하지 못함,DIRECT;GOV;ITEM;LOCAL_DECREE;LOCAL_EXEC;NATIONAL_DECREE;PRODUCTS;PRODUCTS_CSV;PRODUCTS_HWPX
v9,v13,과업지시서 특정 모델명 명시,"중기간 경쟁제품 소기업, 소상공인 제한",N,고정 배타 근거 미확인,구체적 사실·예외에 따라 판정; 공존의 보편적 보장이 아님,검토한 항목 정의·관련 조문에서 동일 판정 단위의 고정 배타 근거를 확인하지 못함,DIRECT;GOV;ITEM;LOCAL_EXEC;PRODUCTS;PRODUCTS_CSV;PRODUCTS_HWPX
v9,v14,과업지시서 특정 모델명 명시,고시금액 이상 일반물품 중소기업 제한,N,고정 배타 근거 미확인,구체적 사실·예외에 따라 판정; 공존의 보편적 보장이 아님,검토한 항목 정의·관련 조문에서 동일 판정 단위의 고정 배타 근거를 확인하지 못함,GOV;ITEM;LOCAL_EXEC;PROC;T
v9,v15,과업지시서 특정 모델명 명시,1억 이상- 고시금액미만 소기업 제한,N,고정 배타 근거 미확인,구체적 사실·예외에 따라 판정; 공존의 보편적 보장이 아님,검토한 항목 정의·관련 조문에서 동일 판정 단위의 고정 배타 근거를 확인하지 못함,GOV;ITEM;LOCAL_EXEC;PROC;T
v9,v16,과업지시서 특정 모델명 명시,1억 이상- 고시금액미만 중소기업 제한 없음,N,고정 배타 근거 미확인,구체적 사실·예외에 따라 판정; 공존의 보편적 보장이 아님,검토한 항목 정의·관련 조문에서 동일 판정 단위의 고정 배타 근거를 확인하지 못함,GOV;ITEM;LOCAL_EXEC;PROC;T
v9,v17,과업지시서 특정 모델명 명시,1억원 미만 일반물품 중소기업 제한,N,고정 배타 근거 미확인,구체적 사실·예외에 따라 판정; 공존의 보편적 보장이 아님,검토한 항목 정의·관련 조문에서 동일 판정 단위의 고정 배타 근거를 확인하지 못함,GOV;ITEM;LOCAL_EXEC;PROC
v9,v18,과업지시서 특정 모델명 명시,1억원 미만 일반물품 소기업 제한 없음,N,고정 배타 근거 미확인,구체적 사실·예외에 따라 판정; 공존의 보편적 보장이 아님,검토한 항목 정의·관련 조문에서 동일 판정 단위의 고정 배타 근거를 확인하지 못함,CJH17;CJH18;DRAFT;GOV;ITEM;LOCAL_EXEC;PROC
v9,v19,과업지시서 특정 모델명 명시,물품공급 확약서 입찰 시 제출,N,고정 배타 근거 미확인,구체적 사실·예외에 따라 판정; 공존의 보편적 보장이 아님,특정 모델 강제와 입찰 전 제조사 확약 요구가 함께 있을 수 있음,GOV;ITEM;LOCAL;LOCAL_EXEC;NATIONAL
v9,v20,과업지시서 특정 모델명 명시,입찰참가자격 (SW),N,고정 배타 근거 미확인,구체적 사실·예외에 따라 판정; 공존의 보편적 보장이 아님,SW 참여제한 적용·근거 명시와 다른 자격·의무는 별도 사실; 적법한 SW 제한이 다른 항목의 예외가 되는지는 개별 검토,GOV;ITEM;LOCAL_EXEC;SW;SW_GUIDE
v9,v21,과업지시서 특정 모델명 명시,공동 5% (10%),N,고정 배타 근거 미확인,구체적 사실·예외에 따라 판정; 공존의 보편적 보장이 아님,검토한 항목 정의·관련 조문에서 동일 판정 단위의 고정 배타 근거를 확인하지 못함,GOV;ITEM;JOINT;LOCAL_EXEC
v9,v22,과업지시서 특정 모델명 명시,현장설명회 참석업체 (자격으로 제한 여부) * 계약방법 협상만 적용,N,고정 배타 근거 미확인,구체적 사실·예외에 따라 판정; 공존의 보편적 보장이 아님,검토한 항목 정의·관련 조문에서 동일 판정 단위의 고정 배타 근거를 확인하지 못함,GOV;ITEM;LOCAL_DECREE;LOCAL_EXEC;NATIONAL_DECREE
v9,v23,과업지시서 특정 모델명 명시,현장설명회 (공고기간) * 계약방법 협상 + 계약법 지방만 적용,N,고정 배타 근거 미확인,구체적 사실·예외에 따라 판정; 공존의 보편적 보장이 아님,검토한 항목 정의·관련 조문에서 동일 판정 단위의 고정 배타 근거를 확인하지 못함,BRIEF;GOV;ITEM;LOCAL_DECREE;LOCAL_EXEC
v9,v24,과업지시서 특정 모델명 명시,공고서와 나라장터 입력값 상이,N,고정 배타 근거 미확인,구체적 사실·예외에 따라 판정; 공존의 보편적 보장이 아님,문서·메타 불일치와 해당 항목의 법령 위반은 별도 판단; 고정 배타·함의 없음,GOV;ITEM;LOCAL_EXEC
v10,v11,중기간 경쟁제품 입찰 직생 없음,중기간 경쟁제품 입찰 중소 없음,N,고정 배타 근거 미확인,구체적 사실·예외에 따라 판정; 공존의 보편적 보장이 아님,직접생산 요건과 기업 규모 자격이 모두 누락될 수 있음,DIRECT;ITEM;PROC;PRODUCTS;PRODUCTS_CSV;PRODUCTS_HWPX
v10,v12,중기간 경쟁제품 입찰 직생 없음,일반제품 직생 제한,E,동일 판정 단위에서 배타,동일 대상·금액 범위·자격 적용범위·문서 버전·시점; 항목표의 적용분기 유지; 예외 검토,동일 대상이 경쟁제품과 비경쟁 일반제품일 수 없음,ITEM;DIRECT;PROC;PRODUCTS;PRODUCTS_CSV;PRODUCTS_HWPX
v10,v13,중기간 경쟁제품 입찰 직생 없음,"중기간 경쟁제품 소기업, 소상공인 제한",N,고정 배타 근거 미확인,구체적 사실·예외에 따라 판정; 공존의 보편적 보장이 아님,직접생산 요건을 누락하면서 소기업만 부당하게 허용할 수 있음,DIRECT;ITEM;PROC;PRODUCTS;PRODUCTS_CSV;PRODUCTS_HWPX
v10,v14,중기간 경쟁제품 입찰 직생 없음,고시금액 이상 일반물품 중소기업 제한,E,동일 판정 단위에서 배타,동일 대상·금액 범위·자격 적용범위·문서 버전·시점; 항목표의 적용분기 유지; 예외 검토,동일 대상이 경쟁제품과 비경쟁 일반제품일 수 없음,ITEM;DIRECT;PROC;PRODUCTS;PRODUCTS_CSV;PRODUCTS_HWPX
v10,v15,중기간 경쟁제품 입찰 직생 없음,1억 이상- 고시금액미만 소기업 제한,E,동일 판정 단위에서 배타,동일 대상·금액 범위·자격 적용범위·문서 버전·시점; 항목표의 적용분기 유지; 예외 검토,동일 대상이 경쟁제품과 비경쟁 일반제품일 수 없음,ITEM;DIRECT;PROC;PRODUCTS;PRODUCTS_CSV;PRODUCTS_HWPX
v10,v16,중기간 경쟁제품 입찰 직생 없음,1억 이상- 고시금액미만 중소기업 제한 없음,E,동일 판정 단위에서 배타,동일 대상·금액 범위·자격 적용범위·문서 버전·시점; 항목표의 적용분기 유지; 예외 검토,동일 대상이 경쟁제품과 비경쟁 일반제품일 수 없음,ITEM;DIRECT;PROC;PRODUCTS;PRODUCTS_CSV;PRODUCTS_HWPX
v10,v17,중기간 경쟁제품 입찰 직생 없음,1억원 미만 일반물품 중소기업 제한,E,동일 판정 단위에서 배타,동일 대상·금액 범위·자격 적용범위·문서 버전·시점; 항목표의 적용분기 유지; 예외 검토,동일 대상이 경쟁제품과 비경쟁 일반제품일 수 없음,ITEM;DIRECT;PROC;PRODUCTS;PRODUCTS_CSV;PRODUCTS_HWPX
v10,v18,중기간 경쟁제품 입찰 직생 없음,1억원 미만 일반물품 소기업 제한 없음,E,동일 판정 단위에서 배타,동일 대상·금액 범위·자격 적용범위·문서 버전·시점; 항목표의 적용분기 유지; 예외 검토,동일 대상이 경쟁제품과 비경쟁 일반제품일 수 없음,ITEM;DIRECT;PROC;PRODUCTS;PRODUCTS_CSV;PRODUCTS_HWPX
v10,v19,중기간 경쟁제품 입찰 직생 없음,물품공급 확약서 입찰 시 제출,N,고정 배타 근거 미확인,구체적 사실·예외에 따라 판정; 공존의 보편적 보장이 아님,검토한 항목 정의·관련 조문에서 동일 판정 단위의 고정 배타 근거를 확인하지 못함,DIRECT;GOV;ITEM;LOCAL;LOCAL_EXEC;NATIONAL;PROC;PRODUCTS;PRODUCTS_CSV;PRODUCTS_HWPX
v10,v20,중기간 경쟁제품 입찰 직생 없음,입찰참가자격 (SW),N,고정 배타 근거 미확인,구체적 사실·예외에 따라 판정; 공존의 보편적 보장이 아님,SW 참여제한 적용·근거 명시와 다른 자격·의무는 별도 사실; 적법한 SW 제한이 다른 항목의 예외가 되는지는 개별 검토,DIRECT;ITEM;PROC;PRODUCTS;PRODUCTS_CSV;PRODUCTS_HWPX;SW;SW_GUIDE
v10,v21,중기간 경쟁제품 입찰 직생 없음,공동 5% (10%),N,고정 배타 근거 미확인,구체적 사실·예외에 따라 판정; 공존의 보편적 보장이 아님,검토한 항목 정의·관련 조문에서 동일 판정 단위의 고정 배타 근거를 확인하지 못함,DIRECT;ITEM;JOINT;LOCAL_EXEC;PROC;PRODUCTS;PRODUCTS_CSV;PRODUCTS_HWPX
v10,v22,중기간 경쟁제품 입찰 직생 없음,현장설명회 참석업체 (자격으로 제한 여부) * 계약방법 협상만 적용,N,고정 배타 근거 미확인,구체적 사실·예외에 따라 판정; 공존의 보편적 보장이 아님,검토한 항목 정의·관련 조문에서 동일 판정 단위의 고정 배타 근거를 확인하지 못함,DIRECT;ITEM;LOCAL_DECREE;LOCAL_EXEC;NATIONAL_DECREE;PROC;PRODUCTS;PRODUCTS_CSV;PRODUCTS_HWPX
v10,v23,중기간 경쟁제품 입찰 직생 없음,현장설명회 (공고기간) * 계약방법 협상 + 계약법 지방만 적용,N,고정 배타 근거 미확인,구체적 사실·예외에 따라 판정; 공존의 보편적 보장이 아님,검토한 항목 정의·관련 조문에서 동일 판정 단위의 고정 배타 근거를 확인하지 못함,BRIEF;DIRECT;ITEM;LOCAL_DECREE;PROC;PRODUCTS;PRODUCTS_CSV;PRODUCTS_HWPX
v10,v24,중기간 경쟁제품 입찰 직생 없음,공고서와 나라장터 입력값 상이,N,고정 배타 근거 미확인,구체적 사실·예외에 따라 판정; 공존의 보편적 보장이 아님,문서·메타 불일치와 해당 항목의 법령 위반은 별도 판단; 고정 배타·함의 없음,DIRECT;ITEM;PROC;PRODUCTS;PRODUCTS_CSV;PRODUCTS_HWPX
v11,v12,중기간 경쟁제품 입찰 중소 없음,일반제품 직생 제한,E,동일 판정 단위에서 배타,동일 대상·금액 범위·자격 적용범위·문서 버전·시점; 항목표의 적용분기 유지; 예외 검토,동일 대상이 경쟁제품과 비경쟁 일반제품일 수 없음,ITEM;DIRECT;PROC;PRODUCTS;PRODUCTS_CSV;PRODUCTS_HWPX
v11,v13,중기간 경쟁제품 입찰 중소 없음,"중기간 경쟁제품 소기업, 소상공인 제한",E,동일 판정 단위에서 배타,동일 대상·금액 범위·자격 적용범위·문서 버전·시점; 항목표의 적용분기 유지; 예외 검토; 단어의 부재가 아닌 실질적인 자격의 부재,소기업·소상공인만 허용하면 중소기업 범주로 제한하는 요건이 부재하지 않음,ITEM;SIZE;MICRO;DIRECT
v11,v14,중기간 경쟁제품 입찰 중소 없음,고시금액 이상 일반물품 중소기업 제한,E,동일 판정 단위에서 배타,동일 대상·금액 범위·자격 적용범위·문서 버전·시점; 항목표의 적용분기 유지; 예외 검토,동일 대상이 경쟁제품과 비경쟁 일반제품일 수 없음,ITEM;DIRECT;PROC;PRODUCTS;PRODUCTS_CSV;PRODUCTS_HWPX
v11,v15,중기간 경쟁제품 입찰 중소 없음,1억 이상- 고시금액미만 소기업 제한,E,동일 판정 단위에서 배타,동일 대상·금액 범위·자격 적용범위·문서 버전·시점; 항목표의 적용분기 유지; 예외 검토,동일 대상이 경쟁제품과 비경쟁 일반제품일 수 없음,ITEM;DIRECT;PROC;PRODUCTS;PRODUCTS_CSV;PRODUCTS_HWPX
v11,v16,중기간 경쟁제품 입찰 중소 없음,1억 이상- 고시금액미만 중소기업 제한 없음,E,동일 판정 단위에서 배타,동일 대상·금액 범위·자격 적용범위·문서 버전·시점; 항목표의 적용분기 유지; 예외 검토,동일 대상이 경쟁제품과 비경쟁 일반제품일 수 없음,ITEM;DIRECT;PROC;PRODUCTS;PRODUCTS_CSV;PRODUCTS_HWPX
v11,v17,중기간 경쟁제품 입찰 중소 없음,1억원 미만 일반물품 중소기업 제한,E,동일 판정 단위에서 배타,동일 대상·금액 범위·자격 적용범위·문서 버전·시점; 항목표의 적용분기 유지; 예외 검토,동일 대상이 경쟁제품과 비경쟁 일반제품일 수 없음,ITEM;DIRECT;PROC;PRODUCTS;PRODUCTS_CSV;PRODUCTS_HWPX
v11,v18,중기간 경쟁제품 입찰 중소 없음,1억원 미만 일반물품 소기업 제한 없음,E,동일 판정 단위에서 배타,동일 대상·금액 범위·자격 적용범위·문서 버전·시점; 항목표의 적용분기 유지; 예외 검토,동일 대상이 경쟁제품과 비경쟁 일반제품일 수 없음,ITEM;DIRECT;PROC;PRODUCTS;PRODUCTS_CSV;PRODUCTS_HWPX
v11,v19,중기간 경쟁제품 입찰 중소 없음,물품공급 확약서 입찰 시 제출,N,고정 배타 근거 미확인,구체적 사실·예외에 따라 판정; 공존의 보편적 보장이 아님,검토한 항목 정의·관련 조문에서 동일 판정 단위의 고정 배타 근거를 확인하지 못함,DIRECT;GOV;ITEM;LOCAL;LOCAL_EXEC;NATIONAL;PROC;PRODUCTS;PRODUCTS_CSV;PRODUCTS_HWPX
v11,v20,중기간 경쟁제품 입찰 중소 없음,입찰참가자격 (SW),N,고정 배타 근거 미확인,구체적 사실·예외에 따라 판정; 공존의 보편적 보장이 아님,SW 참여제한 적용·근거 명시와 다른 자격·의무는 별도 사실; 적법한 SW 제한이 다른 항목의 예외가 되는지는 개별 검토,DIRECT;ITEM;PROC;PRODUCTS;PRODUCTS_CSV;PRODUCTS_HWPX;SW;SW_GUIDE
v11,v21,중기간 경쟁제품 입찰 중소 없음,공동 5% (10%),N,고정 배타 근거 미확인,구체적 사실·예외에 따라 판정; 공존의 보편적 보장이 아님,검토한 항목 정의·관련 조문에서 동일 판정 단위의 고정 배타 근거를 확인하지 못함,DIRECT;ITEM;JOINT;LOCAL_EXEC;PROC;PRODUCTS;PRODUCTS_CSV;PRODUCTS_HWPX
v11,v22,중기간 경쟁제품 입찰 중소 없음,현장설명회 참석업체 (자격으로 제한 여부) * 계약방법 협상만 적용,N,고정 배타 근거 미확인,구체적 사실·예외에 따라 판정; 공존의 보편적 보장이 아님,검토한 항목 정의·관련 조문에서 동일 판정 단위의 고정 배타 근거를 확인하지 못함,DIRECT;ITEM;LOCAL_DECREE;LOCAL_EXEC;NATIONAL_DECREE;PROC;PRODUCTS;PRODUCTS_CSV;PRODUCTS_HWPX
v11,v23,중기간 경쟁제품 입찰 중소 없음,현장설명회 (공고기간) * 계약방법 협상 + 계약법 지방만 적용,N,고정 배타 근거 미확인,구체적 사실·예외에 따라 판정; 공존의 보편적 보장이 아님,검토한 항목 정의·관련 조문에서 동일 판정 단위의 고정 배타 근거를 확인하지 못함,BRIEF;DIRECT;ITEM;LOCAL_DECREE;PROC;PRODUCTS;PRODUCTS_CSV;PRODUCTS_HWPX
v11,v24,중기간 경쟁제품 입찰 중소 없음,공고서와 나라장터 입력값 상이,N,고정 배타 근거 미확인,구체적 사실·예외에 따라 판정; 공존의 보편적 보장이 아님,문서·메타 불일치와 해당 항목의 법령 위반은 별도 판단; 고정 배타·함의 없음,DIRECT;ITEM;PROC;PRODUCTS;PRODUCTS_CSV;PRODUCTS_HWPX
v12,v13,일반제품 직생 제한,"중기간 경쟁제품 소기업, 소상공인 제한",E,동일 판정 단위에서 배타,동일 대상·금액 범위·자격 적용범위·문서 버전·시점; 항목표의 적용분기 유지; 예외 검토,동일 대상이 경쟁제품과 비경쟁 일반제품일 수 없음,ITEM;DIRECT;PROC;PRODUCTS;PRODUCTS_CSV;PRODUCTS_HWPX
v12,v14,일반제품 직생 제한,고시금액 이상 일반물품 중소기업 제한,N,고정 배타 근거 미확인,구체적 사실·예외에 따라 판정; 공존의 보편적 보장이 아님,검토한 항목 정의·관련 조문에서 동일 판정 단위의 고정 배타 근거를 확인하지 못함,DIRECT;ITEM;LOCAL_DECREE;NATIONAL_DECREE;PROC;PRODUCTS;PRODUCTS_CSV;PRODUCTS_HWPX;T
v12,v15,일반제품 직생 제한,1억 이상- 고시금액미만 소기업 제한,N,고정 배타 근거 미확인,구체적 사실·예외에 따라 판정; 공존의 보편적 보장이 아님,검토한 항목 정의·관련 조문에서 동일 판정 단위의 고정 배타 근거를 확인하지 못함,DIRECT;ITEM;LOCAL_DECREE;NATIONAL_DECREE;PROC;PRODUCTS;PRODUCTS_CSV;PRODUCTS_HWPX;T
v12,v16,일반제품 직생 제한,1억 이상- 고시금액미만 중소기업 제한 없음,N,고정 배타 근거 미확인,구체적 사실·예외에 따라 판정; 공존의 보편적 보장이 아님,검토한 항목 정의·관련 조문에서 동일 판정 단위의 고정 배타 근거를 확인하지 못함,DIRECT;ITEM;LOCAL_DECREE;NATIONAL_DECREE;PROC;PRODUCTS;PRODUCTS_CSV;PRODUCTS_HWPX;T
v12,v17,일반제품 직생 제한,1억원 미만 일반물품 중소기업 제한,N,고정 배타 근거 미확인,구체적 사실·예외에 따라 판정; 공존의 보편적 보장이 아님,검토한 항목 정의·관련 조문에서 동일 판정 단위의 고정 배타 근거를 확인하지 못함,DIRECT;ITEM;LOCAL_DECREE;NATIONAL_DECREE;PROC;PRODUCTS;PRODUCTS_CSV;PRODUCTS_HWPX
v12,v18,일반제품 직생 제한,1억원 미만 일반물품 소기업 제한 없음,N,고정 배타 근거 미확인,구체적 사실·예외에 따라 판정; 공존의 보편적 보장이 아님,검토한 항목 정의·관련 조문에서 동일 판정 단위의 고정 배타 근거를 확인하지 못함,CJH17;CJH18;DIRECT;DRAFT;ITEM;LOCAL_DECREE;NATIONAL_DECREE;PROC;PRODUCTS;PRODUCTS_CSV;PRODUCTS_HWPX
v12,v19,일반제품 직생 제한,물품공급 확약서 입찰 시 제출,N,고정 배타 근거 미확인,구체적 사실·예외에 따라 판정; 공존의 보편적 보장이 아님,검토한 항목 정의·관련 조문에서 동일 판정 단위의 고정 배타 근거를 확인하지 못함,DIRECT;GOV;ITEM;LOCAL;LOCAL_DECREE;LOCAL_EXEC;NATIONAL;NATIONAL_DECREE;PRODUCTS;PRODUCTS_CSV;PRODUCTS_HWPX
v12,v20,일반제품 직생 제한,입찰참가자격 (SW),N,고정 배타 근거 미확인,구체적 사실·예외에 따라 판정; 공존의 보편적 보장이 아님,SW 참여제한 적용·근거 명시와 다른 자격·의무는 별도 사실; 적법한 SW 제한이 다른 항목의 예외가 되는지는 개별 검토,DIRECT;ITEM;LOCAL_DECREE;NATIONAL_DECREE;PRODUCTS;PRODUCTS_CSV;PRODUCTS_HWPX;SW;SW_GUIDE
v12,v21,일반제품 직생 제한,공동 5% (10%),N,고정 배타 근거 미확인,구체적 사실·예외에 따라 판정; 공존의 보편적 보장이 아님,검토한 항목 정의·관련 조문에서 동일 판정 단위의 고정 배타 근거를 확인하지 못함,DIRECT;ITEM;JOINT;LOCAL_DECREE;LOCAL_EXEC;NATIONAL_DECREE;PRODUCTS;PRODUCTS_CSV;PRODUCTS_HWPX
v12,v22,일반제품 직생 제한,현장설명회 참석업체 (자격으로 제한 여부) * 계약방법 협상만 적용,N,고정 배타 근거 미확인,구체적 사실·예외에 따라 판정; 공존의 보편적 보장이 아님,검토한 항목 정의·관련 조문에서 동일 판정 단위의 고정 배타 근거를 확인하지 못함,DIRECT;ITEM;LOCAL_DECREE;LOCAL_EXEC;NATIONAL_DECREE;PRODUCTS;PRODUCTS_CSV;PRODUCTS_HWPX
v12,v23,일반제품 직생 제한,현장설명회 (공고기간) * 계약방법 협상 + 계약법 지방만 적용,N,고정 배타 근거 미확인,구체적 사실·예외에 따라 판정; 공존의 보편적 보장이 아님,검토한 항목 정의·관련 조문에서 동일 판정 단위의 고정 배타 근거를 확인하지 못함,BRIEF;DIRECT;ITEM;LOCAL_DECREE;NATIONAL_DECREE;PRODUCTS;PRODUCTS_CSV;PRODUCTS_HWPX
v12,v24,일반제품 직생 제한,공고서와 나라장터 입력값 상이,N,고정 배타 근거 미확인,구체적 사실·예외에 따라 판정; 공존의 보편적 보장이 아님,문서·메타 불일치와 해당 항목의 법령 위반은 별도 판단; 고정 배타·함의 없음,DIRECT;ITEM;LOCAL_DECREE;NATIONAL_DECREE;PRODUCTS;PRODUCTS_CSV;PRODUCTS_HWPX
v13,v14,"중기간 경쟁제품 소기업, 소상공인 제한",고시금액 이상 일반물품 중소기업 제한,E,동일 판정 단위에서 배타,동일 대상·금액 범위·자격 적용범위·문서 버전·시점; 항목표의 적용분기 유지; 예외 검토,동일 대상이 경쟁제품과 비경쟁 일반제품일 수 없음,ITEM;DIRECT;PROC;PRODUCTS;PRODUCTS_CSV;PRODUCTS_HWPX
v13,v15,"중기간 경쟁제품 소기업, 소상공인 제한",1억 이상- 고시금액미만 소기업 제한,E,동일 판정 단위에서 배타,동일 대상·금액 범위·자격 적용범위·문서 버전·시점; 항목표의 적용분기 유지; 예외 검토,동일 대상이 경쟁제품과 비경쟁 일반제품일 수 없음,ITEM;DIRECT;PROC;PRODUCTS;PRODUCTS_CSV;PRODUCTS_HWPX
v13,v16,"중기간 경쟁제품 소기업, 소상공인 제한",1억 이상- 고시금액미만 중소기업 제한 없음,E,동일 판정 단위에서 배타,동일 대상·금액 범위·자격 적용범위·문서 버전·시점; 항목표의 적용분기 유지; 예외 검토,동일 대상이 경쟁제품과 비경쟁 일반제품일 수 없음,ITEM;DIRECT;PROC;PRODUCTS;PRODUCTS_CSV;PRODUCTS_HWPX
v13,v17,"중기간 경쟁제품 소기업, 소상공인 제한",1억원 미만 일반물품 중소기업 제한,E,동일 판정 단위에서 배타,동일 대상·금액 범위·자격 적용범위·문서 버전·시점; 항목표의 적용분기 유지; 예외 검토,동일 대상이 경쟁제품과 비경쟁 일반제품일 수 없음,ITEM;DIRECT;PROC;PRODUCTS;PRODUCTS_CSV;PRODUCTS_HWPX
v13,v18,"중기간 경쟁제품 소기업, 소상공인 제한",1억원 미만 일반물품 소기업 제한 없음,E,동일 판정 단위에서 배타,동일 대상·금액 범위·자격 적용범위·문서 버전·시점; 항목표의 적용분기 유지; 예외 검토,동일 대상이 경쟁제품과 비경쟁 일반제품일 수 없음,ITEM;DIRECT;PROC;PRODUCTS;PRODUCTS_CSV;PRODUCTS_HWPX
v13,v19,"중기간 경쟁제품 소기업, 소상공인 제한",물품공급 확약서 입찰 시 제출,N,고정 배타 근거 미확인,구체적 사실·예외에 따라 판정; 공존의 보편적 보장이 아님,검토한 항목 정의·관련 조문에서 동일 판정 단위의 고정 배타 근거를 확인하지 못함,DIRECT;GOV;ITEM;LOCAL;LOCAL_EXEC;NATIONAL;PRODUCTS;PRODUCTS_CSV;PRODUCTS_HWPX
v13,v20,"중기간 경쟁제품 소기업, 소상공인 제한",입찰참가자격 (SW),N,고정 배타 근거 미확인,구체적 사실·예외에 따라 판정; 공존의 보편적 보장이 아님,SW 참여제한 적용·근거 명시와 다른 자격·의무는 별도 사실; 적법한 SW 제한이 다른 항목의 예외가 되는지는 개별 검토,DIRECT;ITEM;PRODUCTS;PRODUCTS_CSV;PRODUCTS_HWPX;SW;SW_GUIDE
v13,v21,"중기간 경쟁제품 소기업, 소상공인 제한",공동 5% (10%),N,고정 배타 근거 미확인,구체적 사실·예외에 따라 판정; 공존의 보편적 보장이 아님,검토한 항목 정의·관련 조문에서 동일 판정 단위의 고정 배타 근거를 확인하지 못함,DIRECT;ITEM;JOINT;LOCAL_EXEC;PRODUCTS;PRODUCTS_CSV;PRODUCTS_HWPX
v13,v22,"중기간 경쟁제품 소기업, 소상공인 제한",현장설명회 참석업체 (자격으로 제한 여부) * 계약방법 협상만 적용,N,고정 배타 근거 미확인,구체적 사실·예외에 따라 판정; 공존의 보편적 보장이 아님,검토한 항목 정의·관련 조문에서 동일 판정 단위의 고정 배타 근거를 확인하지 못함,DIRECT;ITEM;LOCAL_DECREE;LOCAL_EXEC;NATIONAL_DECREE;PRODUCTS;PRODUCTS_CSV;PRODUCTS_HWPX
v13,v23,"중기간 경쟁제품 소기업, 소상공인 제한",현장설명회 (공고기간) * 계약방법 협상 + 계약법 지방만 적용,N,고정 배타 근거 미확인,구체적 사실·예외에 따라 판정; 공존의 보편적 보장이 아님,검토한 항목 정의·관련 조문에서 동일 판정 단위의 고정 배타 근거를 확인하지 못함,BRIEF;DIRECT;ITEM;LOCAL_DECREE;PRODUCTS;PRODUCTS_CSV;PRODUCTS_HWPX
v13,v24,"중기간 경쟁제품 소기업, 소상공인 제한",공고서와 나라장터 입력값 상이,N,고정 배타 근거 미확인,구체적 사실·예외에 따라 판정; 공존의 보편적 보장이 아님,문서·메타 불일치와 해당 항목의 법령 위반은 별도 판단; 고정 배타·함의 없음,DIRECT;ITEM;PRODUCTS;PRODUCTS_CSV;PRODUCTS_HWPX
v14,v15,고시금액 이상 일반물품 중소기업 제한,1억 이상- 고시금액미만 소기업 제한,E,동일 판정 단위에서 배타,동일 대상·금액 범위·자격 적용범위·문서 버전·시점; 항목표의 적용분기 유지; 예외 검토; 물품·용역 T=2.3억원; v2/v4의 금액 분기 적용,P ≥ T와 P < T가 모순; v17·18은 P < 1억원 < T,ITEM;NATIONAL;LOCAL_DECREE;GOV;PROC;T
v14,v16,고시금액 이상 일반물품 중소기업 제한,1억 이상- 고시금액미만 중소기업 제한 없음,E,동일 판정 단위에서 배타,동일 대상·금액 범위·자격 적용범위·문서 버전·시점; 항목표의 적용분기 유지; 예외 검토; 물품·용역 T=2.3억원; v2/v4의 금액 분기 적용,P ≥ T와 P < T가 모순; v17·18은 P < 1억원 < T,ITEM;NATIONAL;LOCAL_DECREE;GOV;PROC;T
v14,v17,고시금액 이상 일반물품 중소기업 제한,1억원 미만 일반물품 중소기업 제한,E,동일 판정 단위에서 배타,동일 대상·금액 범위·자격 적용범위·문서 버전·시점; 항목표의 적용분기 유지; 예외 검토; 물품·용역 T=2.3억원; v2/v4의 금액 분기 적용,P ≥ T와 P < T가 모순; v17·18은 P < 1억원 < T,ITEM;NATIONAL;LOCAL_DECREE;GOV;PROC;T
v14,v18,고시금액 이상 일반물품 중소기업 제한,1억원 미만 일반물품 소기업 제한 없음,E,동일 판정 단위에서 배타,동일 대상·금액 범위·자격 적용범위·문서 버전·시점; 항목표의 적용분기 유지; 예외 검토; 물품·용역 T=2.3억원; v2/v4의 금액 분기 적용,P ≥ T와 P < T가 모순; v17·18은 P < 1억원 < T,ITEM;NATIONAL;LOCAL_DECREE;GOV;PROC;T
v14,v19,고시금액 이상 일반물품 중소기업 제한,물품공급 확약서 입찰 시 제출,N,고정 배타 근거 미확인,구체적 사실·예외에 따라 판정; 공존의 보편적 보장이 아님,검토한 항목 정의·관련 조문에서 동일 판정 단위의 고정 배타 근거를 확인하지 못함,GOV;ITEM;LOCAL;LOCAL_EXEC;NATIONAL;PROC;T
v14,v20,고시금액 이상 일반물품 중소기업 제한,입찰참가자격 (SW),N,고정 배타 근거 미확인,구체적 사실·예외에 따라 판정; 공존의 보편적 보장이 아님,SW 참여제한 적용·근거 명시와 다른 자격·의무는 별도 사실; 적법한 SW 제한이 다른 항목의 예외가 되는지는 개별 검토,ITEM;PROC;SW;SW_GUIDE;T
v14,v21,고시금액 이상 일반물품 중소기업 제한,공동 5% (10%),N,고정 배타 근거 미확인,구체적 사실·예외에 따라 판정; 공존의 보편적 보장이 아님,검토한 항목 정의·관련 조문에서 동일 판정 단위의 고정 배타 근거를 확인하지 못함,ITEM;JOINT;LOCAL_EXEC;PROC;T
v14,v22,고시금액 이상 일반물품 중소기업 제한,현장설명회 참석업체 (자격으로 제한 여부) * 계약방법 협상만 적용,N,고정 배타 근거 미확인,구체적 사실·예외에 따라 판정; 공존의 보편적 보장이 아님,검토한 항목 정의·관련 조문에서 동일 판정 단위의 고정 배타 근거를 확인하지 못함,ITEM;LOCAL_DECREE;LOCAL_EXEC;NATIONAL_DECREE;PROC;T
v14,v23,고시금액 이상 일반물품 중소기업 제한,현장설명회 (공고기간) * 계약방법 협상 + 계약법 지방만 적용,N,고정 배타 근거 미확인,구체적 사실·예외에 따라 판정; 공존의 보편적 보장이 아님,검토한 항목 정의·관련 조문에서 동일 판정 단위의 고정 배타 근거를 확인하지 못함,BRIEF;ITEM;LOCAL_DECREE;PROC;T
v14,v24,고시금액 이상 일반물품 중소기업 제한,공고서와 나라장터 입력값 상이,N,고정 배타 근거 미확인,구체적 사실·예외에 따라 판정; 공존의 보편적 보장이 아님,문서·메타 불일치와 해당 항목의 법령 위반은 별도 판단; 고정 배타·함의 없음,ITEM;PROC;T
v15,v16,1억 이상- 고시금액미만 소기업 제한,1억 이상- 고시금액미만 중소기업 제한 없음,E,동일 판정 단위에서 배타,동일 대상·금액 범위·자격 적용범위·문서 버전·시점; 항목표의 적용분기 유지; 예외 검토; 단어의 부재가 아닌 실질적인 자격의 부재,소기업·소상공인만 허용하는 자격과 중소기업 범주로 제한하는 요건의 부재가 모순,ITEM;SIZE;MICRO;PROC
v15,v17,1억 이상- 고시금액미만 소기업 제한,1억원 미만 일반물품 중소기업 제한,E,동일 판정 단위에서 배타,동일 대상·금액 범위·자격 적용범위·문서 버전·시점; 항목표의 적용분기 유지; 예외 검토,P ≥ 1억원과 P < 1억원이 모순,ITEM;PROC
v15,v18,1억 이상- 고시금액미만 소기업 제한,1억원 미만 일반물품 소기업 제한 없음,E,동일 판정 단위에서 배타,동일 대상·금액 범위·자격 적용범위·문서 버전·시점; 항목표의 적용분기 유지; 예외 검토,P ≥ 1억원과 P < 1억원이 모순,ITEM;PROC
v15,v19,1억 이상- 고시금액미만 소기업 제한,물품공급 확약서 입찰 시 제출,N,고정 배타 근거 미확인,구체적 사실·예외에 따라 판정; 공존의 보편적 보장이 아님,검토한 항목 정의·관련 조문에서 동일 판정 단위의 고정 배타 근거를 확인하지 못함,GOV;ITEM;LOCAL;LOCAL_EXEC;NATIONAL;PROC;T
v15,v20,1억 이상- 고시금액미만 소기업 제한,입찰참가자격 (SW),N,고정 배타 근거 미확인,구체적 사실·예외에 따라 판정; 공존의 보편적 보장이 아님,SW 참여제한 적용·근거 명시와 다른 자격·의무는 별도 사실; 적법한 SW 제한이 다른 항목의 예외가 되는지는 개별 검토,ITEM;PROC;SW;SW_GUIDE;T
v15,v21,1억 이상- 고시금액미만 소기업 제한,공동 5% (10%),N,고정 배타 근거 미확인,구체적 사실·예외에 따라 판정; 공존의 보편적 보장이 아님,검토한 항목 정의·관련 조문에서 동일 판정 단위의 고정 배타 근거를 확인하지 못함,ITEM;JOINT;LOCAL_EXEC;PROC;T
v15,v22,1억 이상- 고시금액미만 소기업 제한,현장설명회 참석업체 (자격으로 제한 여부) * 계약방법 협상만 적용,N,고정 배타 근거 미확인,구체적 사실·예외에 따라 판정; 공존의 보편적 보장이 아님,검토한 항목 정의·관련 조문에서 동일 판정 단위의 고정 배타 근거를 확인하지 못함,ITEM;LOCAL_DECREE;LOCAL_EXEC;NATIONAL_DECREE;PROC;T
v15,v23,1억 이상- 고시금액미만 소기업 제한,현장설명회 (공고기간) * 계약방법 협상 + 계약법 지방만 적용,N,고정 배타 근거 미확인,구체적 사실·예외에 따라 판정; 공존의 보편적 보장이 아님,검토한 항목 정의·관련 조문에서 동일 판정 단위의 고정 배타 근거를 확인하지 못함,BRIEF;ITEM;LOCAL_DECREE;PROC;T
v15,v24,1억 이상- 고시금액미만 소기업 제한,공고서와 나라장터 입력값 상이,N,고정 배타 근거 미확인,구체적 사실·예외에 따라 판정; 공존의 보편적 보장이 아님,문서·메타 불일치와 해당 항목의 법령 위반은 별도 판단; 고정 배타·함의 없음,ITEM;PROC;T
v16,v17,1억 이상- 고시금액미만 중소기업 제한 없음,1억원 미만 일반물품 중소기업 제한,E,동일 판정 단위에서 배타,동일 대상·금액 범위·자격 적용범위·문서 버전·시점; 항목표의 적용분기 유지; 예외 검토,P ≥ 1억원과 P < 1억원이 모순,ITEM;PROC
v16,v18,1억 이상- 고시금액미만 중소기업 제한 없음,1억원 미만 일반물품 소기업 제한 없음,E,동일 판정 단위에서 배타,동일 대상·금액 범위·자격 적용범위·문서 버전·시점; 항목표의 적용분기 유지; 예외 검토,P ≥ 1억원과 P < 1억원이 모순,ITEM;PROC
v16,v19,1억 이상- 고시금액미만 중소기업 제한 없음,물품공급 확약서 입찰 시 제출,N,고정 배타 근거 미확인,구체적 사실·예외에 따라 판정; 공존의 보편적 보장이 아님,검토한 항목 정의·관련 조문에서 동일 판정 단위의 고정 배타 근거를 확인하지 못함,GOV;ITEM;LOCAL;LOCAL_EXEC;NATIONAL;PROC;T
v16,v20,1억 이상- 고시금액미만 중소기업 제한 없음,입찰참가자격 (SW),N,고정 배타 근거 미확인,구체적 사실·예외에 따라 판정; 공존의 보편적 보장이 아님,SW 참여제한 적용·근거 명시와 다른 자격·의무는 별도 사실; 적법한 SW 제한이 다른 항목의 예외가 되는지는 개별 검토,ITEM;PROC;SW;SW_GUIDE;T
v16,v21,1억 이상- 고시금액미만 중소기업 제한 없음,공동 5% (10%),N,고정 배타 근거 미확인,구체적 사실·예외에 따라 판정; 공존의 보편적 보장이 아님,검토한 항목 정의·관련 조문에서 동일 판정 단위의 고정 배타 근거를 확인하지 못함,ITEM;JOINT;LOCAL_EXEC;PROC;T
v16,v22,1억 이상- 고시금액미만 중소기업 제한 없음,현장설명회 참석업체 (자격으로 제한 여부) * 계약방법 협상만 적용,N,고정 배타 근거 미확인,구체적 사실·예외에 따라 판정; 공존의 보편적 보장이 아님,검토한 항목 정의·관련 조문에서 동일 판정 단위의 고정 배타 근거를 확인하지 못함,ITEM;LOCAL_DECREE;LOCAL_EXEC;NATIONAL_DECREE;PROC;T
v16,v23,1억 이상- 고시금액미만 중소기업 제한 없음,현장설명회 (공고기간) * 계약방법 협상 + 계약법 지방만 적용,N,고정 배타 근거 미확인,구체적 사실·예외에 따라 판정; 공존의 보편적 보장이 아님,검토한 항목 정의·관련 조문에서 동일 판정 단위의 고정 배타 근거를 확인하지 못함,BRIEF;ITEM;LOCAL_DECREE;PROC;T
v16,v24,1억 이상- 고시금액미만 중소기업 제한 없음,공고서와 나라장터 입력값 상이,N,고정 배타 근거 미확인,구체적 사실·예외에 따라 판정; 공존의 보편적 보장이 아님,문서·메타 불일치와 해당 항목의 법령 위반은 별도 판단; 고정 배타·함의 없음,ITEM;PROC;T
v17,v18,1억원 미만 일반물품 중소기업 제한,1억원 미만 일반물품 소기업 제한 없음,U,라벨 해석 미확정,v18의 라벨 의미를 먼저 확정; 법령만으로 공식 정답 분류를 확정할 수 없음,CJH 정의에서는 배타; v18을 소기업 제한 누락으로 읽으면 v17/v18 동시 1 가능,ITEM;PROC;CJH17;CJH18;DRAFT
v17,v19,1억원 미만 일반물품 중소기업 제한,물품공급 확약서 입찰 시 제출,N,고정 배타 근거 미확인,구체적 사실·예외에 따라 판정; 공존의 보편적 보장이 아님,검토한 항목 정의·관련 조문에서 동일 판정 단위의 고정 배타 근거를 확인하지 못함,GOV;ITEM;LOCAL;LOCAL_EXEC;NATIONAL;PROC
v17,v20,1억원 미만 일반물품 중소기업 제한,입찰참가자격 (SW),N,고정 배타 근거 미확인,구체적 사실·예외에 따라 판정; 공존의 보편적 보장이 아님,SW 참여제한 적용·근거 명시와 다른 자격·의무는 별도 사실; 적법한 SW 제한이 다른 항목의 예외가 되는지는 개별 검토,ITEM;PROC;SW;SW_GUIDE
v17,v21,1억원 미만 일반물품 중소기업 제한,공동 5% (10%),N,고정 배타 근거 미확인,구체적 사실·예외에 따라 판정; 공존의 보편적 보장이 아님,검토한 항목 정의·관련 조문에서 동일 판정 단위의 고정 배타 근거를 확인하지 못함,ITEM;JOINT;LOCAL_EXEC;PROC
v17,v22,1억원 미만 일반물품 중소기업 제한,현장설명회 참석업체 (자격으로 제한 여부) * 계약방법 협상만 적용,N,고정 배타 근거 미확인,구체적 사실·예외에 따라 판정; 공존의 보편적 보장이 아님,검토한 항목 정의·관련 조문에서 동일 판정 단위의 고정 배타 근거를 확인하지 못함,ITEM;LOCAL_DECREE;LOCAL_EXEC;NATIONAL_DECREE;PROC
v17,v23,1억원 미만 일반물품 중소기업 제한,현장설명회 (공고기간) * 계약방법 협상 + 계약법 지방만 적용,N,고정 배타 근거 미확인,구체적 사실·예외에 따라 판정; 공존의 보편적 보장이 아님,검토한 항목 정의·관련 조문에서 동일 판정 단위의 고정 배타 근거를 확인하지 못함,BRIEF;ITEM;LOCAL_DECREE;PROC
v17,v24,1억원 미만 일반물품 중소기업 제한,공고서와 나라장터 입력값 상이,N,고정 배타 근거 미확인,구체적 사실·예외에 따라 판정; 공존의 보편적 보장이 아님,문서·메타 불일치와 해당 항목의 법령 위반은 별도 판단; 고정 배타·함의 없음,ITEM;PROC
v18,v19,1억원 미만 일반물품 소기업 제한 없음,물품공급 확약서 입찰 시 제출,N,고정 배타 근거 미확인,구체적 사실·예외에 따라 판정; 공존의 보편적 보장이 아님,검토한 항목 정의·관련 조문에서 동일 판정 단위의 고정 배타 근거를 확인하지 못함,CJH17;CJH18;DRAFT;GOV;ITEM;LOCAL;LOCAL_EXEC;NATIONAL;PROC
v18,v20,1억원 미만 일반물품 소기업 제한 없음,입찰참가자격 (SW),N,고정 배타 근거 미확인,구체적 사실·예외에 따라 판정; 공존의 보편적 보장이 아님,SW 참여제한 적용·근거 명시와 다른 자격·의무는 별도 사실; 적법한 SW 제한이 다른 항목의 예외가 되는지는 개별 검토,CJH17;CJH18;DRAFT;ITEM;PROC;SW;SW_GUIDE
v18,v21,1억원 미만 일반물품 소기업 제한 없음,공동 5% (10%),N,고정 배타 근거 미확인,구체적 사실·예외에 따라 판정; 공존의 보편적 보장이 아님,검토한 항목 정의·관련 조문에서 동일 판정 단위의 고정 배타 근거를 확인하지 못함,CJH17;CJH18;DRAFT;ITEM;JOINT;LOCAL_EXEC;PROC
v18,v22,1억원 미만 일반물품 소기업 제한 없음,현장설명회 참석업체 (자격으로 제한 여부) * 계약방법 협상만 적용,N,고정 배타 근거 미확인,구체적 사실·예외에 따라 판정; 공존의 보편적 보장이 아님,검토한 항목 정의·관련 조문에서 동일 판정 단위의 고정 배타 근거를 확인하지 못함,CJH17;CJH18;DRAFT;ITEM;LOCAL_DECREE;LOCAL_EXEC;NATIONAL_DECREE;PROC
v18,v23,1억원 미만 일반물품 소기업 제한 없음,현장설명회 (공고기간) * 계약방법 협상 + 계약법 지방만 적용,N,고정 배타 근거 미확인,구체적 사실·예외에 따라 판정; 공존의 보편적 보장이 아님,검토한 항목 정의·관련 조문에서 동일 판정 단위의 고정 배타 근거를 확인하지 못함,BRIEF;CJH17;CJH18;DRAFT;ITEM;LOCAL_DECREE;PROC
v18,v24,1억원 미만 일반물품 소기업 제한 없음,공고서와 나라장터 입력값 상이,N,고정 배타 근거 미확인,구체적 사실·예외에 따라 판정; 공존의 보편적 보장이 아님,문서·메타 불일치와 해당 항목의 법령 위반은 별도 판단; 고정 배타·함의 없음,CJH17;CJH18;DRAFT;ITEM;PROC
v19,v20,물품공급 확약서 입찰 시 제출,입찰참가자격 (SW),N,고정 배타 근거 미확인,구체적 사실·예외에 따라 판정; 공존의 보편적 보장이 아님,SW 참여제한 적용·근거 명시와 다른 자격·의무는 별도 사실; 적법한 SW 제한이 다른 항목의 예외가 되는지는 개별 검토,GOV;ITEM;LOCAL;LOCAL_EXEC;NATIONAL;SW;SW_GUIDE
v19,v21,물품공급 확약서 입찰 시 제출,공동 5% (10%),N,고정 배타 근거 미확인,구체적 사실·예외에 따라 판정; 공존의 보편적 보장이 아님,검토한 항목 정의·관련 조문에서 동일 판정 단위의 고정 배타 근거를 확인하지 못함,GOV;ITEM;JOINT;LOCAL;LOCAL_EXEC;NATIONAL
v19,v22,물품공급 확약서 입찰 시 제출,현장설명회 참석업체 (자격으로 제한 여부) * 계약방법 협상만 적용,N,고정 배타 근거 미확인,구체적 사실·예외에 따라 판정; 공존의 보편적 보장이 아님,검토한 항목 정의·관련 조문에서 동일 판정 단위의 고정 배타 근거를 확인하지 못함,GOV;ITEM;LOCAL;LOCAL_DECREE;LOCAL_EXEC;NATIONAL;NATIONAL_DECREE
v19,v23,물품공급 확약서 입찰 시 제출,현장설명회 (공고기간) * 계약방법 협상 + 계약법 지방만 적용,N,고정 배타 근거 미확인,구체적 사실·예외에 따라 판정; 공존의 보편적 보장이 아님,검토한 항목 정의·관련 조문에서 동일 판정 단위의 고정 배타 근거를 확인하지 못함,BRIEF;GOV;ITEM;LOCAL;LOCAL_DECREE;LOCAL_EXEC;NATIONAL
v19,v24,물품공급 확약서 입찰 시 제출,공고서와 나라장터 입력값 상이,N,고정 배타 근거 미확인,구체적 사실·예외에 따라 판정; 공존의 보편적 보장이 아님,문서·메타 불일치와 해당 항목의 법령 위반은 별도 판단; 고정 배타·함의 없음,GOV;ITEM;LOCAL;LOCAL_EXEC;NATIONAL
v20,v21,입찰참가자격 (SW),공동 5% (10%),N,고정 배타 근거 미확인,구체적 사실·예외에 따라 판정; 공존의 보편적 보장이 아님,SW 참여제한 적용·근거 명시와 다른 자격·의무는 별도 사실; 적법한 SW 제한이 다른 항목의 예외가 되는지는 개별 검토,ITEM;JOINT;LOCAL_EXEC;SW;SW_GUIDE
v20,v22,입찰참가자격 (SW),현장설명회 참석업체 (자격으로 제한 여부) * 계약방법 협상만 적용,N,고정 배타 근거 미확인,구체적 사실·예외에 따라 판정; 공존의 보편적 보장이 아님,SW 참여제한 적용·근거 명시와 다른 자격·의무는 별도 사실; 적법한 SW 제한이 다른 항목의 예외가 되는지는 개별 검토,ITEM;LOCAL_DECREE;LOCAL_EXEC;NATIONAL_DECREE;SW;SW_GUIDE
v20,v23,입찰참가자격 (SW),현장설명회 (공고기간) * 계약방법 협상 + 계약법 지방만 적용,N,고정 배타 근거 미확인,구체적 사실·예외에 따라 판정; 공존의 보편적 보장이 아님,SW 참여제한 적용·근거 명시와 다른 자격·의무는 별도 사실; 적법한 SW 제한이 다른 항목의 예외가 되는지는 개별 검토,BRIEF;ITEM;LOCAL_DECREE;SW;SW_GUIDE
v20,v24,입찰참가자격 (SW),공고서와 나라장터 입력값 상이,N,고정 배타 근거 미확인,구체적 사실·예외에 따라 판정; 공존의 보편적 보장이 아님,문서·메타 불일치와 해당 항목의 법령 위반은 별도 판단; 고정 배타·함의 없음,ITEM;SW;SW_GUIDE
v21,v22,공동 5% (10%),현장설명회 참석업체 (자격으로 제한 여부) * 계약방법 협상만 적용,N,고정 배타 근거 미확인,구체적 사실·예외에 따라 판정; 공존의 보편적 보장이 아님,검토한 항목 정의·관련 조문에서 동일 판정 단위의 고정 배타 근거를 확인하지 못함,ITEM;JOINT;LOCAL_DECREE;LOCAL_EXEC;NATIONAL_DECREE
v21,v23,공동 5% (10%),현장설명회 (공고기간) * 계약방법 협상 + 계약법 지방만 적용,N,고정 배타 근거 미확인,구체적 사실·예외에 따라 판정; 공존의 보편적 보장이 아님,검토한 항목 정의·관련 조문에서 동일 판정 단위의 고정 배타 근거를 확인하지 못함,BRIEF;ITEM;JOINT;LOCAL_DECREE;LOCAL_EXEC
v21,v24,공동 5% (10%),공고서와 나라장터 입력값 상이,N,고정 배타 근거 미확인,구체적 사실·예외에 따라 판정; 공존의 보편적 보장이 아님,문서·메타 불일치와 해당 항목의 법령 위반은 별도 판단; 고정 배타·함의 없음,ITEM;JOINT;LOCAL_EXEC
v22,v23,현장설명회 참석업체 (자격으로 제한 여부) * 계약방법 협상만 적용,현장설명회 (공고기간) * 계약방법 협상 + 계약법 지방만 적용,N,고정 배타 근거 미확인,구체적 사실·예외에 따라 판정; 공존의 보편적 보장이 아님,설명회 참석 강제와 설명회 관련 기간 부족은 별도 위반으로 동시 성립 가능,BRIEF;ITEM;LOCAL_DECREE;LOCAL_EXEC;NATIONAL_DECREE
v22,v24,현장설명회 참석업체 (자격으로 제한 여부) * 계약방법 협상만 적용,공고서와 나라장터 입력값 상이,N,고정 배타 근거 미확인,구체적 사실·예외에 따라 판정; 공존의 보편적 보장이 아님,문서·메타 불일치와 해당 항목의 법령 위반은 별도 판단; 고정 배타·함의 없음,ITEM;LOCAL_DECREE;LOCAL_EXEC;NATIONAL_DECREE
v23,v24,현장설명회 (공고기간) * 계약방법 협상 + 계약법 지방만 적용,공고서와 나라장터 입력값 상이,N,고정 배타 근거 미확인,구체적 사실·예외에 따라 판정; 공존의 보편적 보장이 아님,문서·메타 불일치와 해당 항목의 법령 위반은 별도 판단; 고정 배타·함의 없음,BRIEF;ITEM;LOCAL_DECREE
