id,v9,v19,e9,e19
PPS-DEV-01,0,0,,
PPS-DEV-02,0,0,,
PPS-DEV-03,0,0,,
PPS-DEV-04,0,0,,
PPS-DEV-05,0,0,,
PPS-DEV-06,0,0,,
PPS-DEV-07,0,0,,
PPS-DEV-08,0,0,,
PPS-DEV-09,1,0,,
PPS-DEV-10,0,0,,
PPS-DEV-11,0,0,,
PPS-DEV-12,1,0,제조사·모델명 : 아크론브라스(Akron Brass) 터보젯(TurboJet),
PPS-DEV-13,0,0,,
PPS-DEV-14,0,0,,
PPS-DEV-15,0,0,,
PPS-DEV-16,0,0,,
PPS-DEV-17,0,0,,
PPS-DEV-18,0,0,,
PPS-DEV-19,0,0,,
PPS-DEV-20,0,0,,
PPS-DEV-21,0,0,,
PPS-DEV-22,0,0,,
PPS-DEV-23,1,1,DJI Matrice 4E/T 시리즈 인텔리전트 플라이트 배터리일 것,"입찰 참가자는 제조사(공급사)·기술지원사로부터 물품공급·기술지원 확약서를 전자입찰서 제출 마감일 전까지 보유하여야 하고, 계약 시 제출해야 합니다."
PPS-DEV-24,0,0,,
PPS-DEV-25,0,0,,
PPS-DEV-26,0,0,,
PPS-DEV-27,0,0,,
PPS-DEV-28,0,0,,
PPS-DEV-29,0,0,,
PPS-DEV-30,0,0,,
PPS-DEV-31,0,0,,
PPS-DEV-32,0,0,,
PPS-DEV-033,0,0,,
PPS-DEV-034,0,0,,
PPS-DEV-035,1,1,마. 납품(공급)업체의 경우 전자입찰서 제출 마감일 전일까지 제조사로부터 당해 물품공급 및 무상지원(A/S) 확약서를 발급후 보유 및 제출하여야 합니다.,마. 납품(공급)업체의 경우 전자입찰서 제출 마감일 전일까지 제조사로부터 당해 물품공급 및 무상지원(A/S) 확약서를 발급후 보유 및 제출하여야 합니다.
PPS-DEV-036,0,0,,
PPS-DEV-037,1,1,"3.2.1. 공급업체는 당해 물품 제조사의 물품공급 및 기술지원(A/S) 확약서를 전자입찰서 제출 마감일 전일까지 보유하여야 하며, 낙찰통보 이전에 반드시 제출하여야 합니다.(미제출시 낙찰대상자 제외)",
PPS-DEV-038,0,0,,
PPS-DEV-039,0,0,,
PPS-DEV-040,0,0,,
PPS-DEV-041,0,0,,
PPS-DEV-042,0,0,,
PPS-DEV-043,0,0,,
PPS-DEV-044,0,0,,
PPS-DEV-045,0,0,,
PPS-DEV-046,0,0,,
PPS-DEV-047,0,0,,
PPS-DEV-048,0,0,,
PPS-DEV-049,0,0,,
PPS-DEV-050,1,1,,- 물품 납품 시 생산회사 AS 보장 확인서를 같이 제출할 것
PPS-DEV-051,0,0,,
PPS-DEV-052,1,0,,
PPS-DEV-053,0,0,,
PPS-DEV-054,0,0,,
PPS-DEV-055,0,0,,
PPS-DEV-056,0,0,,
PPS-DEV-057,0,0,,
PPS-DEV-058,0,0,,
PPS-DEV-059,0,0,,
PPS-DEV-060,0,0,,
PPS-DEV-061,0,0,,
PPS-DEV-062,0,0,,
PPS-DEV-063,0,0,,
PPS-DEV-064,0,1,,"본 사업의 물품 중 상용 SW 유지보수(S1-ACCESS)는 공급사와 물품공급(기술지원)협약을 체결(예산액의 약 2.5%, 총 18,480,000원)하였으며, 낙찰자 결정 후 낙찰자에게 그 사본을 제공하여 공급사로부터 물품공급 또는 기술지원협약서를 발급을 받아 계약이행 할 수 있음을 알려드립니다."
PPS-DEV-065,0,0,,
PPS-DEV-066,0,0,,
PPS-DEV-067,0,0,,
PPS-DEV-068,0,0,,
PPS-DEV-069,0,0,,
PPS-DEV-070,0,0,,
PPS-DEV-071,0,0,,
PPS-DEV-072,0,0,,
PPS-DEV-073,0,0,,
PPS-DEV-074,0,0,,
PPS-DEV-075,0,0,,
PPS-DEV-076,0,0,,
PPS-DEV-077,0,0,,
PPS-DEV-078,0,0,,
PPS-DEV-079,0,0,,
PPS-DEV-080,0,0,,
PPS-DEV-081,0,0,,
PPS-DEV-082,0,0,,
PPS-DEV-083,0,0,,
PPS-DEV-084,0,0,,
PPS-DEV-085,0,0,,
PPS-DEV-086,0,0,,
PPS-DEV-087,0,0,,
PPS-DEV-088,1,0,"수신기는 Maxwell 7칩이 내장된 Pro-point 처리기술을 이용하여 GPS(L1C/A, L2C, L2E, L5)GLONASS(L1C/A, L1P, L2C/A, L2P, L3), SBAS(L1C/A, L5), Galileo(GIOVE-A, GIOVE-B, E1, E5a, E5B) 및 COMPASS(B1, B2, B3) 수신이 가능한 672채널 이상 제품이여야 한다.",
PPS-DEV-089,0,0,,
PPS-DEV-090,0,0,,
PPS-DEV-091,0,0,,
PPS-DEV-092,0,0,,
PPS-DEV-093,0,0,,
PPS-DEV-094,0,0,,
PPS-DEV-095,0,0,,
PPS-DEV-096,0,0,,
PPS-DEV-097,0,0,,
PPS-DEV-098,1,1,"제조사의 물품공급확약서(규격서, 제품사진), 유지보수 및 사후관리확약서 제출이 가능한 업체",
PPS-DEV-099,0,0,,
PPS-DEV-100,0,0,,
PPS-DEV-101,1,0,기준음 발생기(LL916C)를 사용하여 수조의 잔향 특성 도출,
PPS-DEV-102,0,0,,
PPS-DEV-103,0,0,,
PPS-DEV-104,1,0,,
PPS-DEV-105,0,0,,
PPS-DEV-106,0,0,,
PPS-DEV-107,0,0,,
PPS-DEV-108,0,0,,
PPS-DEV-109,0,0,,
PPS-DEV-110,1,0,,
PPS-DEV-111,0,0,,
PPS-DEV-112,0,1,,외산 장비에 대하여 제품의 품질 및 유지관리를 위하여 수급자는 공급 증명원 및 A/S 확약서를 제출할 수 있는 업체
PPS-DEV-113,0,0,,
PPS-DEV-114,0,0,,
PPS-DEV-115,0,0,,
PPS-DEV-116,0,0,,
PPS-DEV-117,0,0,,
PPS-DEV-118,0,0,,
PPS-DEV-119,0,0,,
PPS-DEV-120,0,0,,
PPS-DEV-121,0,0,,
PPS-DEV-122,0,0,,
PPS-DEV-123,0,0,,
PPS-DEV-124,0,0,,
PPS-DEV-125,0,0,,
PPS-DEV-126,0,0,,
PPS-DEV-127,0,0,,
PPS-DEV-128,0,0,,
PPS-DEV-129,0,0,,
PPS-DEV-130,1,0,구매내역 팬텀 외 7종(규격서 참조),
PPS-DEV-131,0,0,,
PPS-DEV-132,1,1,,
PPS-DEV-133,1,1,본 규격은 사용 중인 RHEL 사용 권한 및 기술지원에 대한 연간 갱신을 위한 규격으로 업무연속성 및 호환성 확보를 위해 기존과 동일한 제조사의 단일 규격으로 지정,3) 규격에 대한 기능이 지원될 수 있음을 증명할 수 있는 제조사 확인 문서 1식
PPS-DEV-134,0,0,,
PPS-DEV-135,0,0,,
PPS-DEV-136,0,0,,
PPS-DEV-137,0,0,,
PPS-DEV-138,0,0,,
PPS-DEV-139,0,0,,
PPS-DEV-140,0,0,,
PPS-DEV-141,0,0,,
PPS-DEV-142,0,0,,
PPS-DEV-143,0,0,,
PPS-DEV-144,0,0,,
PPS-DEV-145,0,0,,
PPS-DEV-146,0,0,,
PPS-DEV-147,0,0,,
PPS-DEV-148,1,0,데스크톱컴퓨터(Z2 Tower G1i),
PPS-DEV-149,0,0,,
PPS-DEV-150,0,0,,
PPS-DEV-151,0,0,,
PPS-DEV-152,1,0,"본 입찰 대상 물품은 특정물품 선정심사위원회에서 선정된 제품으로 BRISTOL COMPRESSORS 원제조자인 KULTHORN KIRBY社에서 발행하는 제조자증명서 또는 원제조자와 공급자 간의 판매대리점 계약서 또는 판매대리점이 발행하는 공급자증명서(판매대리점에서 발행하는 경우 원제조사와 공급자 간의 판매대리점 계약서 포함 제출)를 입찰마감일 전일까지 원본 1부(외국어 명기시 한글 번역본 1부)를 제출하여야 하며, 사본 제출시에는 “원본과 같음”을 명기하고 입찰참가신청서에 사용한 인장을 날인하여 제출하여야 하며, 제출한 서류가 원제조사(판매대리점)의 확인이 되지 않을 경우 무효처리 합니다.",
PPS-DEV-153,0,0,,
PPS-DEV-154,0,0,,
PPS-DEV-155,0,0,,
PPS-DEV-156,1,0,"펙사론 | 농협케미컬 | 클로란트라닐리프롤 5.4 + 트리플루메조피림 6.3 | 500ml | EA | 280 | 85,000 |",
PPS-DEV-157,0,0,,
PPS-DEV-158,0,0,,
PPS-DEV-159,0,0,,
PPS-DEV-160,0,0,,
PPS-DEV-161,0,0,,
PPS-DEV-162,0,0,,
PPS-DEV-163,0,0,,
PPS-DEV-164,0,0,,
PPS-DEV-165,0,0,,
PPS-DEV-166,0,0,,
PPS-DEV-167,0,0,,
PPS-DEV-168,0,0,,
PPS-DEV-169,0,0,,
PPS-DEV-170,0,0,,
PPS-DEV-171,0,0,,
PPS-DEV-172,0,0,,
PPS-DEV-173,0,0,,
PPS-DEV-174,0,0,,
PPS-DEV-175,0,0,,
PPS-DEV-176,0,0,,
PPS-DEV-177,0,0,,
PPS-DEV-178,0,0,,
PPS-DEV-179,0,0,,
PPS-DEV-180,1,0,1. 환경부 형식 승인 제품,
PPS-DEV-181,0,0,,
PPS-DEV-182,0,0,,
PPS-DEV-183,0,0,,
PPS-DEV-184,0,0,,
PPS-DEV-185,0,0,,
PPS-DEV-186,0,0,,
PPS-DEV-187,0,0,,
PPS-DEV-188,0,0,,
PPS-DEV-189,0,0,,
PPS-DEV-190,0,0,,
PPS-DEV-191,0,0,,
PPS-DEV-192,0,0,,
PPS-DEV-193,0,0,,
PPS-DEV-194,0,0,,
PPS-DEV-195,0,0,,
PPS-DEV-196,0,0,,
PPS-DEV-197,0,0,,
PPS-DEV-198,0,0,,
PPS-DEV-199,0,0,,
PPS-DEV-200,0,0,,
