대분류번호,대분류,제품명번호,제품명,세부품명번호,세부품명,특이사항,공사용자재직접구매
10,산동식물및동식물성생산품,101716,무기질비료및식물영양제,1017161101,석회질비료,,
10,산동식물및동식물성생산품,101716,무기질비료및식물영양제,1017169401,규산질비료,,
11,"광물,직물및비식용동식물자원",111015,광물,1110152201,활성탄,석탄계 입상활성탄 및 석유화학계 활성탄 제외,
11,"광물,직물및비식용동식물자원",111116,석재,1111160401,화강석,‘국가유산수리 등에 관한 법률' 제2조 제1호에서 정한 국가유산수리용은 제외,o
11,"광물,직물및비식용동식물자원",111116,석재,1111160801,석회석,,
11,"광물,직물및비식용동식물자원",111116,석재,1111169701,잡석,,o
11,"광물,직물및비식용동식물자원",111116,석재,1111169801,조경석,‘국가유산수리 등에 관한 법률' 제2조 제1호에서 정한 국가유산수리용은 제외,o
11,"광물,직물및비식용동식물자원",111220,성형목재제품,1112200601,방부목,,o
13,"수지,고무,탄성중합체",131112,필름,1311120101,폴리에틸렌필름,"농업용 필름(PO필름, 초산비닐 함량 13% 이내의 EVA필름)포함",o
14,종이원료및종이제품,141115,인쇄용지및필기용지,1411150601,전산디자인,,
14,종이원료및종이제품,141115,인쇄용지및필기용지,1411150701,프린트및복사용지,,
14,종이원료및종이제품,141115,인쇄용지및필기용지,1411151101,중질지,,
14,종이원료및종이제품,141115,인쇄용지및필기용지,1411151401,수첩,,
14,종이원료및종이제품,141115,인쇄용지및필기용지,1411151402,공책,,
14,종이원료및종이제품,141118,업무용지,1411180101,표,,
14,종이원료및종이제품,141118,업무용지,1411189901,일반행정공통서식,,
21,농.수.임.축산용기계,211015,토지관리농기계,2110150101,쟁기,,
21,농.수.임.축산용기계,211015,토지관리농기계,2110150201,쇄토기,,
21,농.수.임.축산용기계,211015,토지관리농기계,2110150601,정지기,,
21,농.수.임.축산용기계,211017,수확용농업기계,2110170301,땅속작물수확기,,
21,농.수.임.축산용기계,211017,수확용농업기계,2110170601,목재파쇄기,,
21,농.수.임.축산용기계,211017,수확용농업기계,2110171001,수확용건조기,,
21,농.수.임.축산용기계,211018,농업용분사및분무장치,2110180101,동력분무기,배부식(등에 매는 형식) 또는 견착식(어깨에 매는 형식) 제품은 제외,
21,농.수.임.축산용기계,211018,농업용분사및분무장치,2110180401,비료살포기,,
21,농.수.임.축산용기계,211018,농업용분사및분무장치,2110180601,퇴비살포기,,
21,농.수.임.축산용기계,211018,농업용분사및분무장치,2110189901,농축산용방역장비,,
21,농.수.임.축산용기계,211019,축산용기기,2110190401,사료배합기,,
21,농.수.임.축산용기계,211020,농업용세정분류및선별기,2110209801,선과기,,
23,산업용제조가공기계및액세서리,231531,산업용기계부품및액세서리,2315313001,진동방지장치,,o
23,산업용제조가공기계및액세서리,231815,음식물준비기,2318150601,세미기,,
23,산업용제조가공기계및액세서리,231815,음식물준비기,2318150602,자동야채세척기,농산물 세척기에 한함,
23,산업용제조가공기계및액세서리,231815,음식물준비기,2318150603,과일세정살균기,농산물 세척기에 한함,
23,산업용제조가공기계및액세서리,231819,음식물처리기류,2318199801,산업용음식물쓰레기처리기,,o
23,산업용제조가공기계및액세서리,231819,음식물처리기류,2318199802,일반용음식물쓰레기처리기,,o
23,산업용제조가공기계및액세서리,232615,쾌속조형기,2326150701,3차원프린터,"1. 다수공급자계약은 조달청의 점유율 관리 방안에 따라 20% 이내에서 예외적용 가능 2. 총액 계약 체결시 FDM 방식 제품은 구매액의 20% 이내에서 예외를 적용하며, 다른 방식 제품은 적용 제외",
23,산업용제조가공기계및액세서리,239905,청정실환경조절장비,2399059901,소음기,,o
24,"물품취급,조정,저장기계,액세서리및소모품",241016,리프트장비및액세서리,2410160101,승객용엘리베이터,"1. 속도분속 105m 이하에 한함 2. 공공분양주택(뉴홈, 신혼희망타운 포함), 도심공공주택복합사업은 적용 제외",o
24,"물품취급,조정,저장기계,액세서리및소모품",241016,리프트장비및액세서리,2410160102,화물용엘리베이터,,o
24,"물품취급,조정,저장기계,액세서리및소모품",241016,리프트장비및액세서리,2410160201,전동식와이어로프호이스트,,o
24,"물품취급,조정,저장기계,액세서리및소모품",241016,리프트장비및액세서리,2410164201,기중기선,"총톤수(Gross-tonnage) 1,000톤 미만에 한함",
24,"물품취급,조정,저장기계,액세서리및소모품",241016,리프트장비및액세서리,2410165201,지브크레인,,o
24,"물품취급,조정,저장기계,액세서리및소모품",241016,리프트장비및액세서리,2410165301,천장크레인,,o
24,"물품취급,조정,저장기계,액세서리및소모품",241016,리프트장비및액세서리,2410167601,가동보,고무 소재의 제품은 제외,o
24,"물품취급,조정,저장기계,액세서리및소모품",241016,리프트장비및액세서리,2410168201,소형화물용엘리베이터,,o
24,"물품취급,조정,저장기계,액세서리및소모품",241016,리프트장비및액세서리,2410168501,수문권양기,인양능력 1ton 초과 제품에 한함,o
24,"물품취급,조정,저장기계,액세서리및소모품",241016,리프트장비및액세서리,2410168901,주차주제어장치,,o
24,"물품취급,조정,저장기계,액세서리및소모품",241016,리프트장비및액세서리,2410168903,차량인식기,,o
24,"물품취급,조정,저장기계,액세서리및소모품",241016,리프트장비및액세서리,2410168906,주차안내판,,o
24,"물품취급,조정,저장기계,액세서리및소모품",241016,리프트장비및액세서리,2410168907,주차요금계산기,,o
24,"물품취급,조정,저장기계,액세서리및소모품",241016,리프트장비및액세서리,2410168909,차량차단기,,o
24,"물품취급,조정,저장기계,액세서리및소모품",241016,리프트장비및액세서리,2410169601,휠체어리프트,,o
24,"물품취급,조정,저장기계,액세서리및소모품",241017,컨베이어및액세서리,2410171201,벨트컨베이어,,o
24,"물품취급,조정,저장기계,액세서리및소모품",241017,컨베이어및액세서리,2410171401,에어컨베이어,,o
24,"물품취급,조정,저장기계,액세서리및소모품",241017,컨베이어및액세서리,2410172201,체인컨베이어,,o
24,"물품취급,조정,저장기계,액세서리및소모품",241017,컨베이어및액세서리,2410173001,스크루컨베이어,,o
24,"물품취급,조정,저장기계,액세서리및소모품",241022,포장도구,2410229801,재활용품압축기,,o
24,"물품취급,조정,저장기계,액세서리및소모품",241115,자루,2411150201,종이포대,,
24,"물품취급,조정,저장기계,액세서리및소모품",241115,자루,2411150301,폴리프로필렌포대,,
24,"물품취급,조정,저장기계,액세서리및소모품",241115,자루,2411150303,폴리에틸렌포대,,
24,"물품취급,조정,저장기계,액세서리및소모품",241115,자루,2411150501,벌크컨테이너백,,
24,"물품취급,조정,저장기계,액세서리및소모품",241118,탱크및원통형저장소,2411180501,약품탱크,플라스틱 소재의 제품에 한함,o
24,"물품취급,조정,저장기계,액세서리및소모품",241118,탱크및원통형저장소,2411181001,물탱크,,o
24,"물품취급,조정,저장기계,액세서리및소모품",241118,탱크및원통형저장소,2411181002,빗물저장탱크,PDF물탱크 포함,o
24,"물품취급,조정,저장기계,액세서리및소모품",241118,탱크및원통형저장소,2411189701,온수탱크,스테인레스 소재의 제품에 한함,o
24,"물품취급,조정,저장기계,액세서리및소모품",241124,"저장용기,캐비닛및트렁크",2411240403,플라스틱상자,,
24,"물품취급,조정,저장기계,액세서리및소모품",241125,유통용골판및기타용품,2411250101,골판지상자,,
24,"물품취급,조정,저장기계,액세서리및소모품",241127,팰릿,2411270201,플라스틱팰릿,,
24,"물품취급,조정,저장기계,액세서리및소모품",241220,병,2412200201,플라스틱병,,
24,"물품취급,조정,저장기계,액세서리및소모품",241315,산업용냉장기,2413150301,대형냉장고,,o
25,"상용,군용,개인용운송기구및액세서리와부품",251017,안전및소방차량,2510178901,소방펌프차,,
25,"상용,군용,개인용운송기구및액세서리와부품",251017,안전및소방차량,2510179001,소방물탱크차,,
25,"상용,군용,개인용운송기구및액세서리와부품",251017,안전및소방차량,2510179101,소방화학차,,
25,"상용,군용,개인용운송기구및액세서리와부품",251017,안전및소방차량,2510179301,구조공작차,,
25,"상용,군용,개인용운송기구및액세서리와부품",251115,상선,2511150201,어선,"총톤수(Gross-tonnage) 1,000톤 미만에 한함",
25,"상용,군용,개인용운송기구및액세서리와부품",251115,상선,2511150601,예인선,"총톤수(Gross-tonnage) 1,000톤 미만에 한함",
25,"상용,군용,개인용운송기구및액세서리와부품",251115,상선,2511150701,바지선,"총톤수(Gross-tonnage) 1,000톤 미만에 한함",
25,"상용,군용,개인용운송기구및액세서리와부품",251115,상선,2511150801,자동차도선,"총톤수(Gross-tonnage) 1,000톤 미만에 한함",
25,"상용,군용,개인용운송기구및액세서리와부품",251115,상선,2511150802,여객선,"총톤수(Gross-tonnage) 1,000톤 미만에 한함",
25,"상용,군용,개인용운송기구및액세서리와부품",251115,상선,2511151801,병원선,"총톤수(Gross-tonnage) 1,000톤 미만에 한함",
25,"상용,군용,개인용운송기구및액세서리와부품",251115,상선,2511152401,벌크화물선,"총톤수(Gross-tonnage) 1,000톤 미만에 한함",
25,"상용,군용,개인용운송기구및액세서리와부품",251115,상선,2511152701,소형보트,"총톤수(Gross-tonnage) 1,000톤 미만에 한함",
25,"상용,군용,개인용운송기구및액세서리와부품",251115,상선,2511159701,기동정,"총톤수(Gross-tonnage) 1,000톤 미만에 한함",
25,"상용,군용,개인용운송기구및액세서리와부품",251116,안전및구조용선박,2511160201,소방선,"총톤수(Gross-tonnage) 1,000톤 미만에 한함",
25,"상용,군용,개인용운송기구및액세서리와부품",251116,안전및구조용선박,2511160301,구조선,"총톤수(Gross-tonnage) 1,000톤 미만에 한함",
25,"상용,군용,개인용운송기구및액세서리와부품",251117,군용선박,2511171801,순시선,"총톤수(Gross-tonnage) 1,000톤 미만에 한함",
25,"상용,군용,개인용운송기구및액세서리와부품",251117,군용선박,2511172201,경비선,"총톤수(Gross-tonnage) 1,000톤 미만에 한함",
25,"상용,군용,개인용운송기구및액세서리와부품",251117,군용선박,2511172601,오염관리선,"총톤수(Gross-tonnage) 1,000톤 미만에 한함",
25,"상용,군용,개인용운송기구및액세서리와부품",251120,특수선박,2511200401,세관감시선,"총톤수(Gross-tonnage) 1,000톤 미만에 한함",
25,"상용,군용,개인용운송기구및액세서리와부품",251120,특수선박,2511200701,어업실습선,"총톤수(Gross-tonnage) 1,000톤 미만에 한함",
25,"상용,군용,개인용운송기구및액세서리와부품",251120,특수선박,2511200801,어업조사선,"총톤수(Gross-tonnage) 1,000톤 미만에 한함",
25,"상용,군용,개인용운송기구및액세서리와부품",251120,특수선박,2511200901,어업지도선,"총톤수(Gross-tonnage) 1,000톤 미만에 한함",
25,"상용,군용,개인용운송기구및액세서리와부품",251120,특수선박,2511201201,청소선,"총톤수(Gross-tonnage) 1,000톤 미만에 한함",
25,"상용,군용,개인용운송기구및액세서리와부품",251120,특수선박,2511201401,해양조사선,"총톤수(Gross-tonnage) 1,000톤 미만에 한함",
25,"상용,군용,개인용운송기구및액세서리와부품",251318,특수항공기,2513189901,드론,"1. 고정익, 군사용, 수소드론 제외 2. 자체중량 25㎏ 이하 또는 운용상승고도 150m 이하의 무인비행장치에 한함",
25,"상용,군용,개인용운송기구및액세서리와부품",252503,신호제어및보안설비,2525032501,열차행선안내장치,,o
26,회전기기및경전기,261115,동력전달장치,2611158801,모터감속기,,
26,회전기기및경전기,261116,발전기류,2611160101,디젤발전기,"1. 발전용량 2,000kW 이하에 한함 2. 해상용 디젤발전기는 제외",o
26,회전기기및경전기,261116,발전기류,2611160701,태양광발전장치,"1. 발전용량 1,000kW 이하에 한함 2. 수상용 또는 건물일체형 태양광 발전장치는 제외",o
26,회전기기및경전기,261117,"배터리,전지및보조용품",2611170401,산업용충전장치,송변전용(송전 설비 및 배전설비의 기기제어 전원용에 사용하는 충전장치) 또는 통신용(통신설비에 안정된 전원을 공급하기 위하여 사용되는 충전장치)에 한함,o
26,회전기기및경전기,261117,"배터리,전지및보조용품",2611170403,전기자동차용충전장치,50kW 이하에 한함,o
26,회전기기및경전기,261215,전력선,2612152202,전기용연동연선,,o
26,회전기기및경전기,261215,전력선,2612152204,전기용경동연선,,o
26,회전기기및경전기,261215,전력선,2612152412,옥외용비닐절연전선,,o
30,건자재,301029,기둥,3010290301,금속기둥,CCTV를 설치하기 위한 금속기둥에 한함,o
30,건자재,301032,그레이팅,3010320101,스틸그레이팅,,o
30,건자재,301036,목재건자재,3010360501,목재판재,‘국가유산수리 등에 관한 법률’ 제2조 제1호에서 정한 국가유산수리용 제외,o
30,건자재,301036,목재건자재,3010362201,각재,‘국가유산수리 등에 관한 법률’ 제2조 제1호에서 정한 국가유산수리용 제외,o
30,건자재,301036,목재건자재,3010369901,합성목재,,o
30,건자재,301099,골재,3010990201,혼합골재,"서울, 경기, 인천지역 연간 예측량의 20% 이내에서 예외 가능",o
30,건자재,301099,골재,3010990401,순환골재,"순환골재 제품 제조용(콘크리트용, 아스팔트콘크리트용) 및 「건설폐기물법」 제27조에 따라 배출자가 건설공사 현장에서 건설폐기물처리시설을 직접 설치 운영하여 건설폐기물을 재활용 하고자 생산한 순환골재는 제외",o
30,건자재,301115,콘크리트및모르타르,3011150501,레미콘,"서울, 경기, 인천, 대전, 세종, 충남지역은 연간 예측량의 20% 이내에서 예외 가능",o
30,건자재,301115,콘크리트및모르타르,3011159201,순환아스팔트콘크리트,"서울, 경기, 인천, 대전, 세종, 충남지역은 연간 예측량의 20% 이내에서 예외 가능",o
30,건자재,301115,콘크리트및모르타르,3011159202,순환상온아스팔트콘크리트,"서울, 경기, 인천, 대전, 세종, 충남지역은 연간 예측량의 20% 이내에서 예외 가능",o
30,건자재,301115,콘크리트및모르타르,3011159301,콘크리트기초,,o
30,건자재,301115,콘크리트및모르타르,3011159701,아스팔트콘크리트,"서울, 경기, 인천, 대전, 세종, 충남지역은 연간 예측량의 20% 이내에서 예외 가능",o
30,건자재,301116,시멘트및석회,3011160101,타일시멘트,,o
30,건자재,301118,콘크리트보강철물,3011180101,용접철망,,o
30,건자재,301217,도로및철도건설자재,3012171401,콘크리트맨홀블록,유리섬유복합관맨홀은 제외,o
30,건자재,301217,도로및철도건설자재,3012170201,직포매트,,
30,건자재,301217,도로및철도건설자재,3012170202,토목용부직포,필라멘트(생사의 섬유나 절단하지 않고 방사한 화학섬유에서 얻은 장섬유)로 만들어진 토목용 부직포는 제외,o
30,건자재,301217,도로및철도건설자재,3012170206,보행매트,,o
30,건자재,301217,도로및철도건설자재,3012170208,식생매트,,o
30,건자재,301217,도로및철도건설자재,3012170301,알루미늄제교량난간,,o
30,건자재,301217,도로및철도건설자재,3012170302,철제교량난간,,o
30,건자재,301217,도로및철도건설자재,3012171501,교량이음장치,,o
30,건자재,301217,도로및철도건설자재,3012171601,교량받침,,o
30,건자재,301217,도로및철도건설자재,3012178401,그리드형토목용보강재,공공입찰 금액 10억원 미만에 한함,o
30,건자재,301217,도로및철도건설자재,3012178601,차수매트,,o
30,건자재,301217,도로및철도건설자재,3012178702,흡음형방음벽및방음판,금속 소재의 제품에 한함,o
30,건자재,301217,도로및철도건설자재,3012178801,낙석방지책,,o
30,건자재,301217,도로및철도건설자재,3012178901,철제도로중앙분리대,,o
30,건자재,301217,도로및철도건설자재,3012179301,철제가드레일,,o
30,건자재,301217,도로및철도건설자재,3012179401,볼라드,금속 소재의 제품에 한함,o
30,건자재,301218,조경용재,3012189801,수목보호용지지대,목재 소재의 제품에 한함,o
30,건자재,301315,블록,3013150201,보차도용콘크리트블록,,o
30,건자재,301315,블록,3013150202,콘크리트호안및옹벽블록,,o
30,건자재,301315,블록,3013150204,속빈콘크리트블록,,o
30,건자재,301315,블록,3013150206,소파블록,,o
30,건자재,301315,블록,3013150209,콘크리트경계블록,,o
30,건자재,301315,블록,3013150216,콘크리트두렁블록,,o
30,건자재,301315,블록,3013150301,자연석경계석,,o
30,건자재,301315,블록,3013151401,조립식철근콘크리트암거블록,,o
30,건자재,301315,블록,3013159201,안전유도블록,콘크리트소재의 제품에 한함,o
30,건자재,301315,블록,3013159801,조립식철근콘크리트저류블록,,o
30,건자재,301316,벽돌,3013160201,점토바닥벽돌,,o
30,건자재,301316,벽돌,3013160202,미장벽돌,,o
30,건자재,301316,벽돌,3013160301,콘크리트벽돌,,o
30,건자재,301317,타일및판석,3013170201,자연석판석,"공공분양주택(뉴홈, 신혼희망타운 포함), 도심공공주택복합사업은 적용 제외",o
30,건자재,301317,타일및판석,3013170401,도기질타일,"공공분양주택(뉴홈, 신혼희망타운 포함), 도심공공주택복합사업은 적용 제외",o
30,건자재,301317,타일및판석,3013170402,자기질타일,"1. 수영장타일 중 기능성타일(손잡이타일, 골타일, 수조벽트렌치타일, 트린치앵글타일 등), 폴리싱타일 및 석재타일 제외 2. 공공분양주택(뉴홈, 신혼희망타운 포함), 도심공공주택복합사업은 적용 제외",o
30,건자재,301317,타일및판석,3013170403,그림타일,"공공분양주택(뉴홈, 신혼희망타운 포함), 도심공공주택복합사업은 적용 제외",o
30,건자재,301317,타일및판석,3013170405,모자이크타일,"공공분양주택(뉴홈, 신혼희망타운 포함), 도심공공주택복합사업은 적용 제외",o
30,건자재,301317,타일및판석,3013170408,부조타일,"공공분양주택(뉴홈, 신혼희망타운 포함), 도심공공주택복합사업은 적용 제외",o
30,건자재,301515,지붕재료,3015159001,그을림한식기와,,o
30,건자재,301518,외벽용재료,3015180209,금속제패널,,o
30,건자재,301518,외벽용재료,3015189901,합성고분자방수시트,,o
30,건자재,301519,마무리재료및제품,3015190101,차양,,o
30,건자재,301520,울타리재료및제품,3015200101,디자인형울타리,,o
30,건자재,301520,울타리재료및제품,3015200102,메시형울타리,,o
30,건자재,301520,울타리재료및제품,3015200103,YL형울타리,,o
30,건자재,301520,울타리재료및제품,3015200104,창살형울타리,,o
30,건자재,301520,울타리재료및제품,3015200105,금속제기타울타리,,o
30,건자재,301520,울타리재료및제품,3015200106,가설재울타리,,o
30,건자재,301522,외부바닥재료,3015229901,목재덱,,o
30,건자재,301522,외부바닥재료,3015229905,금속덱,,o
30,건자재,301617,바닥재,3016170201,플로어링보드,1. 강화마루제품 제외. 2. 도심공공주택복합사업은 적용 제외,o
30,건자재,301715,문,3017150401,목제문,"공공분양주택(뉴홈, 신혼희망타운 포함), 도심공공주택복합사업은 적용 제외",o
30,건자재,301715,문,3017158801,합성수지제문,"공공분양주택(뉴홈, 신혼희망타운 포함), 도심공공주택복합사업은 적용 제외",o
30,건자재,301716,창문,3017169501,합성수지제창,"공공분양주택(뉴홈, 신혼희망타운 포함), 도심공공주택복합사업은 적용 제외",o
30,건자재,301716,창문,3017169601,목제창,,o
30,건자재,301716,창문,3017169801,금속제창,1. 알루미늄제에 한함 2. 20층 이상 건물에 시공하는 커튼월은 제외,o
30,건자재,301799,문틀,3017999701,합성수지제문틀,"공공분양주택(뉴홈, 신혼희망타운 포함), 도심공공주택복합사업은 적용 제외",o
30,건자재,301799,문틀,3017999801,목제문틀,"공공분양주택(뉴홈, 신혼희망타운 포함), 도심공공주택복합사업은 적용 제외",o
30,건자재,302017,상업및산업용조립건물,3020170401,청정실,,o
30,건자재,302017,상업및산업용조립건물,3020170501,이동식초소,금속 소재의 제품에 한함,o
30,건자재,302017,상업및산업용조립건물,3020170502,흡연부스,금속 소재의 제품에 한함,o
30,건자재,302017,상업및산업용조립건물,3020170503,기타이동식부스,금속 소재의 제품에 한함,o
30,건자재,302017,상업및산업용조립건물,3020179601,조립식구조물,1. 금속 소재의 제품에 한함 2. 지붕구조물이 있는 제품에 한함,o
30,건자재,302210,상업및오락용건물,3022109901,무대장치,,o
30,건자재,302220,운송건물,3022200301,버스승강장,금속 소재의 제품에 한함,o
30,건자재,302220,운송건물,3022201701,잔교,"1. 총톤수(Gross-tonnage) 1,000톤 미만에 한함 2. 강제, 목제, 합성수지제 (PE잔교 제외), 경금속제에 한함",
30,건자재,302220,운송건물,3022206401,자전거보관대,금속 소재의 제품에 한함,o
30,건자재,302220,운송건물,3022209701,해상부유구조물,폴리에틸렌(PE) 소재의 제품에 한함,
30,건자재,302316,이동식상용및산업용조립구조물,3023160202,기타이동식화장실,,o
30,건자재,302316,이동식상용및산업용조립구조물,3023169901,컨테이너하우스,금속 소재의 제품에 한함,o
31,제조부품,311515,로프,3115150301,폴리프로필렌로프,,
31,제조부품,311515,로프,3115150401,나일론로프,,
31,제조부품,311515,로프,3115151201,폴리에틸렌로프,,
31,제조부품,311599,비전기용철선및강선,3115999601,철선,소둔 결속선에 한함,o
31,제조부품,311632,고정장치,3116329901,압륜,,o
31,제조부품,311634,금속망,3116340301,금속돌망태,,o
31,제조부품,312115,페인트및전처리제,3121151301,노면표지용페인트,KS M 6080 5종(상온경화형 플라스틱 도료) 제외,o
31,제조부품,312115,페인트및전처리제,3121159901,특수페인트,해군 선박용은 제외,o
39,"전기시스템,조명,부품,액세서리및보조용품",391016,각종등,3910161401,메탈할라이드램프,,o
39,"전기시스템,조명,부품,액세서리및보조용품",391016,각종등,3910169901,LED램프,,o
39,"전기시스템,조명,부품,액세서리및보조용품",391115,옥내조명및설비,3911150101,매입형형광등기구,,o
39,"전기시스템,조명,부품,액세서리및보조용품",391115,옥내조명및설비,3911151501,다운라이트,,o
39,"전기시스템,조명,부품,액세서리및보조용품",391115,옥내조명및설비,3911151502,LED다운라이트,,o
39,"전기시스템,조명,부품,액세서리및보조용품",391115,옥내조명및설비,3911152601,철제가로등주,,o
39,"전기시스템,조명,부품,액세서리및보조용품",391115,옥내조명및설비,3911152602,스테인리스가로등주,,o
39,"전기시스템,조명,부품,액세서리및보조용품",391115,옥내조명및설비,3911152607,가로등주부속자재,금속 소재의 제품에 한함,o
39,"전기시스템,조명,부품,액세서리및보조용품",391116,옥외조명및설비,3911160301,가로등기구,,o
39,"전기시스템,조명,부품,액세서리및보조용품",391116,옥외조명및설비,3911160302,LED가로등기구,,o
39,"전기시스템,조명,부품,액세서리및보조용품",391116,옥외조명및설비,3911160304,LED터널용등기구,,o
39,"전기시스템,조명,부품,액세서리및보조용품",391116,옥외조명및설비,3911160501,LED경관조명기구,,o
39,"전기시스템,조명,부품,액세서리및보조용품",391116,옥외조명및설비,3911160502,경관조명기구,,o
39,"전기시스템,조명,부품,액세서리및보조용품",391116,옥외조명및설비,3911160801,보안등기구,,o
39,"전기시스템,조명,부품,액세서리및보조용품",391116,옥외조명및설비,3911160802,LED보안등기구,,o
39,"전기시스템,조명,부품,액세서리및보조용품",391116,옥외조명및설비,3911161101,투광등기구,,o
39,"전기시스템,조명,부품,액세서리및보조용품",391116,옥외조명및설비,3911161102,LED투광등기구,,o
39,"전기시스템,조명,부품,액세서리및보조용품",391116,옥외조명및설비,3911161103,탐조등,,o
39,"전기시스템,조명,부품,액세서리및보조용품",391116,옥외조명및설비,3911169701,태양광가로등,,o
39,"전기시스템,조명,부품,액세서리및보조용품",391117,비상용 조명,3911170801,유도등,,o
39,"전기시스템,조명,부품,액세서리및보조용품",391118,조명용 액세서리,3911180101,메탈할라이드램프용안정기,,o
39,"전기시스템,조명,부품,액세서리및보조용품",391120,이동식및임시용조명및액세서리,3911200101,조명타워,금속 소재의 제품에 한함,o
39,"전기시스템,조명,부품,액세서리및보조용품",391121,광학조명,3911210201,LED실내조명등,,o
39,"전기시스템,조명,부품,액세서리및보조용품",391198,스마트 조명및설비,3911980201,스마트LED다운라이트,,o
39,"전기시스템,조명,부품,액세서리및보조용품",391198,스마트 조명및설비,3911980202,스마트LED실내조명등,,o
39,"전기시스템,조명,부품,액세서리및보조용품",391198,스마트 조명및설비,3911980301,스마트LED가로등기구,,o
39,"전기시스템,조명,부품,액세서리및보조용품",391198,스마트 조명및설비,3911980302,스마트LED보안등기구,,o
39,"전기시스템,조명,부품,액세서리및보조용품",391198,스마트 조명및설비,3911980303,스마트LED투광등기구,,o
39,"전기시스템,조명,부품,액세서리및보조용품",391198,스마트 조명및설비,3911980304,스마트LED터널등기구,,o
39,"전기시스템,조명,부품,액세서리및보조용품",391198,스마트 조명및설비,3911980401,스마트LED조명제어시스템,,o
39,"전기시스템,조명,부품,액세서리및보조용품",391210,동력 조절장비,3912100101,몰드변압기,"3,000kVA 이하에 한함",o
39,"전기시스템,조명,부품,액세서리및보조용품",391210,동력 조절장비,3912100102,건식변압기,,o
39,"전기시스템,조명,부품,액세서리및보조용품",391210,동력 조절장비,3912100104,유입변압기,,o
39,"전기시스템,조명,부품,액세서리및보조용품",391210,동력 조절장비,3912100105,주상변압기,VR(Voltage Regulator) 포함,o
39,"전기시스템,조명,부품,액세서리및보조용품",391210,동력 조절장비,3912100106,철도용단권변압기,,o
39,"전기시스템,조명,부품,액세서리및보조용품",391210,동력 조절장비,3912101101,무정전전원장치,"1,000kVA 이하에 한함",o
39,"전기시스템,조명,부품,액세서리및보조용품",391210,동력 조절장비,3912103001,부하개폐형지상변압기,,o
39,"전기시스템,조명,부품,액세서리및보조용품",391210,동력 조절장비,3912103002,일반지상변압기,,o
39,"전기시스템,조명,부품,액세서리및보조용품",391210,동력 조절장비,3912106001,전지형에너지저장장치(BESS),1. 전력변환장치(PCS) 출력용량 250kW 이하에 한함 2. 가정용(일반가정에서 사용) 및 배전용(한국전력 등 배전선로에 사용)은 제외,o
39,"전기시스템,조명,부품,액세서리및보조용품",391211,"배전,조정장치및액세서리",3912110101,분전반,,o
39,"전기시스템,조명,부품,액세서리및보조용품",391211,"배전,조정장치및액세서리",3912110103,주택용분전반,,o
39,"전기시스템,조명,부품,액세서리및보조용품",391211,"배전,조정장치및액세서리",3912110301,폐쇄형배전반,,o
39,"전기시스템,조명,부품,액세서리및보조용품",391211,"배전,조정장치및액세서리",3912110401,전동기제어반,,o
39,"전기시스템,조명,부품,액세서리및보조용품",391211,"배전,조정장치및액세서리",3912110603,최대수요전력제어기,,o
39,"전기시스템,조명,부품,액세서리및보조용품",391211,"배전,조정장치및액세서리",3912110604,모니터링장치,,o
39,"전기시스템,조명,부품,액세서리및보조용품",391211,"배전,조정장치및액세서리",3912110605,전력보호감시장치,,o
39,"전기시스템,조명,부품,액세서리및보조용품",391211,"배전,조정장치및액세서리",3912110701,가로등자동점멸기,,o
39,"전기시스템,조명,부품,액세서리및보조용품",391211,"배전,조정장치및액세서리",3912110702,조명용제어장치,,o
39,"전기시스템,조명,부품,액세서리및보조용품",391211,"배전,조정장치및액세서리",3912118901,계장제어장치,"1. 수처리설비에 한함 2. 신설 설비는 일일처리용량 하폐수는 10만톤 이하, 상수는 30만톤 이하에 한함 3. 통합감시 제어설비 포함",o
39,"전기시스템,조명,부품,액세서리및보조용품",391211,"배전,조정장치및액세서리",3912119801,프로그래머블로직컨트롤러,교육 및 실험용에 한함,
39,"전기시스템,조명,부품,액세서리및보조용품",391211,"배전,조정장치및액세서리",3912119901,원격단말장치(RTU),단독 발주되는 재난방지 시설에 한함,
39,"전기시스템,조명,부품,액세서리및보조용품",391218,인텔리전트빌딩설비,3912180101,빌딩자동제어장치,,o
39,"전기시스템,조명,부품,액세서리및보조용품",391317,배선관로및버스웨이,3913170401,케이블트레이,,o
39,"전기시스템,조명,부품,액세서리및보조용품",391317,배선관로및버스웨이,3913170501,케이블트레이부속품,,o
39,"전기시스템,조명,부품,액세서리및보조용품",391317,배선관로및버스웨이,3913170603,폴리에틸렌전선관,,o
39,"전기시스템,조명,부품,액세서리및보조용품",391317,배선관로및버스웨이,3913170606,파상형경질폴리에틸렌전선관,,o
39,"전기시스템,조명,부품,액세서리및보조용품",391317,배선관로및버스웨이,3913170607,합성수지제가요전선관,,o
40,배관유체조절시스템장비및부품,401016,공기순환장치및액세서리,4010160101,송풍기,,o
40,배관유체조절시스템장비및부품,401016,공기순환장치및액세서리,4010160201,공기순환기,"공공분양주택(뉴홈, 신혼희망타운 포함), 도심공공주택복합사업은 적용 제외",o
40,배관유체조절시스템장비및부품,401017,냉방장치,4010170801,팬코일유닛,,o
40,배관유체조절시스템장비및부품,401017,냉방장치,4010170901,공기조화기,,o
40,배관유체조절시스템장비및부품,401017,냉방장치,4010171201,스크루냉동기,,o
40,배관유체조절시스템장비및부품,401017,냉방장치,4010171601,냉각탑,,o
40,배관유체조절시스템장비및부품,401018,난방기구및액세서리,4010180201,원통다관식열교환기,,o
40,배관유체조절시스템장비및부품,401018,난방기구및액세서리,4010180202,판형열교환기,,o
40,배관유체조절시스템장비및부품,401019,습도조절장치,4010190201,제습기,,o
40,배관유체조절시스템장비및부품,401020,보일러,4010200101,연관보일러,발전용(전력생산용 보일러)과 가정용(가정에서 난방용으로 사용하는 보일러)은 제외,o
40,배관유체조절시스템장비및부품,401020,보일러,4010200201,수관보일러,발전용(전력생산용 보일러)과 가정용(가정에서 난방용으로 사용하는 보일러)은 제외,o
40,배관유체조절시스템장비및부품,401020,보일러,4010200601,폐열보일러,발전용(전력생산용 보일러)과 가정용(가정에서 난방용으로 사용하는 보일러)은 제외,o
40,배관유체조절시스템장비및부품,401020,보일러,4010209501,간접가열보일러,발전용(전력생산용 보일러)과 가정용(가정에서 난방용으로 사용하는 보일러)은 제외,o
40,배관유체조절시스템장비및부품,401416,밸브,4014161501,플랩밸브,,o
40,배관유체조절시스템장비및부품,401416,밸브,4014162001,버터플라이밸브,,o
40,배관유체조절시스템장비및부품,401416,밸브,4014168801,체크밸브,,o
40,배관유체조절시스템장비및부품,401416,밸브,4014169401,제수밸브,,o
40,배관유체조절시스템장비및부품,401417,배관금속부품및설비,4014178201,철근콘크리트벤치플룸관,,o
40,배관유체조절시스템장비및부품,401417,배관금속부품및설비,4014178203,철근콘크리트용배수로관,,o
40,배관유체조절시스템장비및부품,401417,배관금속부품및설비,4014178401,수문문비,수문 1련당 면적 20㎡ 이하에 한함,o
40,배관유체조절시스템장비및부품,401417,배관금속부품및설비,4014178402,수문문틀,수문 1련당 면적 20㎡ 이하에 한함,o
40,배관유체조절시스템장비및부품,401417,배관금속부품및설비,4014178403,수문밸브,,o
40,배관유체조절시스템장비및부품,401417,배관금속부품및설비,4014178601,수량계보호통,,o
40,배관유체조절시스템장비및부품,401421,관류,4014210901,원심력철근콘크리트관,원심력철근콘크리트추진관 제외,o
40,배관유체조절시스템장비및부품,401421,관류,4014210902,진동및전압철근콘크리트관,,o
40,배관유체조절시스템장비및부품,401421,관류,4014212301,파형강관,,o
40,배관유체조절시스템장비및부품,401421,관류,4014218501,비압력용경질폴리염화비닐관,연간 구매예정수량 20% 이내에서 예외,o
40,배관유체조절시스템장비및부품,401421,관류,4014218502,압력용경질폴리염화비닐관,연간 구매예정수량 20% 이내에서 예외,o
40,배관유체조절시스템장비및부품,401421,관류,4014218902,폴리에틸렌피복강관,1. 가스관 또는 송유관은 제외 2. 분체라이닝식 강관은 제외,o
40,배관유체조절시스템장비및부품,401421,관류,4014219701,일반용폴리에틸렌관,,o
40,배관유체조절시스템장비및부품,401421,관류,4014219702,수도용폴리에틸렌관,,o
40,배관유체조절시스템장비및부품,401423,관이음자재,4014231201,신축관이음,,o
40,배관유체조절시스템장비및부품,401423,관이음자재,4014238401,폴리에틸렌피복강관이음관,1. 가스관 또는 송유관은 제외 2. 분체라이닝식 강관은 제외,o
40,배관유체조절시스템장비및부품,401423,관이음자재,4014239301,일반용폴리에틸렌이음관,,o
40,배관유체조절시스템장비및부품,401423,관이음자재,4014239302,수도용폴리에틸렌이음관,,o
40,배관유체조절시스템장비및부품,401423,관이음자재,4014239601,비압력용경질폴리염화비닐이음관,1. 공동주택용 200Φ 이하 제외 2. 연간 구매 예정 수량 20% 이내에서 예외,o
40,배관유체조절시스템장비및부품,401423,관이음자재,4014239604,일반용경질폴리염화비닐제부속품,,o
40,배관유체조절시스템장비및부품,401515,펌프류,4015150301,다단벌류트펌프,1. 상수도용은 토출구경 500mm 미만에 한함 2. 발전용 및 액화 천연가스 (LNG)용 제품은 제외,o
40,배관유체조절시스템장비및부품,401515,펌프류,4015150302,단단벌류트펌프,1. 상수도용은 토출구경 500mm 미만에 한함 2. 발전용 및 액화 천연가스 (LNG)용 제품은 제외,o
40,배관유체조절시스템장비및부품,401515,펌프류,4015150303,양흡입벌류트펌프,1. 상수도용은 토출구경 500mm 미만에 한함 2. 발전용 및 액화 천연가스 (LNG)용 제품은 제외,o
40,배관유체조절시스템장비및부품,401515,펌프류,4015150304,편흡입벌류트펌프,1. 상수도용은 토출구경 500mm 미만에 한함 2. 발전용 및 액화 천연가스 (LNG)용 제품은 제외,o
40,배관유체조절시스템장비및부품,401515,펌프류,4015150501,정량펌프,,o
40,배관유체조절시스템장비및부품,401515,펌프류,4015151301,수중펌프,"1. 상수도용은 토출구경 1,200mm 미만에 한함 2. 발전용 및 액화 천연가스 (LNG)용 제품은 제외",o
40,배관유체조절시스템장비및부품,401515,펌프류,4015151701,오수펌프,,o
40,배관유체조절시스템장비및부품,401515,펌프류,4015152501,슬러지펌프,,o
40,배관유체조절시스템장비및부품,401515,펌프류,4015154601,입축축류펌프,"1. 상수도용은 토출구경 1,200mm 미만에 한함 2. 발전용 및 액화 천연가스 (LNG)용 제품은 제외",o
40,배관유체조절시스템장비및부품,401515,펌프류,4015154701,심정용펌프,,o
40,배관유체조절시스템장비및부품,401515,펌프류,4015155301,전진공동펌프,,o
40,배관유체조절시스템장비및부품,401515,펌프류,4015156601,부스터펌프,,o
40,배관유체조절시스템장비및부품,401515,펌프류,4015157001,입축사류펌프,"상수도용은 토출구경 1,200mm 미만에 한함",o
40,배관유체조절시스템장비및부품,401515,펌프류,4015157002,횡축사류펌프,"상수도용은 토출구경 1,200mm 미만에 한함",o
40,배관유체조절시스템장비및부품,401615,필터류,4016150201,워터필터,,o
40,배관유체조절시스템장비및부품,401615,필터류,4016150301,전기집진장치,,o
40,배관유체조절시스템장비및부품,401615,필터류,4016150306,제진장치,,o
40,배관유체조절시스템장비및부품,401615,필터류,4016150501,공기여과기,"에어필터(프리필터, 미듐, 헤파필터), 자동공기여과장치 포함",o
40,배관유체조절시스템장비및부품,401615,필터류,4016150801,백필터,,o
40,배관유체조절시스템장비및부품,401616,정화장치,4016160501,탈취기,,o
40,배관유체조절시스템장비및부품,401616,정화장치,4016160701,배연탈황기,,o
40,배관유체조절시스템장비및부품,401616,정화장치,4016169901,공기살균기,,
40,배관유체조절시스템장비및부품,401617,분리기,4016170101,원심분리기,수처리용 및 음식물 처리장용 제품에 한함,o
40,배관유체조절시스템장비및부품,401725,관연결자재,4017259801,파형강관이음관,,o
41,"실험실용실험,측정,관측및검사기기",411032,실험용세척및청소장비,4110320201,실험용세척기,,
41,"실험실용실험,측정,관측및검사기기",411034,실험실용환경조절장치,4110340601,무균함,,
41,"실험실용실험,측정,관측및검사기기",411034,실험실용환경조절장치,4110341801,대형온습도환경조성실,,
41,"실험실용실험,측정,관측및검사기기",411034,실험실용환경조절장치,4110349101,항온항습조,,
41,"실험실용실험,측정,관측및검사기기",411035,실험용환기장치및액세서리,4110350201,실험실용배기기,,
41,"실험실용실험,측정,관측및검사기기",411042,실험실용용수정화장비및용품,4110420601,초순수제조기,,
41,"실험실용실험,측정,관측및검사기기",411044,실험용배양장비,4110440501,진탕배양기,,
41,"실험실용실험,측정,관측및검사기기",411045,실험용오븐및액세서리,4110451001,건조기,,
41,"실험실용실험,측정,관측및검사기기",411046,실험용가열로및액세서리,4110460101,실험실용전기로,,
41,"실험실용실험,측정,관측및검사기기",411067,식물연구장비및액세서리,4110670501,식물생장조절실,,
41,"실험실용실험,측정,관측및검사기기",411124,압력측정및제어용기기,4111249801,프로세스제어반,상·하수 측정용 계측기 포함,o
41,"실험실용실험,측정,관측및검사기기",411125,유체측정용기기,4111250101,유량계,휴대용 유량계 제외,o
41,"실험실용실험,측정,관측및검사기기",411125,유체측정용기기,4111250401,수도미터,,o
41,"실험실용실험,측정,관측및검사기기",411136,전기계측기,4111368901,종합계측기,,
42,의료용기기,421819,급성질환자모니터링장치및관련제품,4218190401,환자감시장치,,
42,의료용기기,422815,"고압증기멸균기,살균기기및액세서리",4228159601,고압멸균기,,
43,정보기술방송및통신기,431915,개인통신장치,4319151001,무선송수신기,소방관련 기관 공급용 제품은 제외,
43,정보기술방송및통신기,432018,매체저장장치,4320180201,디스크어레이,실용량(Usable) 100TB 이하이면서 캐시메모리 64GB 이하 제품 또는 물리적용량(Physical) 200TB 이하이면서 캐시메모리 64GB 이하 제품에 한함,
43,정보기술방송및통신기,432115,컴퓨터,4321150102,컴퓨터서버,"x86 서버 CPU 1개 전체, CPU 2개 중 Clock(기본주파수) 3.2GHz 이하 제품에 한함",
43,정보기술방송및통신기,432115,컴퓨터,4321150701,데스크톱컴퓨터,,
43,정보기술방송및통신기,432115,컴퓨터,4321151402,무인안내시스템,,o
43,정보기술방송및통신기,432115,컴퓨터,4321151403,버스및차량정보안내장치,,o
43,정보기술방송및통신기,432115,컴퓨터,4321159301,일체형컴퓨터,,
43,정보기술방송및통신기,432115,컴퓨터,4321159401,특수목적컴퓨터,,
43,정보기술방송및통신기,432215,콜매니지먼트시스템또는액세서리,4322150101,자동안내장치,,o
43,정보기술방송및통신기,432215,콜매니지먼트시스템또는액세서리,4322152101,원격접속장치,,o
43,정보기술방송및통신기,432217,고정네트워크장비및부품,4322172101,무선통신장치,,
43,정보기술방송및통신기,432217,고정네트워크장비및부품,4322172104,무선통신송신기,,
43,정보기술방송및통신기,432217,고정네트워크장비및부품,4322173301,원격자동검침시스템,공동주택 유선방식 제외,o
43,정보기술방송및통신기,432218,광네트워크장치,4322181001,광다중화장치,,o
43,정보기술방송및통신기,432226,네트워크서비스장비,4322269601,동보장치,,o
43,정보기술방송및통신기,432226,네트워크서비스장비,4322269602,마을무선방송장치,,o
43,정보기술방송및통신기,432228,전화장비,4322281705,지하재방송장치,,o
43,정보기술방송및통신기,432228,전화장비,4322281805,통합배선반,,o
43,정보기술방송및통신기,432228,전화장비,4322289701,주파수분할다중화장치,,o
44,사무용기기액세서리및용품,441119,칠판,4411190701,게시판또는액세서리,,o
44,사무용기기액세서리및용품,441119,칠판,4411191101,인터랙티브화이트보드,,o
44,사무용기기액세서리및용품,441120,일정관리용품,4411200201,달력,,
44,사무용기기액세서리및용품,441215,우편용품,4412150401,창봉투,,
45,"인쇄,사진및시청각기기",451116,영사기및소모품,4511160301,영사용스크린,,
45,"인쇄,사진및시청각기기",451116,영사기및소모품,4511169701,영사대,,
45,"인쇄,사진및시청각기기",451117,오디오프리젠테이션및창작장비하드웨어및컨트롤러,4511170501,구내방송장치,,o
45,"인쇄,사진및시청각기기",451118,복합영상장비및콘트롤러,4511181001,실물화상기,,
45,"인쇄,사진및시청각기기",451118,복합영상장비및콘트롤러,4511189301,영상정보디스플레이장치,1. 멀티형비디오월 제외 2. 단독형 600cd/㎡미만에 한함,o
46,공공안전및치안장비,461615,교통통제장비,4616150401,교통신호등,,o
46,공공안전및치안장비,461615,교통통제장비,4616150403,교통신호제어기,,o
46,공공안전및치안장비,461615,교통통제장비,4616150407,바닥형보행신호등,,o
46,공공안전및치안장비,461615,교통통제장비,4616151601,차량번호판독기,주차단속 및 보안용 제품에 한함,o
46,공공안전및치안장비,461615,교통통제장비,4616152604,보행신호음성안내보조장치,,
46,공공안전및치안장비,461615,교통통제장비,4616157001,도로안전표지판지주,,o
46,공공안전및치안장비,461615,교통통제장비,4616157201,신호등주,,o
46,공공안전및치안장비,461615,교통통제장비,4616157901,교통관제시스템,선박교통관제(VTS) 시스템 제외,
46,공공안전및치안장비,461615,교통통제장비,4616158501,도로표지병,,o
46,공공안전및치안장비,461615,교통통제장비,4616159101,종합폴,,o
46,공공안전및치안장비,461716,감시및탐지장비,4617160401,비상경보기,,o
46,공공안전및치안장비,461716,감시및탐지장비,4617160402,벨,,o
46,공공안전및치안장비,461716,감시및탐지장비,4617161002,보안용카메라,총액 100억원 이상 대규모 국방사업의 경우 제외,o
46,공공안전및치안장비,461716,감시및탐지장비,4617161901,출입통제시스템,,o
46,공공안전및치안장비,461716,감시및탐지장비,4617162201,영상감시장치,총액 100억원 이상 대규모 국방사업의 경우 제외,o
46,공공안전및치안장비,461716,감시및탐지장비,4617168501,무인교통감시장치,,o
46,공공안전및치안장비,461815,보호용의류,4618150701,안전조끼,,
46,공공안전및치안장비,461815,보호용의류,4618150902,농약안전보호복및액세서리,,
46,공공안전및치안장비,461815,보호용의류,4618150903,화학물질보호복,4~6형식에 한함,
46,공공안전및치안장비,461815,보호용의류,4618152801,안전용덧옷,방사능 보호복은 제외,
46,공공안전및치안장비,461815,보호용의류,4618159901,산불진화복,,
46,공공안전및치안장비,461824,정화기기및안전청결장비,4618240101,방역용소독기,,
46,공공안전및치안장비,461825,개인보호장비또는무기,4618250401,화재수신기,중계기 포함,o
46,공공안전및치안장비,461915,화재예방장비,4619159601,단독경보형감지기,,o
46,공공안전및치안장비,461916,화재진압장비,4619160101,수동식소화기,,
46,공공안전및치안장비,461916,화재진압장비,4619160102,소화전,,o
46,공공안전및치안장비,461916,화재진압장비,4619160111,자동식소화기,,o
46,공공안전및치안장비,461916,화재진압장비,4619160302,소방호스,,o
47,위생장비및용품,471015,수처리및공급장비,4710150102,활성탄공급장치,,o
47,위생장비및용품,471015,수처리및공급장비,4710150501,염소투입기,,o
47,위생장비및용품,471015,수처리및공급장비,4710150502,차아염소산나트륨발생장치,,o
47,위생장비및용품,471015,수처리및공급장비,4710151201,교반기,,o
47,위생장비및용품,471015,수처리및공급장비,4710151202,혼합기,,o
47,위생장비및용품,471015,수처리및공급장비,4710151701,자외선살균기,,o
47,위생장비및용품,471015,수처리및공급장비,4710152201,일체형폐수처리장치,,o
47,위생장비및용품,471015,수처리및공급장비,4710152501,벨트프레스탈수기,,o
47,위생장비및용품,471015,수처리및공급장비,4710152502,스크루프레스형탈수기,,o
47,위생장비및용품,471015,수처리및공급장비,4710152503,디칸터형원심탈수기,,o
47,위생장비및용품,471015,수처리및공급장비,4710152504,원심농축기,,o
47,위생장비및용품,471015,수처리및공급장비,4710152505,필터프레스탈수기,,o
47,위생장비및용품,471015,수처리및공급장비,4710152507,디스크형농축기,,o
47,위생장비및용품,471015,수처리및공급장비,4710152901,소각로,"1. 일일처리용량 70ton/일 이하에 한함 2. 가스냉각장치, 유해 가스 저감 장치 포함",o
47,위생장비및용품,471015,수처리및공급장비,4710153501,오수정화장치,본체가 플라스틱 소재의 제품에 한함,o
47,위생장비및용품,471015,수처리및공급장비,4710153601,슬러지수집기,,o
47,위생장비및용품,471015,수처리및공급장비,4710154201,부상분리장치,,o
47,위생장비및용품,471016,용수처리용품,4710160803,폴리염화알루미늄,,
47,위생장비및용품,471099,용수처리및공급장비,4710996001,약품투입기,,o
47,위생장비및용품,471099,용수처리및공급장비,4710996401,오수처리용산기장치,,o
47,위생장비및용품,471099,용수처리및공급장비,4710996402,정수처리용산기장치,,o
47,위생장비및용품,471099,용수처리및공급장비,4710996501,침사인양기,,o
47,위생장비및용품,471099,용수처리및공급장비,4710997001,상향류식여과장치,,o
47,위생장비및용품,471099,용수처리및공급장비,4710997201,섬유여과기,,o
47,위생장비및용품,471099,용수처리및공급장비,4710997601,경사판침강장치,,o
47,위생장비및용품,471099,용수처리및공급장비,4710997801,협잡물처리기,,o
47,위생장비및용품,471099,용수처리및공급장비,4710997901,드럼스크린,,o
47,위생장비및용품,471099,용수처리및공급장비,4710998001,제진기,,o
47,위생장비및용품,471099,용수처리및공급장비,4710998701,평면스크린,,o
47,위생장비및용품,471099,용수처리및공급장비,4710998901,호퍼,슬러지 저장용 탱크 및 사일로에 한함,o
47,위생장비및용품,471099,용수처리및공급장비,4710999201,응집기,,o
47,위생장비및용품,471099,용수처리및공급장비,4710999801,스컴제거기,,o
47,위생장비및용품,471217,쓰레기용기및액세서리,4712170101,쓰레기봉투,폴리에틸렌(PE) 소재의 제품에 한함,
47,위생장비및용품,471217,쓰레기용기및액세서리,4712170201,쓰레기통,,o
47,위생장비및용품,471217,쓰레기용기및액세서리,4712170202,음식물쓰레기처리통,플라스틱 소재의 제품에 한함,
48,서비스업용기계장비및용품,481015,상업용조리기기,4810151101,부침기,,
48,서비스업용기계장비및용품,481015,상업용조리기기,4810151701,상업용오븐,용량 35L 이하 제품 제외,
48,서비스업용기계장비및용품,481015,상업용조리기기,4810152102,상업용전기레인지,,
48,서비스업용기계장비및용품,481015,상업용조리기기,4810153002,취반기,,
48,서비스업용기계장비및용품,481016,상업용식료품가공기기,4810161501,상업용식기세척기,,
48,서비스업용기계장비및용품,481017,상업용식음료품조제기기,4810171001,음수기,,
48,서비스업용기계장비및용품,481017,상업용식음료품조제기기,4810179901,정수기,,
48,서비스업용기계장비및용품,481018,상업용취사도구및주방기구,4810181801,주방기구소독기,,
48,서비스업용기계장비및용품,481018,상업용취사도구및주방기구,4810189601,상업용주방후드,,o
48,서비스업용기계장비및용품,481020,식당용가구,4810209501,상업용조리대,,
48,서비스업용기계장비및용품,481020,식당용가구,4810209601,상업용싱크대,,o
48,서비스업용기계장비및용품,481020,식당용가구,4810209701,배식대,,
48,서비스업용기계장비및용품,481020,식당용가구,4810209901,주방기기용받침대,"가정용 가스레인지대, 복합취사대에 한함(상업용 제외)",o
49,스포츠및레크리에이션장비용품및액세서리,491215,캠핑용품,4912150301,야영용텐트,국방규격에 한함,
49,스포츠및레크리에이션장비용품및액세서리,491215,캠핑용품,4912150401,침낭,,
49,스포츠및레크리에이션장비용품및액세서리,491215,캠핑용품,4912159601,천막용방수포,,
49,스포츠및레크리에이션장비용품및액세서리,492015,유산소운동기구,4920150101,트레드밀,,
49,스포츠및레크리에이션장비용품및액세서리,492016,근력강화용헬스기구,4920160301,레그프레스머신,,
49,스포츠및레크리에이션장비용품및액세서리,492016,근력강화용헬스기구,4920160302,레그익스텐션머신,,
49,스포츠및레크리에이션장비용품및액세서리,492016,근력강화용헬스기구,4920160303,레그컬머신,,
49,스포츠및레크리에이션장비용품및액세서리,492016,근력강화용헬스기구,4920160311,하체근력강화용자전거,,
49,스포츠및레크리에이션장비용품및액세서리,492016,근력강화용헬스기구,4920160501,벤치프레스,,
49,스포츠및레크리에이션장비용품및액세서리,492016,근력강화용헬스기구,4920160506,체스트웨이트,,
49,스포츠및레크리에이션장비용품및액세서리,492016,근력강화용헬스기구,4920160508,랫풀다운머신,,
49,스포츠및레크리에이션장비용품및액세서리,492016,근력강화용헬스기구,4920160511,스미스머신,,
49,스포츠및레크리에이션장비용품및액세서리,492016,근력강화용헬스기구,4920161101,종합운동기구,,
49,스포츠및레크리에이션장비용품및액세서리,492016,근력강화용헬스기구,4920169701,야외운동기구,"1.야외헬스기구에 한함 2.산책로 설치 포함 3.공공분양주택(뉴홈, 신혼희망타운 포함), 도심공공주택복합사업은 적용 제외",o
49,스포츠및레크리에이션장비용품및액세서리,492215,스포츠액세서리,4922150101,전광스코어보드,,o
49,스포츠및레크리에이션장비용품및액세서리,492215,스포츠액세서리,4922158401,농구대,,
49,스포츠및레크리에이션장비용품및액세서리,492415,운동장및놀이터용장비,4924151101,퍼걸러,"1.산책로 설치 포함 2.공공분양주택(뉴홈, 신혼희망타운 포함), 도심공공주택복합사업은 적용 제외",o
49,스포츠및레크리에이션장비용품및액세서리,492415,운동장및놀이터용장비,4924159601,기타조경시설물,"1.산책로 설치 포함 2.공공분양주택(뉴홈, 신혼희망타운 포함), 도심공공주택복합사업은 적용 제외",o
49,스포츠및레크리에이션장비용품및액세서리,492415,운동장및놀이터용장비,4924159701,조합놀이대,"1.산책로 설치 포함 2.공공분양주택(뉴홈, 신혼희망타운 포함), 도심공공주택복합사업은 적용 제외",o
50,식음료품및담배제품,501120,가공육류및조리육류,5011209903,양념육류(불고기패티포함),"돈까스, 미트볼, 탕수육, 팝콘형 치킨, 불고기패티에 한함",
50,식음료품및담배제품,501120,가공육류및조리육류,5011209904,햄류,햄(부대찌개용 햄 포함)에 한함,
50,식음료품및담배제품,501120,가공육류및조리육류,5011209905,소시지류,"소시지, 부대찌개용 소시지(비엔나 소시지는 제외)에 한함",
50,식음료품및담배제품,501215,신선또는냉동한어류및어류부산물,5012159802,어육가공품,생선묵 튀김제품에 한함,
50,식음료품및담배제품,501215,신선또는냉동한어류및어류부산물,5012159804,새우패티,,
50,식음료품및담배제품,501218,해조류,5012180401,조미김,맛김 및 김자반에 한함,
50,식음료품및담배제품,501718,각종소스류,5017183101,요리용소스,자장소스에 한함,
50,식음료품및담배제품,501720,장류,5017200101,간장,혼합간장에 한함,
50,식음료품및담배제품,501720,장류,5017200201,고추장,,
50,식음료품및담배제품,501720,장류,5017200301,된장,,
50,식음료품및담배제품,501819,"빵,비스킷및쿠키",5018190101,신선한빵,,
50,식음료품및담배제품,501819,"빵,비스킷및쿠키",5018190201,냉동빵,,
50,식음료품및담배제품,501819,"빵,비스킷및쿠키",5018190401,말린빵,,
50,식음료품및담배제품,501819,"빵,비스킷및쿠키",5018190502,건빵,,
50,식음료품및담배제품,501819,"빵,비스킷및쿠키",5018190601,상온보관용빵,,
50,식음료품및담배제품,501929,파스타및면류,5019290201,면류,"자장면, 쫄면, 물냉면, 비빔냉면, 가락국수, 당면, 즉석 쌀국수에 한함",
50,식음료품및담배제품,504670,김치류,5046700101,배추김치,,
50,식음료품및담배제품,504670,김치류,5046700201,열무김치,,
50,식음료품및담배제품,504670,김치류,5046700401,총각김치,,
50,식음료품및담배제품,504670,김치류,5046700501,깍두기,,
52,가정용품및가전제품,521215,침구류,5212150201,이불,,
52,가정용품및가전제품,521215,침구류,5212150301,이불커버,,
52,가정용품및가전제품,521215,침구류,5212150401,매트리스커버,,
52,가정용품및가전제품,521215,침구류,5212150501,베개,,
52,가정용품및가전제품,521215,침구류,5212150601,요,,
52,가정용품및가전제품,521215,침구류,5212150801,담요,,
52,가정용품및가전제품,521215,침구류,5212150901,시트,,
52,가정용품및가전제품,521217,타월,5212170301,타월,,
52,가정용품및가전제품,521315,커튼및긴커튼,5213150101,커튼,,
52,가정용품및가전제품,521316,블라인드및차양,5213160101,베니션블라인드,,
52,가정용품및가전제품,521316,블라인드및차양,5213160201,롤업셰이드,,
52,가정용품및가전제품,521316,블라인드및차양,5213160401,버티컬블라인드,,
,국방규격,,국방규격,,"기동,총포,통신,일반장비카바류",,
52,가정용품및가전제품,521516,가정용주방용구,5215165001,가정용싱크대,도심공공주택복합사업은 적용 제외,o
52,가정용품및가전제품,521522,설거지및식기수납보조용품,5215220201,식기건조대,,o
52,가정용품및가전제품,521522,설거지및식기수납보조용품,5215220401,가정용조리대,,o
53,"의류,가방및개인관리용품",531018,코트및재킷,5310180201,남성용외투,,
53,"의류,가방및개인관리용품",531018,코트및재킷,5310180401,여성용외투,,
53,"의류,가방및개인관리용품",531023,속옷,5310230101,속셔츠,국방규격에 한함,
53,"의류,가방및개인관리용품",531023,속옷,5310230302,팬티,,
53,"의류,가방및개인관리용품",531023,속옷,5310239901,내복,,
53,"의류,가방및개인관리용품",531024,양말류,5310240201,양말,,
53,"의류,가방및개인관리용품",531025,의류액세서리,5310250101,허리띠,,
53,"의류,가방및개인관리용품",531025,의류액세서리,5310250102,수납벨트,국방규격 및 경찰규격에 한함,
53,"의류,가방및개인관리용품",531025,의류액세서리,5310250401,장갑,,
53,"의류,가방및개인관리용품",531027,유니폼,5310270101,전투복,,
53,"의류,가방및개인관리용품",531027,유니폼,5310270102,군용근무복,,
53,"의류,가방및개인관리용품",531027,유니폼,5310270103,군용정복,,
53,"의류,가방및개인관리용품",531027,유니폼,5310270105,군용외투,,
53,"의류,가방및개인관리용품",531027,유니폼,5310270108,군용전투조끼,국방규격 및 경찰규격에 한함,
53,"의류,가방및개인관리용품",531027,유니폼,5310270201,남자정복,,
53,"의류,가방및개인관리용품",531027,유니폼,5310270202,여자정복,,
53,"의류,가방및개인관리용품",531027,유니폼,5310271001,근무복,,
53,"의류,가방및개인관리용품",531027,유니폼,5310271003,작업복,공군정비복은 제외,
53,"의류,가방및개인관리용품",531027,유니폼,5310279901,기동복,,
53,"의류,가방및개인관리용품",531029,운동복,5310290101,여성용운동복,,
53,"의류,가방및개인관리용품",531029,운동복,5310290201,남성용운동복,,
53,"의류,가방및개인관리용품",531215,여행가방,5312150301,개인용소형가방,,
53,"의류,가방및개인관리용품",531215,여행가방,5312159901,의류대,국방규격 및 경찰규격에 한함,
53,"의류,가방및개인관리용품",531216,"지갑,핸드백및일반백",5312160301,배낭,국방규격 및 경찰규격에 한함,
54,"시계,보석및원석제품",541115,휴대용시계,5411150101,손목시계,,
55,출판물,551015,인쇄출판물,5510150401,신문,,
55,출판물,551015,인쇄출판물,5510150901,교재,,
55,출판물,551015,인쇄출판물,5510151501,연감,,
55,출판물,551015,인쇄출판물,5510151901,정기간행물,,
55,출판물,551015,인쇄출판물,5510152001,팸플릿,,
55,출판물,551015,인쇄출판물,5510152901,통장,,
55,출판물,551015,인쇄출판물,5510159901,기타인쇄물,,
55,출판물,551216,라벨,5512161201,라벨용지,인쇄기용에 한함,
55,출판물,551216,라벨,5512161203,일반인쇄스티커,,
55,출판물,551216,라벨,5512161204,실사출력인쇄스티커,,
55,출판물,551217,신호표지,5512170401,갈매기표지판,,o
55,출판물,551217,신호표지,5512170601,현수막,,
55,출판물,551217,신호표지,5512171001,교통안전표지,,o
55,출판물,551217,신호표지,5512171002,도로표지,,o
55,출판물,551217,신호표지,5512171701,건물번호판,,
55,출판물,551217,신호표지,5512171702,도로명판,,
55,출판물,551217,신호표지,5512171801,안내판,,o
55,출판물,551219,표식장비,5512190301,안내전광판,픽셀간격 1mm 이하 마이크로 LED 제외,o
55,출판물,551219,표식장비,5512190302,기상전광판,,o
55,출판물,551219,표식장비,5512190303,교통정보전광판,,o
55,출판물,551219,표식장비,5512190401,간판,,o
55,출판물,551219,표식장비,5512190801,안내판걸이구,,
55,출판물,551219,표식장비,5512190802,전시대,,
56,가구및관련제품,561015,가구,5610150201,소파,,o
56,가구및관련제품,561015,가구,5610150701,책장,,o
56,가구및관련제품,561015,가구,5610150801,매트리스,라텍스 매트리스 제외,
56,가구및관련제품,561015,가구,5610151501,침대,,o
56,가구및관련제품,561015,가구,5610151601,장롱,도심공공주택복합사업은 적용 제외,o
56,가구및관련제품,561015,가구,5610151901,응접탁자,,
56,가구및관련제품,561015,가구,5610152001,사물함,금속 또는 목재 소재의 제품에 한함,o
56,가구및관련제품,561015,가구,5610152003,군용사물함,금속 또는 목재 소재의 제품에 한함,o
56,가구및관련제품,561015,가구,5610153001,캐비닛,,o
56,가구및관련제품,561015,가구,5610153101,신발장,"공공분양주택(뉴홈, 신혼희망타운 포함), 도심공공주택복합사업은 적용 제외",o
56,가구및관련제품,561015,가구,5610153801,찬장,도심공공주택복합사업은 적용 제외,o
56,가구및관련제품,561015,가구,5610154201,접이식의자,,o
56,가구및관련제품,561015,가구,5610154301,식탁,,o
56,가구및관련제품,561015,가구,5610159201,청소도구함,,
56,가구및관련제품,561016,옥외용가구,5610160501,옥외용벤치,"1. 산책로 설치 포함 2. 공공분양주택(뉴홈, 신혼희망타운 포함), 도심공공주택복합사업은 적용 제외",o
56,가구및관련제품,561017,사무용가구,5610170301,책상,,o
56,가구및관련제품,561017,사무용가구,5610170601,회의용탁자,,o
56,가구및관련제품,561017,사무용가구,5610170801,이동형파일서랍,,o
56,가구및관련제품,561017,사무용가구,5610171901,보조책상,,o
56,가구및관련제품,561116,패널시스템,5611160101,사무실칸막이,,o
56,가구및관련제품,561121,좌석,5611210201,작업용의자,,o
56,가구및관련제품,561121,좌석,5611210501,라운지용의자,,o
56,가구및관련제품,561121,좌석,5611210601,스툴의자,,o
56,가구및관련제품,561121,좌석,5611210801,책걸상,,o
56,가구및관련제품,561210,도서관가구,5612100201,카운터,,o
56,가구및관련제품,561210,도서관가구,5612101501,이동식서가,,o
56,가구및관련제품,561215,교실용가구,5612150101,실습대,,
56,가구및관련제품,561215,교실용가구,5612150201,교실용걸상,,o
56,가구및관련제품,561215,교실용가구,5612150501,수강용탁자,,o
56,가구및관련제품,561215,교실용가구,5612150601,학생용책상,,o
56,가구및관련제품,561215,교실용가구,5612150701,칸막이형열람대,,o
56,가구및관련제품,561215,교실용가구,5612150801,컴퓨터책상,,o
56,가구및관련제품,561215,교실용가구,5612159801,교탁,,
56,가구및관련제품,561217,교실용서적및기타물품보관장비,5612179801,칠판보조장,,
56,가구및관련제품,561218,직업교육시설및설비,5612180401,강연대,,
56,가구및관련제품,561219,전시용가구,5612190201,전시용진열대,,o
56,가구및관련제품,561219,전시용가구,5612190301,수장고용수납장,,o
56,가구및관련제품,561220,연구실용가구,5612200101,실험대,,
56,가구및관련제품,561220,연구실용가구,5612200201,실험기구진열장,,
56,가구및관련제품,561220,연구실용가구,5612200202,약품장,,
56,가구및관련제품,561220,연구실용가구,5612200401,실험실용싱크대,,
60,"악기,게임,장난감,미술작품,공예품,교육용장비,교재,교육용품및교육용보조품",601047,에너지및힘물리학교재,6010478701,유압제어실험장치,,
60,"악기,게임,장난감,미술작품,공예품,교육용장비,교재,교육용품및교육용보조품",601047,에너지및힘물리학교재,6010479801,신재생에너지실험장치,,
60,"악기,게임,장난감,미술작품,공예품,교육용장비,교재,교육용품및교육용보조품",601061,직업교육자료,6010610101,엔진모의장치,,
60,"악기,게임,장난감,미술작품,공예품,교육용장비,교재,교육용품및교육용보조품",601061,직업교육자료,6010610401,전기전자교육자료,,
60,"악기,게임,장난감,미술작품,공예품,교육용장비,교재,교육용품및교육용보조품",601062,기술교육자료,6010621401,교육용로봇,,
60,"악기,게임,장난감,미술작품,공예품,교육용장비,교재,교육용품및교육용보조품",601062,기술교육자료,6010629901,공정제어실험장치,,
60,"악기,게임,장난감,미술작품,공예품,교육용장비,교재,교육용품및교육용보조품",601064,전자공학교육장비및용품,6010640202,정보통신망실습장비,,
60,"악기,게임,장난감,미술작품,공예품,교육용장비,교재,교육용품및교육용보조품",601093,멀티미디어학습시스템및용품,6010939901,멀티미디어학습장치,,
60,"악기,게임,장난감,미술작품,공예품,교육용장비,교재,교육용품및교육용보조품",601093,멀티미디어학습시스템및용품,6010939902,수업자동녹화시스템,,
60,"악기,게임,장난감,미술작품,공예품,교육용장비,교재,교육용품및교육용보조품",601098,학습교구,6010989901,실물모형및전시물,,o
60,"악기,게임,장난감,미술작품,공예품,교육용장비,교재,교육용품및교육용보조품",601099,교육훈련장비및용품,6010999901,교육훈련장비,"자동제어교육실습장비, 마이크로프로세서교육실습장비, 과학교구실험실습장비에 한함",
60,"악기,게임,장난감,미술작품,공예품,교육용장비,교재,교육용품및교육용보조품",601210,예술품,6012100201,조형물,,o
72,건물및시설물건설유지보수서비스,721540,특수건물및전문시공용역,7215401001,승강기유지보수서비스,,
72,건물및시설물건설유지보수서비스,721540,특수건물및전문시공용역,7215409901,전시부스설치및디자인서비스,"1. 해외전시회 포함 2. '전시산업발전법' 제2조 2호, 3호에 따른 전시회 및 전시회 부대행사용 전시부스 설치 및 디자인서비스 등을 포함",
72,건물및시설물건설유지보수서비스,721540,특수건물및전문시공용역,7215409902,전시홍보관설치및디자인서비스,"1. 해외전시회 포함 2. '전시산업발전법' 제2조 2호, 3호에 따른 전시회 및 전시회 부대행사용 전시홍보관설치 및 디자인서비스 등을 포함",
76,산업위생관련서비스,761115,일반건물및사무실청소업,7611150101,건물청소서비스,공공기관이 자회사와 수의계약하는 경우 제외,
78,운송과보관및우편관련서비스,781118,도로수송,7811189901,공공기관통근운송서비스,,
78,운송과보관및우편관련서비스,781118,도로수송,7811189902,통학운송서비스,,
78,운송과보관및우편관련서비스,781118,도로수송,7811189904,기타도로여객운송서비스,,
80,경영관련서비스,801416,판매및판촉활동,8014162201,우편발송서비스,,
80,경영관련서비스,801419,"전시회,회의및행사대행서비스",8014190201,회의기획및대행서비스,추정가격 10억원 미만에 한함,
80,경영관련서비스,801419,"전시회,회의및행사대행서비스",8014198801,전시회기획및대행서비스,,
80,경영관련서비스,801419,"전시회,회의및행사대행서비스",8014198901,국제행사기획및대행서비스,추정가격 10억원 미만에 한함,
80,경영관련서비스,801419,"전시회,회의및행사대행서비스",8014199001,기타행사기획및대행서비스,추정가격 10억원 미만에 한함,
81,공학연구및기술기반서비스,811015,토목공학,8110159601,유수율제고서비스,,
81,공학연구및기술기반서비스,811115,소프트웨어엔지니어링업,8111159801,패키지소프트웨어개발및도입서비스,소프트웨어 진흥법 제48조 적용,
81,공학연구및기술기반서비스,811115,소프트웨어엔지니어링업,8111159901,정보시스템개발서비스,소프트웨어 진흥법 제48조 적용,
81,공학연구및기술기반서비스,811117,경영정보시스템,8111179901,정보인프라구축서비스,소프트웨어 진흥법 제48조 적용,
81,공학연구및기술기반서비스,811118,시스템관리,8111181101,운영위탁서비스,소프트웨어 진흥법 제48조 적용,
81,공학연구및기술기반서비스,811118,시스템관리,8111189901,정보시스템유지관리서비스,소프트웨어 진흥법 제48조 적용,
81,공학연구및기술기반서비스,811120,데이터서비스,8111200201,데이터처리서비스,소프트웨어 진흥법 제48조 적용,
81,공학연구및기술기반서비스,811120,데이터서비스,8111200202,빅데이터분석서비스,소프트웨어 진흥법 제48조 적용,
81,공학연구및기술기반서비스,811121,인터넷서비스,8111219901,인터넷지원개발서비스,소프트웨어 진흥법 제48조 적용,
81,공학연구및기술기반서비스,811122,소프트웨어유지및지원,8111229901,소프트웨어유지및지원서비스,소프트웨어 진흥법 제48조 적용,
81,공학연구및기술기반서비스,811516,지도작성법,8115160401,측량용역,"1. 건설공사 설계 관련 공간정보관리법 시행령 제34조 제2항에 따른 금액(3천만원) 이상의 측량용역으로 ‘국토교통부 고시’(설계공모, 기본설계 등의 시행 및 설계의 경제성 등 검토에 관한 지침) 별표2의 각 공종별 측량항목에 한정 2. 위의 측량 항목 중 도로, 철도(지하철 포함), 지중 송·배전 전력구, 하천, 광역 ·공업용 수도분야 노선사업은 실시설계에 한함",
81,공학연구및기술기반서비스,811516,지도작성법,8115169901,공간정보DB구축서비스,"1. 소프트웨어 진흥법 제48조 적용 2. 토지, 도시계획, 지하 시설물 등 지리정보를 전자매체로 제공하기 위한 측량, 탐사, 수치지도, 정사 영상 지도 제작 등의 기초 활동 포함",
81,공학연구및기술기반서비스,811517,지질학,8115179901,지질연구조사서비스,1. 1천만원 이상의 지질 관련 용역에 한함 2. 노선사업은 1천만원 이상의 실시 설계에 한함,
82,편집디자인그래픽및예술관련서비스,821316,사진사및촬영사,8213160301,동영상제작서비스,공공기관 홍보용(제작 의뢰한 공공기관을 식별할 수 있는 정보가 포함된 영상은 모두 해당)에 한함,
82,편집디자인그래픽및예술관련서비스,821415,아트디자인서비스,8214150201,디자인서비스,,
90,"여행,음식,숙박및오락관련서비스",901518,축제,9015189001,축제기획및대행서비스,추정가격 3억원 미만에 한함,
92,국방및치안관련서비스,921215,경계서비스,9212159901,시설물경비서비스,"1. 경비업법상의 기계경비업, 특수경비업 제외 2. 공공기관이 자회사와 수의계약을 체결하는 경우 적용 대상에서 제외",
