id,item,name,gold,gold_evidence,baseline,candidate,baseline_evidence,candidate_evidence
PPS-DEV-01,v2,고시금액 미만 실적제한,0,,1,1,입찰참가자격 축제기획및대행서비스 (세부품명번호: 9015189001),입찰참가자격 축제기획및대행서비스 (세부품명번호: 9015189001)
PPS-DEV-01,v5,고시금액 이상 지역제한,0,,1,1,,
PPS-DEV-01,v6,"고시금액 미만 지역제한 시,군,구",0,,1,1,,
PPS-DEV-01,v7,고시금액 미만 지역제한 인접 확대,0,,1,0,지역제한 : 부산광역시에 주된 영업소를 둔 업체,
PPS-DEV-03,v6,"고시금액 미만 지역제한 시,군,구",0,,1,0,,
PPS-DEV-03,v8,중복제한 (실적+지역),0,,0,1,,나. 공고일 기준 5년 이내 공공디자인 용역 실적이 3천만원 이상인 업체
PPS-DEV-04,v2,고시금액 미만 실적제한,0,,1,1,,"공고일 기준 최근 5년 간 단일 건으로 455,000,000원 이상(기초금액의 130% 이상)의 해양탐사 또는 수중조사 또는 침몰선박 조사·확인작업 분야 각종 작업 1건 이상 수행실적을 실적증명서로 제출이 가능한 업체"
PPS-DEV-04,v4,"고시금액 이상 특정기관, 특정실적",0,,1,1,"공고일 기준 최근 5년 간 단일 건으로 455,000,000원 이상(기초금액의 130% 이상)의 해양탐사 또는 수중조사 또는 침몰선박 조사·확인작업 분야 각종 작업 1건 이상 수행실적을 실적증명서로 제출이 가능한 업체","공고일 기준 최근 5년 간 단일 건으로 455,000,000원 이상(기초금액의 130% 이상)의 해양탐사 또는 수중조사 또는 침몰선박 조사·확인작업 분야 각종 작업 1건 이상 수행실적을 실적증명서로 제출이 가능한 업체"
PPS-DEV-04,v5,고시금액 이상 지역제한,0,,1,1,,
PPS-DEV-04,v8,중복제한 (실적+지역),0,,1,1,,
PPS-DEV-05,v2,고시금액 미만 실적제한,0,,1,1,② 공고일 전일부터 기산하여 최근 7년간 지표·시굴·정밀발굴을 포함한 매장유산 조사업무를 수행하고 그 준공금액이 단일 용역으로 5억원 이상인 실적을 보유한 자,② 공고일 전일부터 기산하여 최근 7년간 지표·시굴·정밀발굴을 포함한 매장유산 조사업무를 수행하고 그 준공금액이 단일 용역으로 5억원 이상인 실적을 보유한 자
PPS-DEV-05,v4,"고시금액 이상 특정기관, 특정실적",0,,1,0,② 공고일 전일부터 기산하여 최근 7년간 지표·시굴·정밀발굴을 포함한 매장유산 조사업무를 수행하고 그 준공금액이 단일 용역으로 5억원 이상인 실적을 보유한 자,
PPS-DEV-05,v5,고시금액 이상 지역제한,0,,1,1,제주특별자치도에 법인등기부상 본점 소재지(개인사업자인 경우에는 사업자등록증 또는 관련 법령에 따른 허가·인가·면허·등록·신고 등에 관련된 서류에 기재된 사업장의 소재지)를 두고 당해자격을 입찰일(낙찰자는 계약체결일)까지 유지하고 있는 업체,입찰공고일 전일 현재 제주특별자치도에 법인등기부상 본점 소재지(개인사업자인 경우에는 사업자등록증 또는 관련 법령에 따른 허가·인가·면허·등록·신고 등에 관련된 서류에 기재된 사업장의 소재지)를 두고 당해자격을 입찰일(낙찰자는 계약체결일)까지 유지하고 있는 업체
PPS-DEV-05,v6,"고시금액 미만 지역제한 시,군,구",0,,1,0,"입찰에 참가하는 자는 공고문 및 과업지시서 등을 반드시 열람하고 숙지하시기 바랍니다. 숙지하지 못함에 따라 발생하는 모든 책임은 입찰자에게 있으며, 실제 용역수행이 가능한 업체만 투찰하시기 바랍니다.",
PPS-DEV-06,v2,고시금액 미만 실적제한,0,,1,1,다. 최근 5년간 국가기관이 발주한 국제회의 개최 대행 용역의 이행실적이 4억원 이상인 업체,최근 5년간 국가기관이 발주한 국제회의 개최 대행 용역의 이행실적이 4억원 이상인 업체
PPS-DEV-06,v3,실적제한 1배수 이상,0,,1,1,최근 5년간 국가기관이 발주한 국제회의 개최 대행 용역의 이행실적이 4억원 이상인 업체,최근 5년간 국가기관이 발주한 국제회의 개최 대행 용역의 이행실적이 4억원 이상인 업체
PPS-DEV-06,v8,중복제한 (실적+지역),0,,1,0,최근 5년간 국가기관이 발주한 국제회의 개최 대행 용역의 이행실적이 4억원 이상인 업체,
PPS-DEV-07,v2,고시금액 미만 실적제한,0,,1,1,최근 5년간 유사 사업실적 1부,
PPS-DEV-07,v6,"고시금액 미만 지역제한 시,군,구",0,,1,0,,
PPS-DEV-07,v8,중복제한 (실적+지역),0,,1,1,마. 본사(주된 영업소)의 소재지가 서울특별시에 있는 업체,
PPS-DEV-08,v2,고시금액 미만 실적제한,0,,1,1,최근 5년이내 생태계교란생물 관련 조사·연구 등 수행실적 | 6 | 사업부서 평가,
PPS-DEV-08,v4,"고시금액 이상 특정기관, 특정실적",0,,1,1,,"입찰 참가업체가 입찰공고 전일부터 기산하여 5년 이내 완료된 공공기관(중앙행정기관, 지방자지차단체, 그 외 개인정보보호법 시행령 제2조의 규정에 의한 공공기관)의 생태계교란생물 관련 조사 및 연구 등 수행 실적"
PPS-DEV-08,v5,고시금액 이상 지역제한,0,,0,1,,라. 입찰공고일 전일부터 계약체결일까지 주된 영업소가 서울특별시 [지역:r1|단위=기초|광역=서울특별시] 내에 소재하고 있는 업체이어야 합니다.
PPS-DEV-08,v6,"고시금액 미만 지역제한 시,군,구",1,라. 입찰공고일 전일부터 계약체결일까지 주된 영업소가 서울특별시 [지역:r1|단위=기초|광역=서울특별시] 내에 소재하고 있는 업체이어야 합니다.,1,0,,
PPS-DEV-08,v8,중복제한 (실적+지역),0,,1,1,,
PPS-DEV-09,v2,고시금액 미만 실적제한,0,,1,1,낙찰자로 결정되면 5일 이내 계약을 체결하여야 하며 정당한 사유 없이 계약을 체결하지 않을 경우에는 [수요기관(기타기관)]에 입찰보증금을 납부하여야 하며 입찰참가 제한 등의 불이익을 받을 수 있습니다.,
PPS-DEV-09,v5,고시금액 이상 지역제한,0,,1,1,"주된 영업소(본사 소재지를 말함)가 입찰공고일 현재 광주광역시, 전라남도의 관할구역 안에 있어야 합니다.","마. 주된 영업소(본사 소재지를 말함)가 입찰공고일 현재 광주광역시, 전라남도의 관할구역 안에 있어야 합니다."
PPS-DEV-09,v6,"고시금액 미만 지역제한 시,군,구",0,,1,1,"주된 영업소(본사 소재지를 말함)가 입찰공고일 현재 광주광역시, 전라남도의 관할구역 안에 있어야 합니다.","마. 주된 영업소(본사 소재지를 말함)가 입찰공고일 현재 광주광역시, 전라남도의 관할구역 안에 있어야 합니다."
PPS-DEV-09,v7,고시금액 미만 지역제한 인접 확대,1,"마. 주된 영업소(본사 소재지를 말함)가 입찰공고일 현재 광주광역시, 전라남도의 관할구역 안에 있어야 합니다.",0,0,,
PPS-DEV-10,v2,고시금액 미만 실적제한,0,,1,1,,
PPS-DEV-10,v4,"고시금액 이상 특정기관, 특정실적",0,,1,1,,
PPS-DEV-10,v6,"고시금액 미만 지역제한 시,군,구",0,,1,1,,"지역제한(전북특별자치도, 충청남도, 충청북도)"
PPS-DEV-10,v8,중복제한 (실적+지역),0,,1,1,,③ 입찰공고일 전일부터 입찰일(낙찰자는 계약체결일)까지 법인등기부상 본점 소재지(개인사업자인 경우에는 사업자등록증 또는 관련 법령에 따른 허가·인가·면허·등록·신고 등에 관련된 서류에 기재된 사업장의 소재지)를 계속하여 전북특별자치도 또는 충청남도 또는 충청북도에 둔 업체여야 합니다.
PPS-DEV-11,v2,고시금액 미만 실적제한,0,,1,1,최근 3년 이내에 단일 계약금액 5천만원 이상의 컨퍼런스·포럼 등 행사 운영 용역을 수행한 실적을 보유한 업체,최근 3년 이내에 단일 계약금액 5천만원 이상의 컨퍼런스·포럼 등 행사 운영 용역을 수행한 실적을 보유한 업체
PPS-DEV-11,v4,"고시금액 이상 특정기관, 특정실적",0,,1,1,최근 3년간 관련 행사 실적 (단일 계약금액 1억원 이상 사업으로 완료분에 한함) | 누적실적건수 (3점) | 6건 이상 | 3.0,최근 3년 이내에 단일 계약금액 5천만원 이상의 컨퍼런스·포럼 등 행사 운영 용역을 수행한 실적을 보유한 업체
PPS-DEV-11,v5,고시금액 이상 지역제한,0,,1,1,주된 영업소가 입찰공고일 현재 서울특별시 관내에 있는 업체,주된 영업소가 입찰공고일 현재 서울특별시 관내에 있는 업체
PPS-DEV-11,v6,"고시금액 미만 지역제한 시,군,구",0,,0,1,,주된 영업소가 입찰공고일 현재 서울특별시 관내에 있는 업체
PPS-DEV-12,v6,"고시금액 미만 지역제한 시,군,구",0,,1,1,,
PPS-DEV-13,v2,고시금액 미만 실적제한,0,,1,1,유사분야 사업실적 증빙서류(최근 3년) 1부,
PPS-DEV-13,v5,고시금액 이상 지역제한,0,,1,0,가. 사 업 명 : 공공시설 현대공예 기획전 전시연출 용역(제한경쟁·3억원미만),
PPS-DEV-13,v6,"고시금액 미만 지역제한 시,군,구",0,,1,1,"본 입찰과 관련하여 추가로 문의할 사항이 있으시면 아래의 담당자에게 연락하시기 바랍니다. ○ 입찰안내 상담 및 입찰참가 자격등록 : 조달청 정부조달 콜센터 (☎ 1588-0800) ○ 입찰공고, 개찰 및 계약 : 서울특별시 [부서] [담당자] 주무관(☎ [전화번호])",
PPS-DEV-14,v2,고시금액 미만 실적제한,0,,1,1,,
PPS-DEV-14,v4,"고시금액 이상 특정기관, 특정실적",0,,1,1,"공공기관이행실적분은 이행 완료된 실적에 대해서만 인정하며, 해당기관에서 발행한 실적증명서를 제출하여야 하며, 민간이행 실적분은 [별지 3] 일반용역이행 실적증명서와 원본이 확인된 해당 용역의 계약서, 세금계산서, 거래명세표 등 증빙자료를 첨부하여야 합니다.","공공기관이행실적분은 이행 완료된 실적에 대해서만 인정하며, 해당기관에서 발행한 실적증명서를 제출하여야 하며, 민간이행 실적분은 [별지 3] 일반용역이행 실적증명서와 원본이 확인된 해당 용역의 계약서, 세금계산서, 거래명세표 등 증빙자료를 첨부하여야 합니다."
PPS-DEV-14,v5,고시금액 이상 지역제한,0,,1,1,법인등기부상 본점 소재지(개인사업자인 경우에는 사업자등록증 또는 관련 법령에 따른 허가·인가·면허·등록·신고 등에 관련된 서류에 기재된 사업장의 소재지를 말한다)가 전북특별자치도 내에 있는 업체이어야 합니다.,법인등기부상 본점 소재지(개인사업자인 경우에는 사업자등록증 또는 관련 법령에 따른 허가·인가·면허·등록·신고 등에 관련된 서류에 기재된 사업장의 소재지를 말한다)가 전북특별자치도 내에 있는 업체이어야 합니다.
PPS-DEV-14,v6,"고시금액 미만 지역제한 시,군,구",0,,1,0,법인등기부상 본점 소재지(개인사업자인 경우에는 사업자등록증 또는 관련 법령에 따른 허가·인가·면허·등록·신고 등에 관련된 서류에 기재된 사업장의 소재지를 말한다)가 전북특별자치도 내에 있는 업체이어야 합니다.,
PPS-DEV-14,v8,중복제한 (실적+지역),0,,1,1,,
PPS-DEV-15,v2,고시금액 미만 실적제한,0,,1,1,입찰공고일 기준 최근 3년 이내 이행 완료한 간식 납품실적 증명서 1부(학교 납품만 해당),입찰공고일 기준 최근 3년 이내 이행 완료한 간식 납품실적 증명서 1부(학교 납품만 해당) [서식3]
PPS-DEV-15,v4,"고시금액 이상 특정기관, 특정실적",0,,1,0,① 입찰공고일 기준 최근 3년 이내 이행 완료한 간식 납품실적 증명서 1부(학교 납품만 해당),
PPS-DEV-15,v6,"고시금액 미만 지역제한 시,군,구",0,,1,0,"본 입찰은 단가입찰(예정가격이하 최저가 적용), 지역제한, 제한경쟁입찰입니다.",
PPS-DEV-15,v8,중복제한 (실적+지역),0,,1,1,,
PPS-DEV-16,v2,고시금액 미만 실적제한,0,,1,1,,
PPS-DEV-16,v5,고시금액 이상 지역제한,0,,1,0,본 입찰은 지역제한(충청남도) 총액입찰로 시행하며,
PPS-DEV-16,v6,"고시금액 미만 지역제한 시,군,구",0,,1,0,본 입찰은 지역제한(충청남도) 총액입찰로 시행하며 입찰서에 산출내역서를 첨부하지 않습니다.,
PPS-DEV-17,v2,고시금액 미만 실적제한,0,,1,1,입찰업체는 입찰공고일 전일까지 검사가 완료된 최근 10년 이내 전화상담 위탁업무를 단독으로 3천만원 이상 수행한 실적(준공실적 기준)이 있는 업체이어야 합니다.,입찰업체는 입찰공고일 전일까지 검사가 완료된 최근 10년 이내 전화상담 위탁업무를 단독으로 3천만원 이상 수행한 실적(준공실적 기준)이 있는 업체이어야 합니다.
PPS-DEV-17,v3,실적제한 1배수 이상,0,,1,1,입찰업체는 입찰공고일 전일까지 검사가 완료된 최근 10년 이내 전화상담 위탁업무를 단독으로 3천만원 이상 수행한 실적(준공실적 기준)이 있는 업체이어야 합니다.,입찰업체는 입찰공고일 전일까지 검사가 완료된 최근 10년 이내 전화상담 위탁업무를 단독으로 3천만원 이상 수행한 실적(준공실적 기준)이 있는 업체이어야 합니다.
PPS-DEV-17,v4,"고시금액 이상 특정기관, 특정실적",0,,1,0,입찰업체는 입찰공고일 전일까지 검사가 완료된 최근 10년 이내 전화상담 위탁업무를 단독으로 3천만원 이상 수행한 실적(준공실적 기준)이 있는 업체이어야 합니다.,
PPS-DEV-17,v5,고시금액 이상 지역제한,0,,1,0,지방정부 서울 청년수당 서류검증·모니터링 및 전담 콜센터 운영 용역(제한경쟁·10억원미만),
PPS-DEV-17,v7,고시금액 미만 지역제한 인접 확대,0,,1,0,지방정부 서울 청년수당 서류검증·모니터링 및 전담 콜센터 운영 용역(제한경쟁·10억원미만),
PPS-DEV-17,v8,중복제한 (실적+지역),0,,1,1,입찰업체는 입찰공고일 전일까지 검사가 완료된 최근 10년 이내 전화상담 위탁업무를 단독으로 3천만원 이상 수행한 실적(준공실적 기준)이 있는 업체이어야 합니다.,입찰업체는 입찰공고일 전일까지 검사가 완료된 최근 10년 이내 전화상담 위탁업무를 단독으로 3천만원 이상 수행한 실적(준공실적 기준)이 있는 업체이어야 합니다.
PPS-DEV-18,v5,고시금액 이상 지역제한,0,,1,0,계속해서 법인등기부상 본점 소재지(개인사업자인 경우 사업자등록증 또는 관련 법령에 따른 허가·인가·면허·등록·신고 등에 관련 서류에 기재된 사업장 소재지)가 강원특별자치도 내에 있는 업체,
PPS-DEV-18,v6,"고시금액 미만 지역제한 시,군,구",0,,1,0,계속해서 법인등기부상 본점 소재지(개인사업자인 경우 사업자등록증 또는 관련 법령에 따른 허가·인가·면허·등록·신고 등에 관련 서류에 기재된 사업장 소재지)가 강원특별자치도 내에 있는 업체,
PPS-DEV-19,v2,고시금액 미만 실적제한,0,,0,1,,가스엔진히트펌프(세부품명번호: 4010180602)를 제조 또는 공급물품으로 등록한 업체로서 공사에서 제시한 규격으로 납품이 가능한 업체
PPS-DEV-19,v5,고시금액 이상 지역제한,0,,1,1,,입찰공고일 전일부터 계약체결일까지 법인등기부등본상 본점소재지(개인사업자인 경우에는 사업자등록증 또는 관련 법령에 따른 허가·인가·면허·등록·신고 등에 관련된 서류에 기재된 사업장의 소재지)를 계속하여 충청북도에 둔 자이어야 합니다.
PPS-DEV-19,v6,"고시금액 미만 지역제한 시,군,구",0,,1,0,,
PPS-DEV-20,v2,고시금액 미만 실적제한,0,,1,0,,
PPS-DEV-20,v5,고시금액 이상 지역제한,0,,1,0,입찰자는 '입찰공고일 전일'부터 입찰일(낙찰자는 계약체결일)까지 법인등기부상 본점 소재지(개인사업자인 경우에는 사업자등록증 또는 관련 법령에 따른 허가·인가·면허·등록·신고 등에 관련된 서류에 기재된 사업자의 소재지)가 서울특별시에 계속 소재한 업체,
PPS-DEV-20,v6,"고시금액 미만 지역제한 시,군,구",0,,1,0,입찰자는 '입찰공고일 전일'부터 입찰일(낙찰자는 계약체결일)까지 법인등기부상 본점 소재지(개인사업자인 경우에는 사업자등록증 또는 관련 법령에 따른 허가·인가·면허·등록·신고 등에 관련된 서류에 기재된 사업자의 소재지)가 서울특별시에 계속 소재한 업체,
PPS-DEV-20,v8,중복제한 (실적+지역),0,,1,1,,
PPS-DEV-21,v5,고시금액 이상 지역제한,0,,1,0,광주광역시 지역제한(지사투찰 불허)입니다.,
PPS-DEV-21,v6,"고시금액 미만 지역제한 시,군,구",0,,1,0,광주광역시 지역제한(지사투찰 불허)입니다.,
PPS-DEV-22,v5,고시금액 이상 지역제한,0,,1,0,"입찰공고일 전일[신규사업자(법인인 경우 법인등기일, 개인사업자인 경우 사업자등록일 기준)인 경우 입찰공고일 이후를 포함한다]부터 입찰일까지 그 주된 영업소의 소재지가 인천광역시 내에 있어야 하며 입찰일(낙찰자는 계약체결일)까지 당해 자격을 유지한 업체이어야 합니다.",
PPS-DEV-22,v6,"고시금액 미만 지역제한 시,군,구",0,,1,1,"입찰공고일 전일[신규사업자(법인인 경우 법인등기일, 개인사업자인 경우 사업자등록일 기준)인 경우 입찰공고일 이후를 포함한다]부터 입찰일까지 그 주된 영업소의 소재지가 인천광역시 내에 있어야 하며",그 주된 영업소의 소재지가 인천광역시 내에 있어야 하며 입찰일(낙찰자는 계약체결일)까지 당해 자격을 유지한 업체이어야 합니다.
PPS-DEV-23,v5,고시금액 이상 지역제한,0,,0,1,,"나. 입찰공고일 전일부터 입찰일(낙찰자는 계약체결일, 계약이행능력심사 대상자는 계약이행능력심사 서류 제출일)까지 법인등기부상 본점소재지(개인사업자인 경우 사업자등록증 또는 관련 법령에 따른 허가·인가·면허·등록·신고 등 관련 서류에 기재된 사업장 소재지)가 인천광역시에 있는 업체"
PPS-DEV-23,v6,"고시금액 미만 지역제한 시,군,구",0,,1,1,"본 입찰은 중기간경쟁제품인 드론을 요구하지만, 수요기관의 특별한 사정으로 인하여 사업에서 요구되는 규격이 특정한 기술을 필요로 하므로 ｢중소기업제품 구매촉진 및 판로지원에 관한 법률 시행령｣ 제7조제1항제4호 규정을 적용하여 직접생산확인품목에서 제외하고 일반물품으로 입찰공고합니다.","나. 입찰공고일 전일부터 입찰일(낙찰자는 계약체결일, 계약이행능력심사 대상자는 계약이행능력심사 서류 제출일)까지 법인등기부상 본점소재지(개인사업자인 경우 사업자등록증 또는 관련 법령에 따른 허가·인가·면허·등록·신고 등 관련 서류에 기재된 사업장 소재지)가 인천광역시에 있는 업체"
PPS-DEV-24,v5,고시금액 이상 지역제한,0,,1,1,,
PPS-DEV-25,v2,고시금액 미만 실적제한,0,,1,1,,
PPS-DEV-25,v3,실적제한 1배수 이상,0,,0,1,,
PPS-DEV-25,v5,고시금액 이상 지역제한,0,,0,1,,입찰참가자격 서류접수마감일(입찰참가등록마감일) 기준 국가종합전자조달시스템에 학술 · 연구용역[업종코드: 1169]과 행사대행업[업종코드: 9901] 모두 등록한 자
PPS-DEV-25,v6,"고시금액 미만 지역제한 시,군,구",0,,1,0,입찰참가자격 서류접수마감일(입찰참가등록마감일) 기준 국가종합전자조달시스템에 학술 · 연구용역[업종코드: 1169]과 행사대행업[업종코드: 9901] 모두 등록한 자,
PPS-DEV-25,v8,중복제한 (실적+지역),0,,1,1,,
PPS-DEV-26,v2,고시금액 미만 실적제한,0,,1,1,"(사후판정) 계약담당자는 제출서류(입찰보증금, 입찰참가자격 포함)에 대한 적정성(적합) 여부를 개찰 이후에도 판정할 수 있습니다.",
PPS-DEV-27,v6,"고시금액 미만 지역제한 시,군,구",0,,1,1,나. 입찰 공고일 전일부터 입찰일(낙찰자는 계약체결일)까지 법인등기부상 본점소재지가(개인사업자인 경우에는 사업자등록증 또는 관련 법령에 따른 허가·인가·면허·등록·신고 등에 관련된 서류에 기재된 사업장의 소재지)가 인천광역시에 있는 업체,나. 입찰 공고일 전일부터 입찰일(낙찰자는 계약체결일)까지 법인등기부상 본점소재지가(개인사업자인 경우에는 사업자등록증 또는 관련 법령에 따른 허가·인가·면허·등록·신고 등에 관련된 서류에 기재된 사업장의 소재지)가 인천광역시에 있는 업체
PPS-DEV-28,v2,고시금액 미만 실적제한,0,,1,1,,
PPS-DEV-28,v4,"고시금액 이상 특정기관, 특정실적",0,,1,1,,
PPS-DEV-29,v5,고시금액 이상 지역제한,0,,0,1,,
PPS-DEV-29,v6,"고시금액 미만 지역제한 시,군,구",0,,1,1,,
PPS-DEV-30,v2,고시금액 미만 실적제한,0,,1,1,,최근 3년간 해당분야 실적 | - 해당 분야 조사·연구 및 용역수행 실적 | 10 | 9 | 8 | 7
PPS-DEV-31,v2,고시금액 미만 실적제한,0,,1,1,인정용역 : 인조잔디 철거(분리회수) 및 인조잔디 재활용 처리용역,인정용역 : 인조잔디 철거(분리회수) 및 인조잔디 재활용 처리용역
PPS-DEV-31,v4,"고시금액 이상 특정기관, 특정실적",0,,0,1,,인정용역 : 인조잔디 철거(분리회수) 및 인조잔디 재활용 처리용역
PPS-DEV-31,v5,고시금액 이상 지역제한,0,,1,1,"지역제한(충청북도), 총액입찰, 전자입찰, 적격심사대상.","나) 공고일 전날[신규사업자(법인인 경우 법인 등기일, 개인사업자인 경우 사업자등록일 기준)인 경우 입찰공고일 이후를 포함]부터 견적제출일(낙찰자는 계약체결일)까지 주된 법인등기부상 본점 소재지(개인사업자인 경우에는 사업자등록증 또는 관련 법령에 따른 허가・인가・면허・ 등록・신고 등에 관련된 서류에 기재된 사업장의 소재지)가 충청북도에 소재한 업체"
PPS-DEV-31,v6,"고시금액 미만 지역제한 시,군,구",0,,1,0,"지역제한(충청북도), 총액입찰, 전자입찰, 적격심사대상.",
PPS-DEV-31,v8,중복제한 (실적+지역),0,,0,1,,
PPS-DEV-32,v2,고시금액 미만 실적제한,0,,1,1,,
PPS-DEV-32,v5,고시금액 이상 지역제한,0,,0,1,,
PPS-DEV-32,v6,"고시금액 미만 지역제한 시,군,구",0,,1,1,,
PPS-DEV-32,v8,중복제한 (실적+지역),0,,1,1,,
PPS-DEV-034,v2,고시금액 미만 실적제한,0,,1,1,,
PPS-DEV-034,v4,"고시금액 이상 특정기관, 특정실적",0,,1,0,,
PPS-DEV-034,v5,고시금액 이상 지역제한,0,,1,1,본 입찰은 단가계약 및 지역제한 경쟁(대구광역시)입찰이며,
PPS-DEV-034,v8,중복제한 (실적+지역),0,,1,0,,
PPS-DEV-036,v5,고시금액 이상 지역제한,0,,0,1,,
PPS-DEV-036,v6,"고시금액 미만 지역제한 시,군,구",0,,1,1,,
PPS-DEV-037,v5,고시금액 이상 지역제한,0,,1,1,"본 입찰의 기초금액은 부가가치세가 포함된 금액이므로, 입찰자가 면세사업자인 경우 입찰금액은 반드시 부가가치세를 포함하여 투찰하여야 하며, 입찰결과 낙찰자가 면세사업자인 경우, 낙찰금액에서 부가가치세 상당액을 차감한 금액을 계약금액으로 합니다.","본사(주된 영업소)의 소재지가 경기도에 소재한 자(업체)(법인인 경우 법인등기부상, 개인사업자인 경우 사업자등록증 또는 관련 법령에 따른 허가·인가·면허·등록·신고 등에 관련된 서류에 기재된 사업장의 소재지)이어야 하며"
PPS-DEV-037,v6,"고시금액 미만 지역제한 시,군,구",0,,1,0,지역제한(경기도) 대상 입찰입니다.,
PPS-DEV-038,v2,고시금액 미만 실적제한,0,,1,1,최근 3년 이내 교복 납품실적증명서 원본 1부,최근 3년 이내 교복 납품실적증명서 원본 1부
PPS-DEV-038,v5,고시금액 이상 지역제한,0,,1,0,"본 입찰은 단가입찰이며 예정가격 이하 최저가 적용, 지역제한경쟁입찰입니다.",
PPS-DEV-039,v2,고시금액 미만 실적제한,0,,1,0,입찰공고일 전날부터 입찰일까지(낙찰자는 계약체결일까지) 주된 영업소의 소재지[법원등기부 상 본점소재지(개인사업자인 경우 사업자등록증 또는 관련 법령에 따른 허가·인가·면허·등록·신고 등에 관련서류에 기재된 사업장의 소재지)]가 경기도 또는 서울특별시인 업체,
PPS-DEV-039,v5,고시금액 이상 지역제한,0,,1,1,입찰공고일 전날부터 입찰일까지(낙찰자는 계약체결일까지) 주된 영업소의 소재지[법원등기부 상 본점소재지(개인사업자인 경우 사업자등록증 또는 관련 법령에 따른 허가·인가·면허·등록·신고 등에 관련서류에 기재된 사업장의 소재지)]가 경기도 또는 서울특별시인 업체,⑤ 입찰공고일 전날부터 입찰일까지(낙찰자는 계약체결일까지) 주된 영업소의 소재지[법원등기부 상 본점소재지(개인사업자인 경우 사업자등록증 또는 관련 법령에 따른 허가·인가·면허·등록·신고 등에 관련서류에 기재된 사업장의 소재지)]가 경기도 또는 서울특별시인 업체
PPS-DEV-039,v6,"고시금액 미만 지역제한 시,군,구",0,,1,1,,⑤ 입찰공고일 전날부터 입찰일까지(낙찰자는 계약체결일까지) 주된 영업소의 소재지[법원등기부 상 본점소재지(개인사업자인 경우 사업자등록증 또는 관련 법령에 따른 허가·인가·면허·등록·신고 등에 관련서류에 기재된 사업장의 소재지)]가 경기도 또는 서울특별시인 업체
PPS-DEV-039,v7,고시금액 미만 지역제한 인접 확대,1,⑤ 입찰공고일 전날부터 입찰일까지(낙찰자는 계약체결일까지) 주된 영업소의 소재지[법원등기부 상 본점소재지(개인사업자인 경우 사업자등록증 또는 관련 법령에 따른 허가·인가·면허·등록·신고 등에 관련서류에 기재된 사업장의 소재지)]가 경기도 또는 서울특별시인 업체,0,0,,
PPS-DEV-040,v6,"고시금액 미만 지역제한 시,군,구",0,,1,0,법인등기부상 본점 소재지(개인사업자인 경우에는 사업자등록증 또는 관련 법령에 따른 허가·인가·면허·등록·신고 등에 관련된 서류에 기재된 사업장의 소재지)가 대구광역시 내에 위치한 업체,
PPS-DEV-041,v2,고시금액 미만 실적제한,0,,1,1,,본 제안 사업의 수행이 가능한 업체로서 아래 요건을 모두 갖춘 사업자
PPS-DEV-042,v5,고시금액 이상 지역제한,0,,1,0,입찰공고일 전일로부터 계약체결일까지 그 주된 영업소가 충청남도에 소재하고 있는 업체이어야 합니다.,
PPS-DEV-042,v6,"고시금액 미만 지역제한 시,군,구",0,,1,0,입찰공고일 전일로부터 계약체결일까지 그 주된 영업소가 충청남도에 소재하고 있는 업체이어야 합니다.,
PPS-DEV-043,v2,고시금액 미만 실적제한,0,,1,0,"실적증명서[서식4],",
PPS-DEV-043,v6,"고시금액 미만 지역제한 시,군,구",0,,1,0,입찰공고일 전일로부터 계약체결일까지 그 주된 영업소가 충청남도에 소재하고 있는 업체이어야 합니다.,
PPS-DEV-044,v2,고시금액 미만 실적제한,0,,0,1,,
PPS-DEV-045,v6,"고시금액 미만 지역제한 시,군,구",0,,1,1,"② 입찰 공고일 전일(단, 신규사업자인 경우 입찰공고일 이후를 포함)부터 입찰일까지(낙찰자는 계약체결일까지) 주된 영업소의 소재지가 경기도인 업체",
PPS-DEV-045,v7,고시금액 미만 지역제한 인접 확대,0,,0,1,,"② 입찰 공고일 전일(단, 신규사업자인 경우 입찰공고일 이후를 포함)부터 입찰일까지(낙찰자는 계약체결일까지) 주된 영업소의 소재지가 경기도인 업체"
PPS-DEV-046,v2,고시금액 미만 실적제한,0,,1,0,,
PPS-DEV-046,v6,"고시금액 미만 지역제한 시,군,구",0,,1,0,,
PPS-DEV-047,v6,"고시금액 미만 지역제한 시,군,구",0,,1,1,입찰공고일 기준 법인등기부등본(개인사업자는 사업등록증명원) 상 주된 사무소 소재지가 서울특별시로 기재되어 있는 업체,입찰공고일 기준 법인등기부등본(개인사업자는 사업등록증명원) 상 주된 사무소 소재지가 서울특별시로 기재되어 있는 업체
PPS-DEV-048,v2,고시금액 미만 실적제한,0,,1,1,다. 공고일 기준 부가가치세법에 따른 이벤트행사대행업으로 당해 사업에 관한 사업자등록증을 갖춘 경북에 소재한 실적이 우수한 업체.,
PPS-DEV-048,v6,"고시금액 미만 지역제한 시,군,구",0,,1,1,공고일 기준 부가가치세법에 따른 이벤트행사대행업으로 당해 사업에 관한 사업자등록증을 갖춘 경북에 소재한 실적이 우수한 업체.,
PPS-DEV-048,v7,고시금액 미만 지역제한 인접 확대,0,,1,1,공고일 기준 부가가치세법에 따른 이벤트행사대행업으로 당해 사업에 관한 사업자등록증을 갖춘 경북에 소재한 실적이 우수한 업체.,공고일 기준 부가가치세법에 따른 이벤트행사대행업으로 당해 사업에 관한 사업자등록증을 갖춘 경북에 소재한 실적이 우수한 업체.
PPS-DEV-049,v2,고시금액 미만 실적제한,0,,1,1,,
PPS-DEV-049,v4,"고시금액 이상 특정기관, 특정실적",0,,1,1,해당 기관에서 발급된 실적증명서만 인정함(지정정보처리장치 발급 증명서 포함),해당 기관에서 발급된 실적증명서만 인정함(지정정보처리장치 발급 증명서 포함)
PPS-DEV-049,v6,"고시금액 미만 지역제한 시,군,구",0,,1,0,"본 입찰은 총액입찰, 지역제한(경상남도), 전자계약 용역입니다.",
PPS-DEV-049,v7,고시금액 미만 지역제한 인접 확대,0,,1,0,"본 입찰은 총액입찰, 지역제한(경상남도), 전자계약 용역입니다.",
PPS-DEV-049,v8,중복제한 (실적+지역),0,,1,1,,
PPS-DEV-050,v2,고시금액 미만 실적제한,0,,1,1,물품분류번호 10자리 2110160101(파종기)를 입찰참가 등록한 업체로 반드시 파종기를 포함한 물품규격서의 모든 품목에 대한 납품이 가능한 업체여야 함.,물품분류번호 10자리 2110160101(파종기)를 입찰참가 등록한 업체로 반드시 파종기를 포함한 물품규격서의 모든 품목에 대한 납품이 가능한 업체여야 함.
PPS-DEV-050,v5,고시금액 이상 지역제한,0,,0,1,,공고일 전 일부터 입찰일까지(낙찰자는 계약체결일까지) 전라남도 또는 경상남도에 주된 영업소를 둔 업체
PPS-DEV-050,v6,"고시금액 미만 지역제한 시,군,구",0,,1,1,공고일 전 일부터 입찰일까지(낙찰자는 계약체결일까지) 전라남도 또는 경상남도에 주된 영업소를 둔 업체,공고일 전 일부터 입찰일까지(낙찰자는 계약체결일까지) 전라남도 또는 경상남도에 주된 영업소를 둔 업체
PPS-DEV-050,v8,중복제한 (실적+지역),0,,1,0,전라남도 또는 경상남도에 주된 영업소를 둔 업체,
PPS-DEV-051,v2,고시금액 미만 실적제한,0,,1,1,③ 최근 5년 이내 이동형X선 투시장치(C-ARM) 장비 3억원 이상 대학병원에 납품한 실적이 있는 업체,③ 최근 5년 이내 이동형X선 투시장치(C-ARM) 장비 3억원 이상 대학병원에 납품한 실적이 있는 업체
PPS-DEV-051,v8,중복제한 (실적+지역),0,,1,1,③ 최근 5년 이내 이동형X선 투시장치(C-ARM) 장비 3억원 이상 대학병원에 납품한 실적이 있는 업체,③ 최근 5년 이내 이동형X선 투시장치(C-ARM) 장비 3억원 이상 대학병원에 납품한 실적이 있는 업체
PPS-DEV-052,v2,고시금액 미만 실적제한,0,,1,1,"8. 유사 장비 납품실적 자료(납품처 및 고객 이름, 장비의 유형,성능 등 포함)","8. 유사 장비 납품실적 자료(납품처 및 고객 이름, 장비의 유형,성능 등 포함)"
PPS-DEV-052,v5,고시금액 이상 지역제한,0,,1,1,,
PPS-DEV-052,v6,"고시금액 미만 지역제한 시,군,구",0,,1,1,,
PPS-DEV-052,v7,고시금액 미만 지역제한 인접 확대,0,,1,0,,
PPS-DEV-053,v8,중복제한 (실적+지역),0,,1,1,④ 입찰공고일 기준 최근 3년 이내에 단일건으로 1억 원 이상 [수요기관(공공기관)]에서 발주한 유사사업 및 동등이상 관련 사업 등을 실적이 있는 업체(하도급 제외),④ 입찰공고일 기준 최근 3년 이내에 단일건으로 1억 원 이상 [수요기관(공공기관)]에서 발주한 유사사업 및 동등이상 관련 사업 등을 실적이 있는 업체(하도급 제외)
PPS-DEV-054,v2,고시금액 미만 실적제한,0,,1,1,"공고일 기준 최근 5년간 국가, 지방자치단체, 공공기관, 민간에서 시행한 축제, 기념행사, 문화예술행사 등 단일용역 건으로 1억원 이상(부가세 포함)의 실적이 있는 업체","바. 공고일 기준 최근 5년간 국가, 지방자치단체, 공공기관, 민간에서 시행한 축제, 기념행사, 문화예술행사 등 단일용역 건으로 1억원 이상(부가세 포함)의 실적이 있는 업체"
PPS-DEV-054,v3,실적제한 1배수 이상,0,,0,1,,"바. 공고일 기준 최근 5년간 국가, 지방자치단체, 공공기관, 민간에서 시행한 축제, 기념행사, 문화예술행사 등 단일용역 건으로 1억원 이상(부가세 포함)의 실적이 있는 업체"
PPS-DEV-054,v5,고시금액 이상 지역제한,0,,1,1,"입찰의 참가자격을 갖춘 자로, 입찰공고일 전일부터 계약체결일까지 주된 영업소의 소재지를 경상남도, 부산광역시 내에 둔 사업자로 제한하며","입찰공고일 전일부터 계약체결일까지 주된 영업소의 소재지를 경상남도, 부산광역시 내에 둔 사업자로 제한하며"
PPS-DEV-054,v6,"고시금액 미만 지역제한 시,군,구",0,,1,0,"입찰의 참가자격을 갖춘 자로, 입찰공고일 전일부터 계약체결일까지 주된 영업소의 소재지를 경상남도, 부산광역시 내에 둔 사업자로 제한하며",
PPS-DEV-055,v2,고시금액 미만 실적제한,0,,1,1,,"입찰자는 「국가를 당사자로 하는 계약에 관한 법률 시행령」제12조제3항 각 호에 해당하지 아니한다는 서약서를 입찰시 제출하여야 합니다. 만일 서약내용이 허위로 판명될 경우 계약의 해제·해지를 당할 수 있고, 부정당업자 입찰참가자격제한처분을 받을 수 있습니다."
PPS-DEV-056,v2,고시금액 미만 실적제한,0,,1,0,,
PPS-DEV-057,v2,고시금액 미만 실적제한,0,,1,1,사. 동등·유사 장비 납품 실적 보유 업체,사. 동등·유사 장비 납품 실적 보유 업체
PPS-DEV-057,v4,"고시금액 이상 특정기관, 특정실적",0,,0,1,,사. 동등·유사 장비 납품 실적 보유 업체
PPS-DEV-057,v6,"고시금액 미만 지역제한 시,군,구",0,,1,1,"입찰참가자는 해당 물품을 직접 생산하는 업체이어야 하며, 단순 유통·판매 또는 OEM·ODM 방식의 납품은 허용하지 않음",
PPS-DEV-057,v7,고시금액 미만 지역제한 인접 확대,0,,1,1,,
PPS-DEV-057,v8,중복제한 (실적+지역),0,,1,1,,
PPS-DEV-058,v2,고시금액 미만 실적제한,0,,1,1,,
PPS-DEV-058,v5,고시금액 이상 지역제한,0,,1,1,,
PPS-DEV-058,v6,"고시금액 미만 지역제한 시,군,구",0,,1,0,기타공공기관 담수생물표본 확보 사업(제한경쟁·3억원미만) 입찰 공고,
PPS-DEV-059,v2,고시금액 미만 실적제한,0,,1,1,"공고일 기준 최근 3년 이내 공공기관(국가,지자체,공기업 포함) 통근버스 운행 실적이 2억원 이상 있는 업체만 참가 자격이 있습니다.","공고일 기준 최근 3년 이내 공공기관(국가,지자체,공기업 포함) 통근버스 운행 실적이 2억원 이상 있는 업체만 참가 자격이 있습니다."
PPS-DEV-059,v6,"고시금액 미만 지역제한 시,군,구",0,,1,1,본 용역은 지역제한(강원특별자치도 [지역:r1|단위=기초|광역=강원특별자치도]) 대상 용역입니다.,본 용역은 지역제한(강원특별자치도 [지역:r1|단위=기초|광역=강원특별자치도]) 대상 용역입니다.
PPS-DEV-059,v8,중복제한 (실적+지역),0,,1,1,,"공고일 기준 최근 3년 이내 공공기관(국가,지자체,공기업 포함) 통근버스 운행 실적이 2억원 이상 있는 업체만 참가 자격이 있습니다."
PPS-DEV-061,v2,고시금액 미만 실적제한,0,,1,1,용역 이행 실적 현황 및 증명서 각 1부,용역 이행 실적 현황 및 증명서 각 1부
PPS-DEV-062,v5,고시금액 이상 지역제한,0,,1,1,,
PPS-DEV-062,v6,"고시금액 미만 지역제한 시,군,구",0,,1,0,,
PPS-DEV-062,v8,중복제한 (실적+지역),0,,1,1,"2) 공고일 전일 기준 최근 5년 이내 국가,정부투자기관에서 시행한 단일 건 3억 원(VAT포함) 이상의 축제, 공연 등 문화행사 수행실적이 있어야 합니다.","2) 공고일 전일 기준 최근 5년 이내 국가,정부투자기관에서 시행한 단일 건 3억 원(VAT포함) 이상의 축제, 공연 등 문화행사 수행실적이 있어야 합니다."
PPS-DEV-063,v2,고시금액 미만 실적제한,0,,1,0,다. 국가종합전자조달시스템(G2B) 입찰참가자격등록규정에 따라 입찰서 제출 마감일 전일까지 「경비업법」 제4조에 따른 시설경비업(업종코드 1164)을 등록하고 50명 이상의 보안인력을 보유한 업체,
PPS-DEV-063,v5,고시금액 이상 지역제한,0,,1,1,,마. 입찰공고일 전일부터 입찰일(낙찰자는 계약체결일)까지 주된 영업소(지점 및 대리점 포함)“대구광역시”또는“경상북도”에 둔 업체
PPS-DEV-063,v6,"고시금액 미만 지역제한 시,군,구",0,,1,1,,입찰공고일 전일부터 입찰일(낙찰자는 계약체결일)까지 주된 영업소(지점 및 대리점 포함)“대구광역시”또는“경상북도”에 둔 업체
PPS-DEV-063,v7,고시금액 미만 지역제한 인접 확대,1,마. 입찰공고일 전일부터 입찰일(낙찰자는 계약체결일)까지 주된 영업소(지점 및 대리점 포함)“대구광역시”또는“경상북도”에 둔 업체,1,0,,
PPS-DEV-063,v8,중복제한 (실적+지역),0,,1,0,다. 국가종합전자조달시스템(G2B) 입찰참가자격등록규정에 따라 입찰서 제출 마감일 전일까지 「경비업법」 제4조에 따른 시설경비업(업종코드 1164)을 등록하고 50명 이상의 보안인력을 보유한 업체,
PPS-DEV-064,v2,고시금액 미만 실적제한,0,,1,1,본 사업은 SW사업으로 기획재정부 계약예규(협상에 의한 계약 체결기준)에 따라 입찰가격이 추정가격(예정가격을 작성한 경우에는 추정가격을 예정가격으로 적용)의 100분의 80미만일 경우에는 배점한도의 30%에 해당하는 평점을 부여함을 알려드립니다.,
PPS-DEV-064,v5,고시금액 이상 지역제한,0,,1,0,,
PPS-DEV-065,v5,고시금액 이상 지역제한,0,,0,1,,
PPS-DEV-066,v2,고시금액 미만 실적제한,0,,1,1,,
PPS-DEV-066,v4,"고시금액 이상 특정기관, 특정실적",0,,1,0,최근 3년간 중․고등학교 수련활동 용역 실적만 해당됨,
PPS-DEV-066,v5,고시금액 이상 지역제한,0,,1,1,"제한입찰(지역제한: 여주, 양평)","제한입찰(지역제한: 여주, 양평)"
PPS-DEV-066,v7,고시금액 미만 지역제한 인접 확대,0,,0,1,,"제한입찰(지역제한: 여주, 양평)"
PPS-DEV-066,v8,중복제한 (실적+지역),0,,1,1,"나. ｢청소년기본법｣ 제18조 및 ｢청소년활동진흥법｣ 제11조에 따라 경기도 여주, 양평 관내에 등록된 청소년수련시설(청소년수련관, [기관(공공시설)], 유스호스텔)로서, 여성가족부 청소년수련시설 종합평가 결과 “적정”등급 이상을 받고, 청소년활동정보서비스([기관홈페이지] 인증된 프로그램을 보유·운영하는 업체이어야 합니다.","나. ｢청소년기본법｣ 제18조 및 ｢청소년활동진흥법｣ 제11조에 따라 경기도 여주, 양평 관내에 등록된 청소년수련시설(청소년수련관, [기관(공공시설)], 유스호스텔)로서, 여성가족부 청소년수련시설 종합평가 결과 “적정”등급 이상을 받고, 청소년활동정보서비스([기관홈페이지] 인증된 프로그램을 보유·운영하는 업체이어야 합니다."
PPS-DEV-067,v2,고시금액 미만 실적제한,0,,1,1,"추정가격 138,045,454원 + 부가가치세 13,804,546원","추정가격 138,045,454원 + 부가가치세 13,804,546원"
PPS-DEV-067,v5,고시금액 이상 지역제한,0,,1,1,,"바. 입찰공고일 전일부터(법인인 경우 법인 등기일, 개인사업자인 경우 사업자등록일 기준, 공고 후 신규사업자는 공고일 이후 포함) 입찰일(계약상대자는 계약체결일)까지 주된 영업소가 서울특별시에 소재한 업체"
PPS-DEV-070,v2,고시금액 미만 실적제한,0,,1,0,"다. 당해 입찰목적물의 공급에 필요한 시설, 점포 및 보․냉탑차 보유 또는 임차하고 있는 업체로서, 가입 금액이 1인당 1천만원, 1사고당 3억원 이상 영업배상책임보험(생산물배상책임보험)에 가입한 업체이어야 합니다.",
PPS-DEV-070,v5,고시금액 이상 지역제한,0,,1,1,주된 영업소의 소재지를 강원도 [지역:r1|단위=기초|광역=강원특별자치도]에 둔 업체로서,입찰공고일 전일부터 입찰일(낙찰자는 계약체결일)까지 주된 영업소의 소재지를 강원도 [지역:r1|단위=기초|광역=강원특별자치도]에 둔 업체로서
PPS-DEV-070,v6,"고시금액 미만 지역제한 시,군,구",1,,1,0,주된 영업소의 소재지를 강원도 [지역:r1|단위=기초|광역=강원특별자치도]에 둔 업체로서,
PPS-DEV-071,v2,고시금액 미만 실적제한,0,,1,1,공고일 전일 기준 최근 10년 이내 국가 및 지자체 등 공공기관 또는 민간단체에서 발주하여 완료된 단일 행사 기준 5억원 이상 실적이 있는 업체이어야 합니다.,공고일 전일 기준 최근 10년 이내 국가 및 지자체 등 공공기관 또는 민간단체에서 발주하여 완료된 단일 행사 기준 5억원 이상 실적이 있는 업체이어야 합니다.
PPS-DEV-071,v4,"고시금액 이상 특정기관, 특정실적",0,,1,0,공고일 전일 기준 최근 10년 이내 국가 및 지자체 등 공공기관 또는 민간단체에서 발주하여 완료된 단일 행사 기준 5억원 이상 실적이 있는 업체이어야 합니다.,
PPS-DEV-071,v5,고시금액 이상 지역제한,0,,1,1,"입찰참가자는 입찰참가신청 서류 접수마감일(입찰참가등록마감일) 기준으로 「지방자치단체를 당사자로 하는 계약에 관한 법률 시행령」 제13조 및 같은 법 시행규칙 제14조에 의한 자격을 갖추고, 입찰공고일 전날【신규사업자(법인인 경우 법인 등기일, 개인사업자인 경우 사업자등록일을 기준으로 한다)인 경우 입찰공고일 이후 포함】부터 입찰일(낙찰자는 계약체결일)까지 법인등기부상 본점소재지(개인사업자인 경우에는 사업자등록증 또는 관련 법령에 따른 허가ㆍ인가ㆍ면허ㆍ등록ㆍ신고 등에 관련된 서류에 기재된 사업장의 소재지)가 [수요기관(기초자치단체)]내에 소재하고","입찰참가자는 입찰참가신청 서류 접수마감일(입찰참가등록마감일) 기준으로 「지방자치단체를 당사자로 하는 계약에 관한 법률 시행령」 제13조 및 같은 법 시행규칙 제14조에 의한 자격을 갖추고, 입찰공고일 전날【신규사업자(법인인 경우 법인 등기일, 개인사업자인 경우 사업자등록일을 기준으로 한다)인 경우 입찰공고일 이후 포함】부터 입찰일(낙찰자는 계약체결일)까지 법인등기부상 본점소재지(개인사업자인 경우에는 사업자등록증 또는 관련 법령에 따른 허가ㆍ인가ㆍ면허ㆍ등록ㆍ신고 등에 관련된 서류에 기재된 사업장의 소재지)가 [수요기관(기초자치단체)]내에 소재하고"
PPS-DEV-072,v5,고시금액 이상 지역제한,0,,0,1,,입찰공고일 전일부터 계약체결일까지 법인등기부상 본점 소재지(개인사업자인 경우 사업장등록증 또는 관련 법령에 따른 허가·면허·등록·신고에 관련된 서류에 기재된 사업장의 소재지)를 계속 경기도 [지역:r1|단위=기초|광역=경기도] 또는 제주도에 둔 업체
PPS-DEV-072,v6,"고시금액 미만 지역제한 시,군,구",1,,1,0,입찰공고일 전일부터 계약체결일까지 법인등기부상 본점 소재지(개인사업자인 경우 사업장등록증 또는 관련 법령에 따른 허가·면허·등록·신고에 관련된 서류에 기재된 사업장의 소재지)를 계속 경기도 [지역:r1|단위=기초|광역=경기도] 또는 제주도에 둔 업체,
PPS-DEV-073,v2,고시금액 미만 실적제한,0,,1,1,,
PPS-DEV-074,v6,"고시금액 미만 지역제한 시,군,구",0,,0,1,,
PPS-DEV-075,v2,고시금액 미만 실적제한,0,,1,0,,
PPS-DEV-076,v4,"고시금액 이상 특정기관, 특정실적",0,,1,1,,"수행실적은 국가, 지자체, 공공기관 발주건에 대해서만 인정함 (금액제한 없음)"
PPS-DEV-076,v5,고시금액 이상 지역제한,0,,1,1,입찰공고일 전일부터 입찰일(낙찰자는 계약 체결일)까지 주된 영업소 소재지가 제주특별자치도에 있는 업체,입찰공고일 전일부터 입찰일(낙찰자는 계약 체결일)까지 주된 영업소 소재지가 제주특별자치도에 있는 업체
PPS-DEV-076,v6,"고시금액 미만 지역제한 시,군,구",0,,1,1,,입찰공고일 전일부터 입찰일(낙찰자는 계약 체결일)까지 주된 영업소 소재지가 제주특별자치도에 있는 업체
PPS-DEV-076,v8,중복제한 (실적+지역),0,,1,1,,
PPS-DEV-077,v2,고시금액 미만 실적제한,0,,1,1,최근 3년간 해당 용역으로 물의를 일으키지 않은 업체,최근 3년간 해당 용역으로 물의를 일으키지 않은 업체
PPS-DEV-077,v6,"고시금액 미만 지역제한 시,군,구",0,,1,0,"입찰의 참가자격을 갖춘 자로, 입찰공고일 전일부터 입찰일(낙찰자는 계약체결일까지 주된 영업소의 소재지를 강원특별자치도 내에 둔 사업자로 제한하며, 동법 시행령 제92조 및 동법 시행규칙 제76조에 해당되지 않은 업체",
PPS-DEV-077,v7,고시금액 미만 지역제한 인접 확대,0,,1,0,"입찰의 참가자격을 갖춘 자로, 입찰공고일 전일부터 입찰일(낙찰자는 계약체결일까지 주된 영업소의 소재지를 강원특별자치도 내에 둔 사업자로 제한하며, 동법 시행령 제92조 및 동법 시행규칙 제76조에 해당되지 않은 업체",
PPS-DEV-079,v6,"고시금액 미만 지역제한 시,군,구",0,,1,1,,
PPS-DEV-081,v2,고시금액 미만 실적제한,0,,1,1,,
PPS-DEV-081,v4,"고시금액 이상 특정기관, 특정실적",0,,1,0,"최근 5년간(공고일 기준) 국가‧지자체 및 공공기관에서 발주한 해양환경·생태, 해상풍력, 해양공간계획, 해양정책 분야와 관련된 용역 참여 실적(준공 기준) 1건당 1점 배점",
PPS-DEV-082,v2,고시금액 미만 실적제한,0,,1,1,,
PPS-DEV-082,v4,"고시금액 이상 특정기관, 특정실적",0,,1,0,,
PPS-DEV-082,v5,고시금액 이상 지역제한,0,,0,1,,
PPS-DEV-083,v5,고시금액 이상 지역제한,0,,1,0,,
PPS-DEV-083,v6,"고시금액 미만 지역제한 시,군,구",0,,1,1,,주된 영업장의 소재지가 [지역:r1|단위=기초|광역=전라남도]에 있는 업체
PPS-DEV-084,v2,고시금액 미만 실적제한,0,,1,0,,
PPS-DEV-084,v5,고시금액 이상 지역제한,0,,1,1,바. 서울 또는 경기도에 소재한 사업자 또는 지점사업자,바. 서울 또는 경기도에 소재한 사업자 또는 지점사업자
PPS-DEV-084,v6,"고시금액 미만 지역제한 시,군,구",0,,1,1,바. 서울 또는 경기도에 소재한 사업자 또는 지점사업자,바. 서울 또는 경기도에 소재한 사업자 또는 지점사업자
PPS-DEV-084,v7,고시금액 미만 지역제한 인접 확대,0,,1,1,바. 서울 또는 경기도에 소재한 사업자 또는 지점사업자,바. 서울 또는 경기도에 소재한 사업자 또는 지점사업자
PPS-DEV-087,v2,고시금액 미만 실적제한,0,,1,1,,
PPS-DEV-088,v2,고시금액 미만 실적제한,0,,1,1,,
PPS-DEV-088,v5,고시금액 이상 지역제한,0,,0,1,,"입찰공고일 전일[신규사업자(법인인 경우 법인등기일, 개인사업자인 경우 사업자등록일을 기준으로 한다.)인 경우 입찰공고일 이후를 포함한다.]부터 입찰일까지(다만, 낙찰자의 경우 계약체결일)까지 법인등기부상 본점 소재지(개인사업자인 경우에는 사업자등록증 또는 관련 법령에 따른 허가·인가·면허·등록·신고 등에 관련된 서류에 기재된 사업장의 소재지)를 계속하여 경상북도에 두고 있는 업체"
PPS-DEV-088,v6,"고시금액 미만 지역제한 시,군,구",0,,1,1,,"입찰공고일 전일[신규사업자(법인인 경우 법인등기일, 개인사업자인 경우 사업자등록일을 기준으로 한다.)인 경우 입찰공고일 이후를 포함한다.]부터 입찰일까지(다만, 낙찰자의 경우 계약체결일)까지 법인등기부상 본점 소재지(개인사업자인 경우에는 사업자등록증 또는 관련 법령에 따른 허가·인가·면허·등록·신고 등에 관련된 서류에 기재된 사업장의 소재지)를 계속하여 경상북도에 두고 있는 업체"
PPS-DEV-089,v2,고시금액 미만 실적제한,0,,1,0,심사분야 중 3. 기술능력의 나. 기술보유 상황의 평가 기준 : 4톤,
PPS-DEV-089,v5,고시금액 이상 지역제한,0,,0,1,,나. 공고일 전일부터 입찰일까지(낙찰자는 계약체결일까지) 법인등기부상 본점소재지(개인사업자인 경우에는 사업자등록증 또는 관련 법령에 따른 허가․인가․면허․등록․신고 등에 관련된 서류에 기재된 사업장의 소재지)가 전라남도 내에 있는 업체
PPS-DEV-089,v6,"고시금액 미만 지역제한 시,군,구",0,,1,0,나. 공고일 전일부터 입찰일까지(낙찰자는 계약체결일까지) 법인등기부상 본점소재지(개인사업자인 경우에는 사업자등록증 또는 관련 법령에 따른 허가․인가․면허․등록․신고 등에 관련된 서류에 기재된 사업장의 소재지)가 전라남도 내에 있는 업체,
PPS-DEV-091,v2,고시금액 미만 실적제한,0,,1,0,,
PPS-DEV-091,v5,고시금액 이상 지역제한,0,,1,1,,
PPS-DEV-091,v6,"고시금액 미만 지역제한 시,군,구",0,,1,0,용 역 명 | 지방정부 백록지구 하천재해예방사업폐기물 처리 용역(일반경쟁·10억원미만),
PPS-DEV-091,v7,고시금액 미만 지역제한 인접 확대,0,,1,0,,
PPS-DEV-092,v5,고시금액 이상 지역제한,0,,0,1,,
PPS-DEV-092,v6,"고시금액 미만 지역제한 시,군,구",0,,1,1,,
PPS-DEV-093,v2,고시금액 미만 실적제한,0,,1,1,다. 「중소기업기본법」제2조에 따른 중소기업자 또는「소상공인 보호 및 지원에 관 한 법률」제2조에 따른 소상공인으로서「중소기업 범위 및 확인에 관한 규정」에 따라 발급된 중·소기업·소상공인 확인서(계약체결일까지 발급된 것으로 유효기간 내에 있어야 함)를 소지한 업체,다. 「중소기업기본법」제2조에 따른 중소기업자 또는「소상공인 보호 및 지원에 관 한 법률」제2조에 따른 소상공인으로서「중소기업 범위 및 확인에 관한 규정」에 따라 발급된 중·소기업·소상공인 확인서(계약체결일까지 발급된 것으로 유효기간 내에 있어야 함)를 소지한 업체
PPS-DEV-094,v2,고시금액 미만 실적제한,0,,1,0,,
PPS-DEV-095,v6,"고시금액 미만 지역제한 시,군,구",0,,1,0,입찰 공고일 전일부터 입찰일(낙찰자는 계약 체결일)까지 법인등기부상 본점소재지(개인사업자인 경우에는 사업자등록증 또는 관련 법령에 따른 허가·인가·면허·등록·신고 등에 관련된 서류에 기재된 사업장의 소재지를 말한다)가 전라남도내에 소재한 업체,
PPS-DEV-096,v2,고시금액 미만 실적제한,0,,1,1,,
PPS-DEV-096,v5,고시금액 이상 지역제한,0,,1,0,,
PPS-DEV-096,v6,"고시금액 미만 지역제한 시,군,구",0,,1,1,,
PPS-DEV-097,v6,"고시금액 미만 지역제한 시,군,구",0,,1,0,,
PPS-DEV-098,v4,"고시금액 이상 특정기관, 특정실적",0,,0,1,,"납품 장비의 사후관리가 가능하여야 하며, 품목의 장비공급 경험(실적)이 있는 업체를 통해서만 공급하여야 한다."
PPS-DEV-098,v5,고시금액 이상 지역제한,0,,1,0,,
PPS-DEV-098,v6,"고시금액 미만 지역제한 시,군,구",0,,1,1,,"가. 법인등기부상 본점소재지(개인사업자인 경우 해당사업에 관한 사업자 등록증이나 관련법령에 따른 허가‧인가‧면허‧등록‧신고 등 관련서류의 사업장 소재지를 말한다)가 충청남도[영업소의 소재지 기준일은 입찰공고일 전일로 하며, 입찰일(낙찰자는 계약체결일)까지 당해 자격이 유지되어야 합니다.]에 위치한 업체"
PPS-DEV-099,v2,고시금액 미만 실적제한,0,,1,1,,
PPS-DEV-099,v4,"고시금액 이상 특정기관, 특정실적",0,,1,1,,
PPS-DEV-099,v5,고시금액 이상 지역제한,0,,1,0,,
PPS-DEV-099,v8,중복제한 (실적+지역),0,,1,0,,
PPS-DEV-100,v2,고시금액 미만 실적제한,0,,1,0,1) 납품실적 평가요소 : 납품완료일로부터 최근 5년(창업기업 7년) 이내 납품실적(금액) 합산,
PPS-DEV-100,v4,"고시금액 이상 특정기관, 특정실적",0,,1,0,1) 납품실적 평가요소 : 납품완료일로부터 최근 5년(창업기업 7년) 이내 납품실적(금액) 합산,
PPS-DEV-100,v5,고시금액 이상 지역제한,0,,1,1,,
PPS-DEV-100,v6,"고시금액 미만 지역제한 시,군,구",0,,1,0,[지역:r1|단위=기초|광역=인천광역시] [직위] 시점(1191),
PPS-DEV-101,v2,고시금액 미만 실적제한,0,,1,1,,
PPS-DEV-101,v6,"고시금액 미만 지역제한 시,군,구",0,,1,0,,
PPS-DEV-101,v8,중복제한 (실적+지역),0,,1,0,,
PPS-DEV-102,v2,고시금액 미만 실적제한,0,,0,1,,
PPS-DEV-102,v6,"고시금액 미만 지역제한 시,군,구",0,,1,1,,
PPS-DEV-103,v2,고시금액 미만 실적제한,0,,1,1,,
PPS-DEV-103,v8,중복제한 (실적+지역),0,,0,1,,
PPS-DEV-104,v6,"고시금액 미만 지역제한 시,군,구",0,,1,1,,
PPS-DEV-105,v6,"고시금액 미만 지역제한 시,군,구",0,,1,0,,
PPS-DEV-106,v7,고시금액 미만 지역제한 인접 확대,0,,1,0,,
PPS-DEV-107,v2,고시금액 미만 실적제한,0,,1,1,소유차량(45인승 대형버스)을 충족하지 못하면 부적격자로 결격처리,소유차량(45인승 대형버스)을 충족하지 못하면 부적격자로 결격처리
PPS-DEV-107,v6,"고시금액 미만 지역제한 시,군,구",0,,1,1,,
PPS-DEV-109,v2,고시금액 미만 실적제한,0,,1,1,,
PPS-DEV-109,v4,"고시금액 이상 특정기관, 특정실적",0,,1,1,,주관으로 본 용역과 관련된 초대형 정부사업 기획 경력 보유 및 최근 3년 내 통과*된 예타급 대형 정부 사업 경험 수 등 주요 실적 제시
PPS-DEV-109,v7,고시금액 미만 지역제한 인접 확대,0,,1,0,,
PPS-DEV-109,v8,중복제한 (실적+지역),0,,1,1,,
PPS-DEV-110,v2,고시금액 미만 실적제한,0,,1,1,,
PPS-DEV-110,v5,고시금액 이상 지역제한,0,,1,1,,
PPS-DEV-111,v2,고시금액 미만 실적제한,0,,1,1,조사이행능력의 연구조사실적평가는 국가유산청에 최종 신고된 실적으로 입찰공고일 기준 최근 3년간 완료된 매장유산 조사용역실적 합계를 반영하며,"조사이행능력의 연구조사실적평가는 국가유산청에 최종 신고된 실적으로 입찰공고일 기준 최근 3년간 완료된 매장유산 조사용역실적 합계를 반영하며, 실적금액은 국가유산청에 신고된 허가금액이 아닌 발주기관에서 확인된 최종 준공금액으로 합니다."
PPS-DEV-111,v4,"고시금액 이상 특정기관, 특정실적",0,,1,0,"조사이행능력의 연구조사실적평가는 국가유산청에 최종 신고된 실적으로 입찰공고일 기준 최근 3년간 완료된 매장유산 조사용역실적 합계를 반영하며, 실적금액은 국가유산청에 신고된 허가금액이 아닌 발주기관에서 확인된 최종 준공금액으로 합니다.",
PPS-DEV-111,v5,고시금액 이상 지역제한,0,,1,0,"당해 사업에 관한 자격요건을 갖추고, 공고일 전일부터 입찰일(낙찰자는 계약체결일)까지 법인등기부상 본점소재지(개인사업자인 경우 사업자등록증 또는 관련 법령에 따른 허가 등 서류에 기재된 사업장 소재지)가 경상남도에 소재한 업체",
PPS-DEV-111,v6,"고시금액 미만 지역제한 시,군,구",0,,1,0,,
PPS-DEV-111,v8,중복제한 (실적+지역),0,,1,1,,
PPS-DEV-112,v2,고시금액 미만 실적제한,0,,1,1,유사사업 수행실적 여부 | 입찰공고일 기준 최근 5년간 수행 실적 중 유사사업 수행실적 (무대조명으로 납품한 실적) | 예산금액의 100% 이상 | 6,유사사업 수행실적 여부 | 입찰공고일 기준 최근 5년간 수행 실적 중 유사사업 수행실적 (무대조명으로 납품한 실적) | 예산금액의 100% 이상 | 6
PPS-DEV-112,v5,고시금액 이상 지역제한,0,,1,0,,
PPS-DEV-112,v6,"고시금액 미만 지역제한 시,군,구",0,,1,1,,
PPS-DEV-113,v6,"고시금액 미만 지역제한 시,군,구",0,,1,0,,
PPS-DEV-115,v5,고시금액 이상 지역제한,0,,0,1,,
PPS-DEV-115,v6,"고시금액 미만 지역제한 시,군,구",0,,1,0,,
PPS-DEV-116,v5,고시금액 이상 지역제한,0,,1,0,,
PPS-DEV-116,v6,"고시금액 미만 지역제한 시,군,구",0,,0,1,,
PPS-DEV-117,v2,고시금액 미만 실적제한,0,,1,0,유사사업 실적,
PPS-DEV-118,v2,고시금액 미만 실적제한,0,,1,0,"입찰참가자격에 관한 서류는 조달청 나라장터(G2B) 비정형전자문서로 입찰기간 내 송부하여야 하며, 서류접수여부 계약담당자 유선확인 요망(자세한 내용은 입찰참가자격 참고 바랍니다.)",
PPS-DEV-119,v2,고시금액 미만 실적제한,0,,1,1,,
PPS-DEV-119,v3,실적제한 1배수 이상,0,,0,1,,
PPS-DEV-119,v6,"고시금액 미만 지역제한 시,군,구",0,,1,1,,
PPS-DEV-119,v8,중복제한 (실적+지역),0,,1,1,,
PPS-DEV-120,v2,고시금액 미만 실적제한,0,,1,0,,
PPS-DEV-121,v2,고시금액 미만 실적제한,0,,1,1,,최근 3년간 단일건당 20백만원(부가가치세 포함) 이상의 유사사업 수행 실적
PPS-DEV-121,v4,"고시금액 이상 특정기관, 특정실적",0,,1,0,유사사업: 요양보호사 포함 돌봄 분야 사업,
PPS-DEV-121,v6,"고시금액 미만 지역제한 시,군,구",0,,1,1,"본 입찰과 관련하여 추가로 문의할 사항이 있으시면 아래의 담당자에게 연락하시기 바랍니다. ○ 입찰안내 상담 및 입찰참가자격 등록: 조달청 정부조달 콜센터 (☎ 1588-0800) ○ 입찰공고, 개찰 및 계약: [수요기관(기초자치단체)|지역=r1] [부서] [담당자] (☎ [전화번호]) ○ 입찰참가자격, 과업내용, 실적, 평가 등: [수요기관(기초자치단체)|지역=r1] [부서] [담당자] (☎ [전화번호])","나. 「노인복지법」 제39조의3 및 같은 법 시행규칙 제29조의10 규정에 의거 요양보호사교육기관(업종코드: 5417)으로 등록을 필한 업체로서, 입찰공고일 전일부터 입찰일(낙찰자는 계약체결일)까지 법인등기부상 본점 소재지(개인사업자의 경우에는 사업자등록증 또는 관련 법령에 따른 허가․인가․면허․등록․신고 등에 관련된 서류에 기재된 사업장의 소재지)가 서울특별시에 계속 소재하는 업체"
PPS-DEV-121,v8,중복제한 (실적+지역),0,,1,1,"「노인복지법」 제39조의3 및 같은 법 시행규칙 제29조의10 규정에 의거 요양보호사교육기관(업종코드: 5417)으로 등록을 필한 업체로서, 입찰공고일 전일부터 입찰일(낙찰자는 계약체결일)까지 법인등기부상 본점 소재지(개인사업자의 경우에는 사업자등록증 또는 관련 법령에 따른 허가․인가․면허․등록․신고 등에 관련된 서류에 기재된 사업장의 소재지)가 서울특별시에 계속 소재하는 업체","나. 「노인복지법」 제39조의3 및 같은 법 시행규칙 제29조의10 규정에 의거 요양보호사교육기관(업종코드: 5417)으로 등록을 필한 업체로서, 입찰공고일 전일부터 입찰일(낙찰자는 계약체결일)까지 법인등기부상 본점 소재지(개인사업자의 경우에는 사업자등록증 또는 관련 법령에 따른 허가․인가․면허․등록․신고 등에 관련된 서류에 기재된 사업장의 소재지)가 서울특별시에 계속 소재하는 업체"
PPS-DEV-122,v6,"고시금액 미만 지역제한 시,군,구",0,,1,0,본 입찰은 전자입찰로 집행하므로 조달청 전자입찰 이용자 등록을 한 업체만이 입찰에 참여할 수 있습니다. 전자입찰 미등록업체는 “http://www.g2b.go.kr,
PPS-DEV-123,v2,고시금액 미만 실적제한,0,,1,1,,"최근 5년(2021.6.1.~현재)이내 국가, 지방자치단체, 공공기관(공공기관운영에관한법률 제4조 내지 제6조에 따라 지정․고시된 공공기관)에 작품 당 1억원 이상의 미술작품을 납품·제작·설치한 실적의 합"
PPS-DEV-123,v4,"고시금액 이상 특정기관, 특정실적",0,,1,0,"① 최근 5년(2021.6.1.~현재)이내 국가, 지방자치단체, 공공기관(공공기관운영에관한법률 제4조 내지 제6조에 따라 지정․고시된 공공기관)에 작품 당 1억원 이상의 미술작품을 납품·제작·설치한 실적의 합",
PPS-DEV-123,v8,중복제한 (실적+지역),0,,0,1,,"최근 5년(2021.6.1.~현재)이내 국가, 지방자치단체, 공공기관(공공기관운영에관한법률 제4조 내지 제6조에 따라 지정․고시된 공공기관)에 작품 당 1억원 이상의 미술작품을 납품·제작·설치한 실적의 합"
PPS-DEV-125,v2,고시금액 미만 실적제한,0,,1,1,유사 용역 최근 3년간의 수행 실적 합산 금액 ※ 유사실적인정 : 국가연구개발사업 기획 | 100% 이상 | 10,
PPS-DEV-125,v4,"고시금액 이상 특정기관, 특정실적",0,,1,0,,
PPS-DEV-125,v8,중복제한 (실적+지역),0,,0,1,,
PPS-DEV-126,v2,고시금액 미만 실적제한,0,,1,0,,
PPS-DEV-126,v6,"고시금액 미만 지역제한 시,군,구",0,,1,1,"3-1-1 지방자치단체 입찰 및 계약집행기준에 따라 지역업체 기준일은 입찰공고일 전일이며, 입찰일(낙찰자는 계약체결일)까지 법인등기부등본 상 본점 소재지(개인의 경우에는 사업자등록증 또는 관련 법령에 따른 허가·인가·면허·등록·신고 등에 관련된 서류에 기재된 사업자의 소재)가 전북특별자치도 내에 있어야 합니다.","지방자치단체 입찰 및 계약집행기준에 따라 지역업체 기준일은 입찰공고일 전일이며, 입찰일(낙찰자는 계약체결일)까지 법인등기부등본 상 본점 소재지(개인의 경우에는 사업자등록증 또는 관련 법령에 따른 허가·인가·면허·등록·신고 등에 관련된 서류에 기재된 사업자의 소재)가 전북특별자치도 내에 있어야 합니다."
PPS-DEV-127,v2,고시금액 미만 실적제한,0,,1,1,,
PPS-DEV-127,v6,"고시금액 미만 지역제한 시,군,구",0,,1,1,,
PPS-DEV-127,v8,중복제한 (실적+지역),0,,1,1,,
PPS-DEV-128,v2,고시금액 미만 실적제한,0,,1,0,계약자는 물품의 A/S 지정등록업체 또는 농기계수리 지정등록업체 이어야 한다.,
PPS-DEV-128,v6,"고시금액 미만 지역제한 시,군,구",0,,1,1,충청북도 내에 주된 영업소를 둔 업체,
PPS-DEV-129,v2,고시금액 미만 실적제한,0,,1,1,,
PPS-DEV-129,v4,"고시금액 이상 특정기관, 특정실적",0,,1,0,지속가능경영보고서 발간 실적은 입찰공고일 기준 최근 3년간 단독 수행하여 완료된 과업 실적에 한함,
PPS-DEV-129,v5,고시금액 이상 지역제한,0,,1,0,,
PPS-DEV-129,v6,"고시금액 미만 지역제한 시,군,구",0,,1,0,,
PPS-DEV-129,v8,중복제한 (실적+지역),0,,1,1,,
PPS-DEV-130,v5,고시금액 이상 지역제한,0,,1,0,,
PPS-DEV-130,v6,"고시금액 미만 지역제한 시,군,구",0,,0,1,,
PPS-DEV-131,v2,고시금액 미만 실적제한,0,,1,1,,실적증명 및 기타 평가항목으로 요구하는 서류 일체(제안서에 첨부하여 제출)
PPS-DEV-134,v2,고시금액 미만 실적제한,0,,1,0,,
PPS-DEV-135,v2,고시금액 미만 실적제한,0,,1,1,,
PPS-DEV-135,v6,"고시금액 미만 지역제한 시,군,구",0,,1,0,,
PPS-DEV-136,v2,고시금액 미만 실적제한,0,,1,1,,"추정가격 66,056,363원"
PPS-DEV-136,v6,"고시금액 미만 지역제한 시,군,구",0,,1,0,지역제한(서울특별시) 대상 공고입니다.,
PPS-DEV-137,v2,고시금액 미만 실적제한,0,,1,1,유사용역 정의(범위): 국가기관 또는 공공기관의 ESG경영전략 및 체계수립 및 ESG 경영보고서 발간 등으로 당해 과업 목적 및 내용에 부합되는 분야로 한정,유사용역 정의(범위): 국가기관 또는 공공기관의 ESG경영전략 및 체계수립 및 ESG 경영보고서 발간 등으로 당해 과업 목적 및 내용에 부합되는 분야로 한정
PPS-DEV-137,v8,중복제한 (실적+지역),0,,0,1,,유사용역 정의(범위): 국가기관 또는 공공기관의 ESG경영전략 및 체계수립 및 ESG 경영보고서 발간 등으로 당해 과업 목적 및 내용에 부합되는 분야로 한정
PPS-DEV-138,v2,고시금액 미만 실적제한,0,,1,1,,
PPS-DEV-138,v4,"고시금액 이상 특정기관, 특정실적",0,,1,0,"최근 3년 이내 정부(국가 및 지자체, 산하기관, 정부 투자기관 포함) 및 산하 공기업, 민자 또는 민간 기업이 발주한 단일행사(축제, 문화행사, 박람회, 전시 및 홍보 마케팅)로 계약 규모가 7천만 원(부가세 포함) 이상인 수행 실적",
PPS-DEV-138,v5,고시금액 이상 지역제한,0,,1,0,,
PPS-DEV-138,v6,"고시금액 미만 지역제한 시,군,구",0,,1,0,,
PPS-DEV-139,v2,고시금액 미만 실적제한,0,,1,1,,
PPS-DEV-139,v5,고시금액 이상 지역제한,0,,1,0,"입찰공고일 전일부터 주된 영업소의 소재지[법인등기부상 본점소재지(개인사업자인 경우 사업자등록증 또는 관련 법령에 따른 인허가, 면허, 등록, 신고 등에 관련된 서류에 기재된 사업장의 소재지)]가 대구광역시여야 하고 입찰일(낙찰자는 계약체결일)까지 당해 자격을 유지한 자",
PPS-DEV-139,v6,"고시금액 미만 지역제한 시,군,구",0,,1,0,"입찰공고일 전일부터 주된 영업소의 소재지[법인등기부상 본점소재지(개인사업자인 경우 사업자등록증 또는 관련 법령에 따른 인허가, 면허, 등록, 신고 등에 관련된 서류에 기재된 사업장의 소재지)]가 대구광역시여야 하고 입찰일(낙찰자는 계약체결일)까지 당해 자격을 유지한 자",
PPS-DEV-140,v2,고시금액 미만 실적제한,0,,0,1,,
PPS-DEV-140,v4,"고시금액 이상 특정기관, 특정실적",0,,1,0,,
PPS-DEV-141,v2,고시금액 미만 실적제한,0,,1,1,"다. 입찰공고일 전일 기준으로 최근 5년 이내 국가, 지방자치단체, 공공기관 또는 민간 발주한 단일 건으로 8억원(부가가치세 포함) 이상의 축제행사, 문화행사 또는 이와 유사한 행사 대행 완료 실적이 있는 업체","다. 입찰공고일 전일 기준으로 최근 5년 이내 국가, 지방자치단체, 공공기관 또는 민간 발주한 단일 건으로 8억원(부가가치세 포함) 이상의 축제행사, 문화행사 또는 이와 유사한 행사 대행 완료 실적이 있는 업체"
PPS-DEV-141,v4,"고시금액 이상 특정기관, 특정실적",0,,1,0,"단일 건으로 8억원(부가가치세 포함) 이상의 축제행사, 문화행사 또는 이와 유사한 행사 대행 완료 실적이 있는 업체",
PPS-DEV-141,v5,고시금액 이상 지역제한,0,,1,0,지방정부 대전 0시 축제 행사 운영 대행 용역(제한경쟁·50억원미만),
PPS-DEV-141,v6,"고시금액 미만 지역제한 시,군,구",0,,1,0,지방정부 대전 0시 축제 행사 운영 대행 용역(제한경쟁·50억원미만),
PPS-DEV-141,v8,중복제한 (실적+지역),0,,1,1,"다. 입찰공고일 전일 기준으로 최근 5년 이내 국가, 지방자치단체, 공공기관 또는 민간 발주한 단일 건으로 8억원(부가가치세 포함) 이상의 축제행사, 문화행사 또는 이와 유사한 행사 대행 완료 실적이 있는 업체","다. 입찰공고일 전일 기준으로 최근 5년 이내 국가, 지방자치단체, 공공기관 또는 민간 발주한 단일 건으로 8억원(부가가치세 포함) 이상의 축제행사, 문화행사 또는 이와 유사한 행사 대행 완료 실적이 있는 업체"
PPS-DEV-143,v2,고시금액 미만 실적제한,0,,1,1,,
PPS-DEV-143,v4,"고시금액 이상 특정기관, 특정실적",0,,1,0,,
PPS-DEV-143,v5,고시금액 이상 지역제한,0,,0,1,,
PPS-DEV-143,v8,중복제한 (실적+지역),0,,1,1,,
PPS-DEV-144,v2,고시금액 미만 실적제한,0,,1,1,,
PPS-DEV-144,v6,"고시금액 미만 지역제한 시,군,구",0,,1,1,,
PPS-DEV-145,v2,고시금액 미만 실적제한,0,,1,1,,
PPS-DEV-145,v4,"고시금액 이상 특정기관, 특정실적",0,,1,0,,
PPS-DEV-145,v8,중복제한 (실적+지역),0,,0,1,,
PPS-DEV-146,v6,"고시금액 미만 지역제한 시,군,구",0,,1,1,"1) 입찰공고일 전일부터 입찰일(낙찰자는 계약체결일, 적격심사대상자는 적격심사서류 제출일)까지 법인등기부상 본점소재지(개인사업자인 경우에는 사업자등록증 또는 관련 법령에 따른 허가·인가·면허·등록·신고 등에 관련된 서류에 기재된 사업자의 소재지)가 경기도 내에 소재한 업체","1) 입찰공고일 전일부터 입찰일(낙찰자는 계약체결일, 적격심사대상자는 적격심사서류 제출일)까지 법인등기부상 본점소재지(개인사업자인 경우에는 사업자등록증 또는 관련 법령에 따른 허가·인가·면허·등록·신고 등에 관련된 서류에 기재된 사업자의 소재지)가 경기도 내에 소재한 업체"
PPS-DEV-147,v2,고시금액 미만 실적제한,0,,1,1,,
PPS-DEV-147,v6,"고시금액 미만 지역제한 시,군,구",0,,1,1,입찰공고일 전일부터 입찰일까지 법인등기부상 본점소재지를 경상북도에 둔 자,입찰공고일 전일부터 입찰일까지 법인등기부상 본점소재지를 경상북도에 둔 자
PPS-DEV-147,v8,중복제한 (실적+지역),0,,0,1,,
PPS-DEV-149,v2,고시금액 미만 실적제한,0,,1,0,실적증명서는 중간처리 실적과 수집‧운반 실적으로 구분 제출,
PPS-DEV-149,v5,고시금액 이상 지역제한,0,,1,1,가. 용 역 명 : 지방정부 일원 노후 상수도관 교체공사 폐기물처리 용역(제한경쟁·3억원미만),가. 용 역 명 : 지방정부 일원 노후 상수도관 교체공사 폐기물처리 용역(제한경쟁·3억원미만)
PPS-DEV-149,v6,"고시금액 미만 지역제한 시,군,구",0,,1,0,,
PPS-DEV-149,v8,중복제한 (실적+지역),0,,0,1,,"｢폐기물 관리법｣ 제25조 및 ｢건설폐기물의 재활용촉진에 관한 법률｣ 제21조 규정에 의한 폐기물중간처리업(건설폐기물)허가를 득한업체로, 폐기물수집․운반업(건설폐기물)을 등록하거나 ｢건설폐기물 재활용촉진에 관한 법률 시행규칙｣ 별표2 제1호(수집․운반업 허가기준) 가목의 장비기준을 충족한 업체"
PPS-DEV-151,v5,고시금액 이상 지역제한,0,,0,1,,주된 영업소의 소재지가 충청북도인 업체이어야 합니다.
PPS-DEV-151,v6,"고시금액 미만 지역제한 시,군,구",0,,0,1,,주된 영업소의 소재지가 충청북도인 업체이어야 합니다.
PPS-DEV-151,v8,중복제한 (실적+지역),0,,1,0,"「건설폐기물 재활용촉진에 관한 법률」 제21조 규정에 의거 건설폐기물 중간처리업 허가를 득하고(건설폐기물 수집 ․ 운반을 위한 시설, 장비를 갖추어야 함) 주된 영업소의 소재지가 충청북도인 업체이어야 합니다.",
PPS-DEV-153,v4,"고시금액 이상 특정기관, 특정실적",0,,1,1,,
PPS-DEV-153,v6,"고시금액 미만 지역제한 시,군,구",0,,1,0,,
PPS-DEV-155,v2,고시금액 미만 실적제한,0,,1,1,"입찰 공고일 기준 최근 5년 이내 축제, 공연, 대중음악 페스티벌 등 유사사업의 단일 계약 1억원 이상(부가세 포함)의 행사대행 실적",
PPS-DEV-155,v4,"고시금액 이상 특정기관, 특정실적",0,,1,0,,
PPS-DEV-155,v5,고시금액 이상 지역제한,0,,1,0,,
PPS-DEV-155,v6,"고시금액 미만 지역제한 시,군,구",0,,0,1,,
PPS-DEV-155,v8,중복제한 (실적+지역),0,,1,0,,
PPS-DEV-156,v5,고시금액 이상 지역제한,0,,1,0,"법인등기부상 본점소재지(개인사업자인 경우 사업자등록증 또는 관련 법령에 따른 허가ㆍ인가ㆍ면허ㆍ등록ㆍ신고 등 관련 서류에 기재된 사업장 소재지)가 공고일 전일부터 입찰일(낙찰자는 계약체결일, 적격심사대상자는 적격심사 서류제출일)까지 경상남도 도내에 소재한 업체",
PPS-DEV-156,v6,"고시금액 미만 지역제한 시,군,구",0,,1,0,"법인등기부상 본점소재지(개인사업자인 경우 사업자등록증 또는 관련 법령에 따른 허가ㆍ인가ㆍ면허ㆍ등록ㆍ신고 등 관련 서류에 기재된 사업장 소재지)가 공고일 전일부터 입찰일(낙찰자는 계약체결일, 적격심사대상자는 적격심사 서류제출일)까지 경상남도 도내에 소재한 업체",
PPS-DEV-157,v2,고시금액 미만 실적제한,0,,1,1,,
PPS-DEV-157,v4,"고시금액 이상 특정기관, 특정실적",0,,1,0,,
PPS-DEV-157,v5,고시금액 이상 지역제한,0,,1,1,,
PPS-DEV-158,v2,고시금액 미만 실적제한,0,,0,1,,
PPS-DEV-158,v4,"고시금액 이상 특정기관, 특정실적",0,,1,0,,
PPS-DEV-158,v5,고시금액 이상 지역제한,0,,1,0,,
PPS-DEV-159,v2,고시금액 미만 실적제한,0,,1,1,"제안서의 기재사항은 반드시 사실만을 기술하며, 증빙자료를 반드시 별첨해야 한다. 증빙자료가 없는 기재사항에 대해서는 사실이 아닌 것으로 간주 된다.",제안서 작성 시 오․탈자의 발생 및 제출된 제안서에 누락 된 부분이 발생하지 않도록 유의하여 작성하여야 한다. 평가 시 오․탈자 및 누락 부분은 제출된 상태 그대로 평가에 반영된다.
PPS-DEV-160,v2,고시금액 미만 실적제한,0,,1,0,,
PPS-DEV-160,v5,고시금액 이상 지역제한,0,,0,1,,2) 입찰공고일 전일부터 입찰일까지 서울특별시에 법인등기부상 본점이 있는 업체
PPS-DEV-160,v6,"고시금액 미만 지역제한 시,군,구",0,,1,0,,
PPS-DEV-161,v2,고시금액 미만 실적제한,0,,1,1,,
PPS-DEV-161,v6,"고시금액 미만 지역제한 시,군,구",0,,1,0,,
PPS-DEV-161,v8,중복제한 (실적+지역),0,,0,1,,
PPS-DEV-162,v2,고시금액 미만 실적제한,0,,1,0,,
PPS-DEV-163,v6,"고시금액 미만 지역제한 시,군,구",0,,1,0,,
PPS-DEV-164,v2,고시금액 미만 실적제한,0,,0,1,,"입찰참가 전 감독관([부서] [담당자], [전화번호])과 관급자재 납품 예상 기일 및 물량 납품에 차질이 없도록 물량확보 여부 상의 후 입찰 참가하시기 바랍니다."
PPS-DEV-164,v5,고시금액 이상 지역제한,0,,1,0,,
PPS-DEV-164,v6,"고시금액 미만 지역제한 시,군,구",0,,1,1,입찰공고일 현재 법인등기부상 본점 소재지(개인사업자인 경우에는 사업자등록증 또는 관련 법령에 따른 허가․인가․면허․등록․신고 등에 관련된 서류에 기재된 사업장의 소재지)가 경상남도인 업체,3) 입찰공고일 현재 법인등기부상 본점 소재지(개인사업자인 경우에는 사업자등록증 또는 관련 법령에 따른 허가․인가․면허․등록․신고 등에 관련된 서류에 기재된 사업장의 소재지)가 경상남도인 업체
PPS-DEV-165,v2,고시금액 미만 실적제한,0,,1,1,,
PPS-DEV-165,v4,"고시금액 이상 특정기관, 특정실적",0,,1,0,,
PPS-DEV-165,v5,고시금액 이상 지역제한,0,,1,1,,
PPS-DEV-165,v6,"고시금액 미만 지역제한 시,군,구",0,,1,0,[수요기관(기초자치단체)|지역=r1] 홈페이지 및 조달청(나라장터),
PPS-DEV-165,v8,중복제한 (실적+지역),0,,1,0,,
PPS-DEV-166,v2,고시금액 미만 실적제한,0,,0,1,,
PPS-DEV-166,v6,"고시금액 미만 지역제한 시,군,구",0,,1,0,,
PPS-DEV-167,v6,"고시금액 미만 지역제한 시,군,구",0,,1,0,,
PPS-DEV-168,v6,"고시금액 미만 지역제한 시,군,구",0,,1,0,납품제한지역 : 부산광역시 소재지 업체에 한함,
PPS-DEV-169,v2,고시금액 미만 실적제한,0,,1,1,,
PPS-DEV-169,v4,"고시금액 이상 특정기관, 특정실적",0,,1,0,,
PPS-DEV-169,v5,고시금액 이상 지역제한,0,,1,1,,
PPS-DEV-169,v8,중복제한 (실적+지역),0,,1,0,,
PPS-DEV-170,v2,고시금액 미만 실적제한,0,,1,1,,
PPS-DEV-170,v4,"고시금액 이상 특정기관, 특정실적",0,,1,0,,
PPS-DEV-170,v5,고시금액 이상 지역제한,0,,1,1,,
PPS-DEV-170,v6,"고시금액 미만 지역제한 시,군,구",0,,1,0,,
PPS-DEV-171,v2,고시금액 미만 실적제한,0,,1,1,,"최근 5년 이내 국가, 지방자치단체, 공공기관 또는 민간기업에서 발주한 단일건 계약금액 1억원(VAT포함) 이상의 유사 콘텐츠·교육 영상 제작 용역을 수행 완료한 실적에 대해 인정(하도급 불인정)"
PPS-DEV-171,v4,"고시금액 이상 특정기관, 특정실적",0,,1,0,"최근 5년 이내 국가, 지방자치단체, 공공기관 또는 민간기업에서 발주한 단일건 계약금액 1억원(VAT포함) 이상의 유사 콘텐츠·교육 영상 제작 용역을 수행 완료한 실적에 대해 인정",
PPS-DEV-171,v5,고시금액 이상 지역제한,0,,1,1,,기타공공기관 아동복지종사자 교육콘텐츠 개발(제한경쟁·3억원미만) 용역
PPS-DEV-171,v8,중복제한 (실적+지역),0,,1,1,③ 「국가를 당사자로 하는 계약에 관한 법률」 제27조의5 및 같은 법 시행령 제12조 제3항에 따라 ‘조세포탈 등을 한 자’로서 유죄판결이 확정된 날부터 2년이 지나지 아니한 자는 입찰에 참여 할 수 없습니다.,③ 중소기업자간 경쟁제품 직접생산확인기준에 따라 동영상제작서비스(세부품명번호: 8213160301)로 직접생산확인증명서를 소지한 업체
PPS-DEV-172,v2,고시금액 미만 실적제한,0,,1,0,,
PPS-DEV-172,v5,고시금액 이상 지역제한,0,,1,0,,
PPS-DEV-173,v2,고시금액 미만 실적제한,0,,0,1,,
PPS-DEV-174,v2,고시금액 미만 실적제한,0,,1,0,,
PPS-DEV-174,v5,고시금액 이상 지역제한,0,,1,0,2. 입찰방법: 제한(총액) / 지역제한(전북특별자치도),
PPS-DEV-175,v2,고시금액 미만 실적제한,0,,1,1,"특별신인도 | 최근 5년간 당해 용역과 동일한 용역의 이행실적 o 인정범위:“공고문 3.가”의 해당분야 완성(준공)된 용역이행실적 o 기준금액: 금99,000,000원(부가가치세 포함)","특별신인도 | 최근 5년간 당해 용역과 동일한 용역의 이행실적 o 인정범위:“공고문 3.가”의 해당분야 완성(준공)된 용역이행실적 o 기준금액: 금99,000,000원(부가가치세 포함)"
PPS-DEV-175,v4,"고시금액 이상 특정기관, 특정실적",0,,1,0,"인정범위:“공고문 3.가”의 해당분야 완성(준공)된 용역이행실적 o 기준금액: 금99,000,000원(부가가치세 포함)",
PPS-DEV-175,v6,"고시금액 미만 지역제한 시,군,구",0,,1,1,,"입찰서 제출 안내 공고일 전날【신규사업자(법인인 경우 법인 등기일, 개인사업자인 경우 사업자등록일을 기준으로 한다)인 경우 입찰서 제출 안내 공고일 이후를 포함한다】부터 입찰서 제출일(낙찰자는 계약체결일)까지 법인등기부상 본점소재지(개인사업자인 경우에는 사업자등록증 또는 관련법령에 따른 허가·인가·면허·등록·신고 등에 관련된 서류에 기재된 사업장의 소재지)를 대전광역시에 둔 업체이어야 합니다."
PPS-DEV-176,v5,고시금액 이상 지역제한,0,,1,0,,
PPS-DEV-176,v7,고시금액 미만 지역제한 인접 확대,0,,1,0,,
PPS-DEV-178,v2,고시금액 미만 실적제한,0,,1,1,,
PPS-DEV-178,v4,"고시금액 이상 특정기관, 특정실적",0,,1,0,,
PPS-DEV-178,v5,고시금액 이상 지역제한,0,,0,1,,
PPS-DEV-178,v7,고시금액 미만 지역제한 인접 확대,0,,1,0,,
PPS-DEV-179,v2,고시금액 미만 실적제한,0,,1,1,다. 「중소기업제품 구매촉진 및 판로지원에 관한 법률」에 의한 직접생산확인증명서(세부품명: 기타행사기획및대행서비스 8014199001)를 소지한 자,『2026 대한민국 법원의 날 기념식 행사』 용역업체 선정
PPS-DEV-180,v2,고시금액 미만 실적제한,0,,1,0,,
PPS-DEV-181,v2,고시금액 미만 실적제한,0,,1,1,,
PPS-DEV-181,v5,고시금액 이상 지역제한,0,,1,1,,본 용역은「중소기업제품 구매촉진 및 판로지원에 관한 법률 시행령」제2조의3 제1항 및 「중소기업제품 공공구매제도 운영요령」제44조에 따라 중소기업자 우선조달계약 예외에 해당됩니다.
PPS-DEV-181,v6,"고시금액 미만 지역제한 시,군,구",0,,0,1,,"본 견적 제출은 소액수의, 총액견적, 지역제한 대상입니다."
PPS-DEV-184,v5,고시금액 이상 지역제한,0,,1,0,입찰공고일 현재 법인등기부상 본점 소재지(개인사업자인 경우에는 사업자등록증 또는 관련 법령에 따른 허가․인가․면허․등록․신고 등에 관련된 서류에 기재된 사업장의 소재지)가 경상남도 업체,
PPS-DEV-185,v2,고시금액 미만 실적제한,0,,1,1,,
PPS-DEV-185,v5,고시금액 이상 지역제한,0,,1,0,,
PPS-DEV-185,v7,고시금액 미만 지역제한 인접 확대,0,,1,0,,
PPS-DEV-185,v8,중복제한 (실적+지역),0,,1,1,① 국가종합전자조달시스템 입찰참가자격등록규정에 따라 반드시 전자입찰서 제출 마감일 전일까지 나라장터(G2B시스템)에 「건설폐기물의 재활용촉진에 관한 법률」 제21조에 의한 건설폐기물 중간처리업(업종코드:1253)으로 등록한 자로서 폐기물 수집·운반 능력을 갖춘 업체이어야 합니다.,① 국가종합전자조달시스템 입찰참가자격등록규정에 따라 반드시 전자입찰서 제출 마감일 전일까지 나라장터(G2B시스템)에 「건설폐기물의 재활용촉진에 관한 법률」 제21조에 의한 건설폐기물 중간처리업(업종코드:1253)으로 등록한 자로서 폐기물 수집·운반 능력을 갖춘 업체이어야 합니다.
PPS-DEV-186,v2,고시금액 미만 실적제한,0,,1,0,,
PPS-DEV-186,v6,"고시금액 미만 지역제한 시,군,구",0,,1,1,,
PPS-DEV-187,v5,고시금액 이상 지역제한,0,,0,1,,
PPS-DEV-187,v6,"고시금액 미만 지역제한 시,군,구",0,,1,1,,
PPS-DEV-188,v2,고시금액 미만 실적제한,0,,1,1,,사업수행 실적 (4점) | 본 사업 규모 (부가세 포함) 대비 입찰공고일 기준 최근 3년간 사업수행 실적 합산 (금액기준)
PPS-DEV-188,v4,"고시금액 이상 특정기관, 특정실적",0,,1,0,"국가, 지방자치단체, 공공기관, 민간업체 등에서 발주하여 아래의 전시관에 제작 설치된 실물 ․ 모형",
PPS-DEV-188,v8,중복제한 (실적+지역),0,,1,0,,
PPS-DEV-189,v6,"고시금액 미만 지역제한 시,군,구",0,,1,1,,
PPS-DEV-190,v2,고시금액 미만 실적제한,0,,1,0,"제안모델의 혈액원 납품실적은 없지만 다른 모델의 장비(혈액냉장고)가 혈액원에 납품된 경우 사후관리 평가 중 평균 A/S 소요시간을 포함하여 평가하며, 평가항목 중 부적합이 없고 모두 적합인 경우 최종 합격",
PPS-DEV-191,v2,고시금액 미만 실적제한,0,,0,1,,
PPS-DEV-191,v5,고시금액 이상 지역제한,0,,1,0,공공기관 상권별 소비촉진 프로모션 운영(제한경쟁·3억원미만),
PPS-DEV-191,v8,중복제한 (실적+지역),0,,1,0,,
PPS-DEV-192,v6,"고시금액 미만 지역제한 시,군,구",0,,1,0,"가. 「지방자치단체를 당사자로 하는 계약에 관한 법률 시행령」 제13조 및 같은 법 시행규칙 제14조에 따른 자격요건을 갖추고, 공고일 전일 기준 법인등기부상 본점(개인사업자인 경우에는 사업자등록증 또는 허가・인가・면허・등록・신고 등 관련 서류에 기재된 사업장)이 전라남도에 소재한 업체",
PPS-DEV-193,v2,고시금액 미만 실적제한,0,,1,1,,"2. 유사용역 수행 실적 | 수행기간, 참여형태 및 사업규모 등의 유사용역 수행실적을 제시"
PPS-DEV-194,v5,고시금액 이상 지역제한,0,,1,0,,
PPS-DEV-195,v2,고시금액 미만 실적제한,0,,0,1,,"입찰에 참가하는 자는 다음의 입찰 설명서를 구성하는 공고서 및 각종 규정, 규격서 등을 반드시 열람하고 숙지하여야 하며, 숙지하지 못함에 따라 발생하는 모든 책임은 입찰자에게 있음을 알려드립니다."
PPS-DEV-195,v5,고시금액 이상 지역제한,0,,0,1,,"입찰공고일 전일[신규사업자(법인인 경우 법인등기일, 개인사업자인 경우 사업자등록일을 기준으로 한다)인 경우 입찰공고일 이후를 포함한다]부터 입찰일(다만 낙찰자는 계약체결일)까지 법인등기부상 본점 소재지(개인사업자인 경우에는 사업자등록증 또는 관련 법령에 따른 허가·인가·면허·등록·신고 등에 관련된 서류에 기재된 사업장의 소재지)를 계속하여 경상남도에 둔 자"
PPS-DEV-195,v6,"고시금액 미만 지역제한 시,군,구",0,,1,0,"입찰에 참가하는 자는 다음의 입찰 설명서를 구성하는 공고서 및 각종 규정, 규격서 등을 반드시 열람하고 숙지하여야 하며, 숙지하지 못함에 따라 발생하는 모든 책임은 입찰자에게 있음을 알려드립니다.",
PPS-DEV-196,v2,고시금액 미만 실적제한,0,,1,0,,
PPS-DEV-197,v2,고시금액 미만 실적제한,0,,1,1,유사용역 수행실적 5건 이상,유사용역 수행실적 5건 이상
PPS-DEV-198,v6,"고시금액 미만 지역제한 시,군,구",0,,1,0,나. 입찰공고일 전일부터 입찰일까지(낙찰자는 계약 체결일까지) 계속해서 법인등기사항 증명서의 본점소재지(개인사업자인 경우에는 사업자등록증 또는 관련 법령에 따른 허가·인가·면허·등록·신고 등에 관련된 서류에 기재된 사업장의 소재지)가 강원특별자치도 내에 있는 업체,
PPS-DEV-199,v2,고시금액 미만 실적제한,0,,1,1,유사분야 사업수행실적 - 공고일 전일 기준 단일 건 금액 1억원 이상(5년 이내) | 5건 이상 | 6,유사분야 사업수행실적 - 공고일 전일 기준 단일 건 금액 1억원 이상(5년 이내) | 5건 이상 | 6
PPS-DEV-199,v4,"고시금액 이상 특정기관, 특정실적",0,,1,0,유사사업 : 문화․축제․예술․공연행사 대행 용역,
PPS-DEV-199,v6,"고시금액 미만 지역제한 시,군,구",0,,0,1,,
PPS-DEV-200,v5,고시금액 이상 지역제한,0,,0,1,,"다. 공고일 전일[신규사업자(법인인 경우 법인등기일, 개인사업자인 경우 사업자등록일을 기준으로 한다)인 경우 입찰공고일 이후를 포함한다]부터 입찰일(낙찰자는 계약체결일)까지 법인등기부상 본점 소재지(개인사업자인 경우에는 사업자등록증 또는 관련 법령에 따른 허가·인가·면허·등록·신고 등에 관련된 서류에 기재된 사업장의 소재지를 말한다)가 대구광역시 내에 소재한 업체"
PPS-DEV-200,v6,"고시금액 미만 지역제한 시,군,구",0,,1,0,,
