id,v1,v2,v3,v4,v5,v6,v7,v8,v9,v10,v11,v12,v13,v14,v15,v16,v17,v18,v19,v20,v21,v22,v23,v24,e1,e2,e3,e4,e5,e6,e7,e8,e9,e10,e11,e12,e13,e14,e15,e16,e17,e18,e19,e20,e21,e22,e23,e24
PPS-DEV-01,0,0,0,0,0,0,0,0,0,0,0,0,0,0,0,1,0,1,0,0,0,0,0,0,,,,,,,,,,,,,,,,,,,,,,,,
PPS-DEV-02,0,0,1,0,0,0,0,0,0,0,0,0,0,0,0,0,0,0,0,0,0,0,0,0,,,외국 학술지 공급계약을 3천만원 이상 체결한 실적이 있는 자,,,,,,,,,,,,,,,,,,,,,
PPS-DEV-03,0,0,0,0,0,0,0,0,0,0,0,0,1,0,1,0,0,0,0,0,0,0,0,0,,,,,,,,,,,,,「중소기업기본법」 제2조 제2항에 따른 소기업 또는 「소상공인기본법」 제2조에 따른 소상공인으로서 「중소기업 범위 및 확인에 관한 규정」 등에 따라 발급된 관련 확인서를 소지한 업체,,「중소기업기본법」 제2조 제2항에 따른 소기업 또는 「소상공인기본법」 제2조에 따른 소상공인으로서 「중소기업 범위 및 확인에 관한 규정」 등에 따라 발급된 관련 확인서를 소지한 업체,,,,,,,,,
PPS-DEV-04,0,0,1,1,0,0,0,0,0,0,0,0,0,0,0,0,0,0,0,0,0,0,0,0,,,,,,,,,,,,,,,,,,,,,,,,
PPS-DEV-05,0,0,1,0,0,0,0,0,0,0,0,0,0,0,0,0,0,0,0,0,0,0,0,0,,,최근 7년간 지표·시굴·정밀발굴을 포함한 매장유산 조사업무를 수행하고 그 준공금액이 단일 용역으로 5억원 이상인 실적을 보유한 자,,,,,,,,,,,,,,,,,,,,,
PPS-DEV-06,0,0,1,0,0,0,0,0,0,0,0,1,0,0,0,0,0,0,0,0,0,0,0,0,,,최근 5년간 국가기관이 발주한 국제회의 개최 대행 용역의 이행실적이 4억원 이상인 업체,,,,,,,,,※ 직접생산확인증명서는 입찰서 제출마감일 전일까지 발급된 것으로서 유효기간 내에 있어야 함,,,,,,,,,,,,
PPS-DEV-07,0,0,0,0,1,0,0,0,0,0,0,0,0,0,0,0,0,0,0,0,0,0,0,0,,,,,마. 본사(주된 영업소)의 소재지가 서울특별시에 있는 업체,,,,,,,,,,,,,,,,,,,
PPS-DEV-08,0,0,0,0,0,0,0,0,0,0,0,0,1,0,0,0,0,0,0,0,0,0,0,0,,,,,,,,,,,,,나. 「중소기업제품 구매촉진 및 판로지원에 관한 법률 시행령」제2조2에 의한 소기업·소상공인,,,,,,,,,,,
PPS-DEV-09,0,0,0,0,0,0,0,0,1,0,0,0,1,0,0,0,0,0,0,0,0,0,0,0,,,,,,,,,Processor: 20-core Arm (10 Cortex-X925 + 10 Cortex-A725),,,,「중소기업기본법」제2조에 따른 중기업 또는 소기업이거나 「소상공인 보호 및 지원에 관한 법률」제2조에 따른 소상,,,,,,,,,,,
PPS-DEV-10,0,0,0,0,0,0,0,0,0,0,0,0,0,0,0,0,0,0,0,0,0,0,0,0,,,,,,,,,,,,,,,,,,,,,,,,
PPS-DEV-11,0,0,1,0,0,0,0,0,0,0,0,0,0,0,0,0,0,0,0,0,1,0,0,0,,,최근 3년 이내에 단일 계약금액 5천만원 이상의 컨퍼런스·포럼 등 행사 운영 용역을 수행한 실적을 보유한 업체,,,,,,,,,,,,,,,,,,구성원별 계약 참여 최소 지분비율 5% 이상,,,
PPS-DEV-12,0,0,0,0,0,0,0,0,1,0,0,0,1,0,0,0,0,0,0,0,0,0,0,0,,,,,,,,,제조사·모델명 : 아크론브라스(Akron Brass) 터보젯(TurboJet),,,,,,,,,,,,,,,
PPS-DEV-13,0,0,0,0,0,0,0,0,0,0,0,0,0,0,0,0,0,0,0,0,1,0,0,0,,,,,,,,,,,,,,,,,,,,,"공동수급체 구성원은 2개 업체 이내로 제한하고, 구성원별 최소지분율은 5% 이상이어야 함(참여지분율이 높은 업체를 대표[담당자] 선정)",,,
PPS-DEV-14,0,0,0,0,0,0,0,0,0,0,0,1,0,0,0,0,0,0,0,0,0,0,0,0,,,,,,,,,,,,「중소기업제품 구매촉진 및 판로지원에 관한 법률」제9조 및 같은 법 시행령 10조에 의한 직접생산확인증명서 [세부품명：통학운송서비스/세부품명번호：7811189902]를 소지한 업체이어야 합니다.,,,,,,,,,,,,
PPS-DEV-15,0,0,0,0,0,0,0,0,0,1,1,0,1,0,0,0,0,0,0,0,0,0,0,0,,,,,,,,,,,,,,,,,,,,,,,,
PPS-DEV-16,0,0,0,0,0,0,0,0,0,0,1,0,0,0,0,0,0,0,0,0,0,0,0,0,,,,,,,,,,,,,,,,,,,,,,,,
PPS-DEV-17,0,0,1,0,0,0,0,0,0,0,0,0,0,0,0,0,0,0,0,0,1,0,0,0,,,최근 10년 이내 전화상담 위탁업무를 단독으로 3천만원 이상 수행한 실적(준공실적 기준)이 있는 업체이어야 합니다.,,,,,,,,,,,,,,,,,,사업의 특수성 등을 감안하여 공동도급이나 하도급은 불허합니다.,,,
PPS-DEV-18,0,0,0,0,0,0,0,0,0,0,0,0,1,0,1,0,0,0,0,0,0,0,0,0,,,,,,,,,,,,,라. 「중소기업제품 구매촉진 및 판로지원에 관한 법률 시행령」제2조의2 제1항 규정에 따른 소기업으로서 ‘중·소기업·소상공인 및 장애인 기업 확인 요령’에 따라 발급된 소기업 또는 소상공인 확인서를 소지한 자,,라. 「중소기업제품 구매촉진 및 판로지원에 관한 법률 시행령」제2조의2 제1항 규정에 따른 소기업으로서 ‘중·소기업·소상공인 및 장애인 기업 확인 요령’에 따라 발급된 소기업 또는 소상공인 확인서를 소지한 자,,,,,,,,,
PPS-DEV-19,0,0,0,0,0,0,0,0,0,0,0,0,1,0,0,0,0,0,0,0,0,0,0,0,,,,,,,,,,,,,,,,,,,,,,,,
PPS-DEV-20,0,0,0,0,1,0,0,0,0,0,0,0,0,0,0,0,0,0,0,0,0,0,0,0,,,,,다. 입찰자는 '입찰공고일 전일'부터 입찰일(낙찰자는 계약체결일)까지 법인등기부상 본점 소재지(개인사업자인 경우에는 사업자등록증 또는 관련 법령에 따른 허가·인가·면허·등록·신고 등에 관련된 서류에 기재된 사업자의 소재지)가 서울특별시에 계속 소재한 업체,,,,,,,,,,,,,,,,,,,
PPS-DEV-21,0,0,0,0,0,0,0,0,0,0,0,0,0,0,0,0,0,0,0,0,0,0,0,0,,,,,,,,,,,,,,,,,,,,,,,,
PPS-DEV-22,0,0,0,0,0,0,0,0,0,0,0,0,0,0,0,0,0,0,0,0,0,0,0,0,,,,,,,,,,,,,,,,,,,,,,,,
PPS-DEV-23,0,0,0,0,0,0,0,0,0,1,1,0,0,0,0,0,0,0,1,0,0,0,0,0,,,,,,,,,,,,,,,,,,,"본 사업은 물품제조사(공급사)·기술지원사의 물품공급·기술지원이 필요한 사업으로 첨부된 물품공급·기술지원협약서 내용을 확인 후 입찰 참가하시기 바라며, 입찰 참가자는 제조사(공급사)·기술지원사로부터 물품공급·기술지원 확약서를 전자입찰서 제출 마감일 전까지 보유하여야 하고, 계약 시 제출해야 합니다.",,,,,
PPS-DEV-24,0,0,0,0,0,0,0,0,0,1,1,0,0,0,0,0,0,0,0,0,0,0,0,0,,,,,,,,,,,,,,,,,,,,,,,,
PPS-DEV-25,0,0,1,0,0,0,0,0,0,0,0,0,0,0,0,0,0,0,0,0,1,0,0,0,,,"최근 10년 이내 국가 · 지방자치단체 · 정부투자 기관, 지방공기업 · 지방자치단체출자․출연법인 등 공공기관 및 민간부분에서 발주한 4차 산업 분야(코딩, AI 등)의 체험 · 행사 · 교육 사업 등 본 사업과 유사한 사업의 단일 계약 건으로 3억원(부가세 포함) 이상의 사업을 수행(완료)한 업체",,,,,,,,,,,,,,,,,,"공동수급 참여자(구성원)는 조달청 입찰참가자격을 충족하여야 한다. 공동수급체 구성원은 주사업자(대표자)를 명시한 공동협정서를 반드시 제출하여야 하며, 대표[담당자] 지분참여 비율이 많은 업체로 한다. (최소 지분율 3% 이상)",,,
PPS-DEV-26,0,0,0,0,0,0,0,0,0,0,0,0,0,0,0,0,0,0,0,0,0,1,0,0,,,,,,,,,,,,,,,,,,,,,,발주기관이 개최하는 사업설명회에 참석한 자(설명회 일정은 추후 안내),,
PPS-DEV-27,0,0,0,0,0,0,0,0,0,0,0,0,0,0,0,0,0,0,0,0,0,0,0,0,,,,,,,,,,,,,,,,,,,,,,,,
PPS-DEV-28,0,0,1,0,0,0,0,0,0,0,0,0,0,0,0,0,0,0,0,0,0,0,0,0,,,"※ 공고일 기준 최근 3년 간 단일 건으로 11,000만원 이상의 완료 실적만 인정",,,,,,,,,,,,,,,,,,,,,
PPS-DEV-29,0,0,0,0,0,0,0,0,0,0,0,0,0,0,0,0,0,0,0,0,0,0,0,0,,,,,,,,,,,,,,,,,,,,,,,,
PPS-DEV-30,0,0,0,0,0,0,0,0,0,0,0,0,0,0,0,0,0,0,0,0,0,0,0,0,,,,,,,,,,,,,,,,,,,,,,,,
PPS-DEV-31,0,0,0,0,0,0,0,0,0,0,0,0,0,0,0,0,0,0,0,0,0,0,0,0,,,,,,,,,,,,,,,,,,,,,,,,
PPS-DEV-32,0,0,0,0,1,0,0,0,0,0,0,0,0,0,0,0,0,0,0,0,0,0,0,0,,,,,,,,,,,,,,,,,,,,,,,,
PPS-DEV-033,0,0,0,0,0,0,0,0,0,0,0,0,0,0,0,0,0,0,0,0,0,0,0,0,,,,,,,,,,,,,,,,,,,,,,,,
PPS-DEV-034,0,0,0,0,0,0,0,0,0,0,0,0,1,0,1,0,0,0,1,0,0,0,0,0,,,,,,,,,,,,,「중소기업제품의 구매촉진 및 판로지원에 관한 법률 시행령」제2조의 2에 따라 소기업 또는 소상공인 확인서를 소지한 업체이어야 합니다.,,「중소기업제품의 구매촉진 및 판로지원에 관한 법률 시행령」제2조의 2에 따라 소기업 또는 소상공인 확인서를 소지한 업체이어야 합니다.,,,,,,,,,
PPS-DEV-035,1,0,0,0,0,0,0,0,0,0,0,0,0,0,0,0,0,0,1,0,0,0,0,0,본 입찰은 4년제 대학교만 참여 가능,,,,,,,,,,,,,,,,,,납품(공급)업체의 경우 전자입찰서 제출 마감일 전일까지 제조사로부터 당해 물품공급 및 무상지원(A/S) 확약서를 발급후 보유 및 제출하여야 합니다.,,,,,
PPS-DEV-036,0,0,0,0,0,0,0,0,0,0,0,0,1,0,1,0,0,0,1,0,0,0,0,0,,,,,,,,,,,,,,,,,,,,,,,,
PPS-DEV-037,0,0,0,0,0,0,0,0,0,0,0,0,0,0,0,0,0,0,1,0,0,0,0,0,,,,,,,,,,,,,,,,,,,"공급업체는 당해 물품 제조사의 물품공급 및 기술지원(A/S) 확약서를 전자입찰서 제출 마감일 전일까지 보유하여야 하며, 낙찰통보 이전에 반드시 제출하여야 합니다.(미제출시 낙찰대상자 제외)",,,,,
PPS-DEV-038,0,0,0,0,0,0,0,0,0,0,0,0,0,0,0,0,0,0,0,0,0,0,0,0,,,,,,,,,,,,,,,,,,,,,,,,
PPS-DEV-039,0,0,0,0,1,0,0,0,0,0,0,0,0,0,0,0,0,0,0,0,0,0,0,0,,,,,,,,,,,,,,,,,,,,,,,,
PPS-DEV-040,0,0,0,0,0,0,0,0,0,0,0,0,0,0,0,0,0,0,0,0,0,0,0,0,,,,,,,,,,,,,,,,,,,,,,,,
PPS-DEV-041,0,0,0,0,0,0,0,0,0,0,0,0,0,0,0,1,0,1,0,0,1,0,0,0,,,,,,,,,,,,,,,,,,,,,"※ 본 용역은 컨소시엄(공동수급체) 구성을 불허하며, 입찰 참가 수수료 없음.",,,
PPS-DEV-042,0,1,1,0,0,0,0,0,0,0,0,0,1,0,0,0,0,0,0,0,1,0,0,0,,최근 3년 이내 중고등학교 학생 대상 숙박이 들어간 국내 여행 1억원 이상의 실적이 있는 업체이어야 합니다.,최근 3년 이내 중고등학교 학생 대상 숙박이 들어간 국내 여행 1억원 이상의 실적이 있는 업체이어야 합니다.,,,,,,,,,,"중·소기업, 소상공인확인서 중 하나를 소지한 업체이어야 합니다.",,,,,,,,공동이행 가능하며 최소 지분율은 10%이어야 합니다.,,,
PPS-DEV-043,0,0,0,0,1,0,0,0,0,0,0,0,1,0,0,0,0,0,0,0,0,0,0,0,,,,,입찰공고일 전일로부터 계약체결일까지 그 주된 영업소가 충청남도에 소재하고 있는 업체이어야 합니다.,,,,,,,,"중·소기업, 소상공인확인서 중 1부(제출마감일 전일까지 발급된 것으로 유효",,,,,,,,,,,
PPS-DEV-044,0,0,0,0,0,0,0,0,0,0,0,0,0,0,0,0,0,0,0,0,0,0,0,0,,,,,,,,,,,,,,,,,,,,,,,,
PPS-DEV-045,0,0,0,0,1,0,0,0,0,0,0,0,1,0,0,0,0,0,0,0,0,0,0,0,,,,,"② 입찰 공고일 전일(단, 신규사업자인 경우 입찰공고일 이후를 포함)부터 입찰일까지(낙찰자는 계약체결일까지) 주된 영업소의 소재지가 경기도인 업체",,,,,,,,「중소기업기본법」 제2조에 따른 중소기업 또는 「소상공인 보호 및 지원에 관한 법률」 제2조에 따른 소상공인으로서 「중소기업 범위 및 확인에 관한 규정(중소벤처기업부 고시)」 에 따라 발급된 ‘중소기업·소상공인 확인서’를 소지한 자,,,,,,,,,,,
PPS-DEV-046,0,0,0,0,0,0,0,0,0,0,0,0,0,0,0,0,0,0,0,0,0,0,0,0,,,,,,,,,,,,,,,,,,,,,,,,
PPS-DEV-047,0,0,0,0,0,0,0,0,0,0,0,0,1,0,0,0,0,0,0,0,0,0,0,0,,,,,,,,,,,,,「중소기업제품 구매촉진 및 판로지원에 관한 법률 시행령」 제2조의2 및 「중소기업기본법」 제2조제2항에 따른 중·소기업 또는 「소상공인기본법」 제2조에 따른 소상공인 간 제한경쟁입찰에 따라 조달계약을 체결하여야 한다.,,,,,,,,,,,
PPS-DEV-048,0,0,0,0,0,0,0,0,0,1,1,0,0,0,0,0,0,0,0,0,0,0,0,0,,,,,,,,,,,,,,,,,,,,,,,,
PPS-DEV-049,0,0,0,0,0,0,0,0,0,1,1,1,0,0,0,0,0,0,0,0,0,0,0,0,,,,,,,,,,,,해당업종 및 세부품명의 직접생산확인증명서를 보유한 업체여야 합니다.,,,,,,,,,,,,
PPS-DEV-050,0,0,0,0,1,0,0,0,1,0,0,0,0,0,0,0,0,0,1,0,0,0,0,1,,,,,공고일 전 일부터 입찰일까지(낙찰자는 계약체결일까지) 전라남도 또는 경상남도에 주된 영업소를 둔 업체,,,,파종기(DPM-8000GMP),,,,,,,,,,제조업체가 아닐 경우 제조업체로부터 받은 [납품 및 사후 A/S확약서(보증서)],,,,,전라남도 또는 경상남도에 주된 영업소를 둔 업체
PPS-DEV-051,0,0,1,0,0,0,0,0,0,0,0,0,0,0,0,0,0,0,1,0,0,0,0,0,,,③ 최근 5년 이내 이동형X선 투시장치(C-ARM) 장비 3억원 이상 대학병원에 납품한 실적이 있는 업체,,,,,,,,,,,,,,,,➅ 물품 공급 및 기술지원 확약서[첨부3] _ 1부,,,,,
PPS-DEV-052,0,0,0,0,0,0,0,0,1,0,0,0,0,0,0,0,0,0,0,0,0,0,0,0,,,,,,,,,Agilent ICP-OES 5900,,,,,,,,,,,,,,,
PPS-DEV-053,0,0,1,0,0,0,0,0,0,0,0,0,0,0,0,0,0,0,0,0,1,0,0,0,,,④ 입찰공고일 기준 최근 3년 이내에 단일건으로 1억 원 이상 [수요기관(공공기관)]에서 발주한 유사사업 및 동등이상 관련 사업 등을 실적이 있는 업체(하도급 제외),,,,,,,,,,,,,,,,,,,,,
PPS-DEV-054,0,0,0,0,1,0,0,0,0,0,0,1,0,0,0,0,0,0,0,0,0,1,0,0,,,,,"입찰공고일 전일부터 계약체결일까지 주된 영업소의 소재지를 경상남도, 부산광역시 내에 둔 사업자로 제한하며",,,,,,,「중소기업제품 구매촉진 및 판로지원에 관한 법률」제9조 및 동법 시행령 제10조에 의한 직접생산확인증명서 [축제기획 및 대행 서비스(세부품명번호 9015189001)]를 소지한 업체,,,,,,,,,,제안참여 업체가 6개 업체 이상인 경우 : 주최 측에서 1차 서류평가 결과 선정된 상위 5개 업체에 한하여 제안설명회 참가 기회 부여,,
PPS-DEV-055,0,0,0,0,0,0,0,0,0,0,0,0,1,0,0,0,0,0,0,0,1,0,0,0,,,,,,,,,,,,,「중소기업기본법」제2조에 따른 소기업 또는 「소상공인 보호 및 지원에 관한 법률」제2조에 따른 소상공인으로서 ‘소기업·소상공인확인서(용도: 공공기관 입찰용)’를 소지한 자(유효기간 내 있어야함),,,,,,,,"공동수급체는 10인 이하로 구성하여야 하며, 구성원별 최소 지분율은 5% 이상으로 하여야 함",,,
PPS-DEV-056,0,0,0,0,0,0,0,0,0,1,1,0,0,0,0,0,0,0,0,0,1,0,0,0,,,,,,,,,,,,,,,,,,,,,"공동수급체는 10인 이하로 구성하여야 하며, 구성원별 최소 지분율은 0.5% 이상으로 하여야 함",,,
PPS-DEV-057,0,0,0,0,0,0,0,0,0,0,0,1,0,0,0,0,0,0,0,0,0,0,0,0,,,,,,,,,,,,"바. 입찰참가자는 해당 물품을 직접 생산하는 업체이어야 하며, 단순 유통·판매 또는 OEM·ODM 방식의 납품은 허용하지 않음",,,,,,,,,,,,
PPS-DEV-058,0,0,0,0,0,0,0,0,0,0,0,0,0,0,0,1,0,0,0,0,0,0,0,0,,,,,,,,,,,,,,,,,,,,,,,,
PPS-DEV-059,0,1,1,0,0,0,0,0,0,0,0,0,1,0,1,0,0,0,0,0,1,0,0,0,,"공고일 기준 최근 3년 이내 공공기관(국가,지자체,공기업 포함) 통근버스 운행 실적이 2억원 이상 있는 업체만 참가 자격이 있습니다.",,,,,,,,,,,「중소기업기본법」 제2조제2항에 따른 소기업 및「소상공인 보호 및 지원에 관한 법률」제2조에 따른 소상공인으로서「중소기업 범위 및 확인에 관한 규정」에 따라 발급된 [소기업·소상공인 확인서]를 소지한 자이어야 합니다.,,「중소기업기본법」 제2조제2항에 따른 소기업 및「소상공인 보호 및 지원에 관한 법률」제2조에 따른 소상공인으로서「중소기업 범위 및 확인에 관한 규정」에 따라 발급된 [소기업·소상공인 확인서]를 소지한 자이어야 합니다.,,,,,,본 용역은 공동도급이 허용되지 않습니다.,,,
PPS-DEV-060,0,0,0,0,0,0,0,0,0,1,1,0,0,0,0,0,0,0,0,0,0,0,0,0,,,,,,,,,,,,,,,,,,,,,,,,
PPS-DEV-061,0,0,0,0,0,0,0,1,0,0,0,0,0,0,0,0,0,0,0,0,1,0,0,0,,,,,,,,경기도 [지역:r1|단위=기초|광역=경기도] 지역 업체,,,,,,,,,,,,,※ 재위탁 및 공동수급 참여 불가,,,
PPS-DEV-062,0,1,1,0,0,0,0,0,0,0,0,0,0,0,0,0,0,0,0,0,1,0,0,0,,"2) 공고일 전일 기준 최근 5년 이내 국가,정부투자기관에서 시행한 단일 건 3억 원(VAT포함) 이상의 축제, 공연 등 문화행사 수행실적이 있어야 합니다.","2) 공고일 전일 기준 최근 5년 이내 국가,정부투자기관에서 시행한 단일 건 3억 원(VAT포함) 이상의 축제, 공연 등 문화행사 수행실적이 있어야 합니다.",,,,,,,,,,,,,,,,,,,,,
PPS-DEV-063,0,0,0,0,0,0,0,0,0,1,1,0,0,0,0,0,0,0,0,0,0,0,0,0,,,,,,,,,,,,,,,,,,,,,,,,
PPS-DEV-064,0,0,0,0,0,0,0,0,0,0,0,0,0,0,0,0,0,0,0,0,0,0,0,0,,,,,,,,,,,,,,,,,,,,,,,,
PPS-DEV-065,0,0,0,0,0,0,0,0,0,0,0,0,1,0,0,0,0,0,0,0,1,0,0,0,,,,,,,,,,,,,,,,,,,,,제안사 단독 입찰만 가능(공동수급 불허),,,
PPS-DEV-066,0,0,0,0,1,0,0,0,0,0,0,0,0,0,0,0,0,0,0,0,0,0,0,0,,,,,"공고일 전날부터 입찰일(낙찰자는 계약체결일)까지 법인등기부상 본점 소재지(개인사업자인 경우 해당사업에 관한 사업자등록증이나 관련 법령에 따른 허가·인가·등록·신고 등 관련서류의 사업장 소재지)가 경기도 여주, 양평에 있는 업체여야 합니다.",,,,,,,,,,,,,,,,,,,
PPS-DEV-067,0,0,0,0,0,0,0,0,0,0,0,0,0,0,0,0,0,0,0,0,0,0,0,0,,,,,,,,,,,,,,,,,,,,,,,,
PPS-DEV-068,0,0,0,0,0,0,0,0,0,0,0,0,0,0,0,0,0,0,0,0,0,0,0,0,,,,,,,,,,,,,,,,,,,,,,,,
PPS-DEV-069,0,0,0,0,0,0,0,0,0,0,0,0,1,0,0,0,0,0,0,0,1,0,0,0,,,,,,,,,,,,,"「중소기업기본법」 제2조제2항에 따른 소기업자, 「소상공인기본법」 제2조에 따른 소상공인, 「벤처기업육성에 관한 특별조치법」 제2조제1항에 따른 벤처기업 또는 「중소기업창업 지원법」 제2조제2호에 따른 창업자",,,,,,,,구성원별 계약참여 최소 지분율은 10% 이상으로 하여야 합니다.,,,
PPS-DEV-070,0,0,0,0,0,0,0,0,0,0,0,0,1,0,0,0,0,0,0,0,0,0,0,0,,,,,,,,,,,,,"「중소기업기본법」제2조제2항, 「소상공인 보호 및 지원에 관한법률」제2조에 의거 소기업 또는 소상공인으로, 「중소기업 범위 및 확인에 관한 규정」에 따라 발급한 소기업 또는 소상공인 확인서를 소지한 업체만 입찰에 참가 가능합니다.",,,,,,,,,,,
PPS-DEV-071,0,0,1,0,0,0,0,0,0,0,0,1,0,0,0,0,0,0,0,0,0,0,0,0,,,공고일 전일 기준 최근 10년 이내 국가 및 지자체 등 공공기관 또는 민간단체에서 발주하여 완료된 단일 행사 기준 5억원 이상 실적이 있는 업체이어야 합니다.,,,,,,,,,「중소기업제품 구매촉진 및 판로지원에 관한 법률」 제9조 규정에 의거 직접생산확인증명서【기타행사기획및대행서비스(세부품명번호:8014199001)】를 소지한 업체,,,,,,,,,,,,
PPS-DEV-072,0,0,0,0,0,0,1,0,0,0,0,0,1,0,0,0,0,0,0,0,0,0,0,0,,,,,,,,,,,,,"「소상공인 보호 및 지원에 관한 법률」 제2조에 따른 소기업 또는 소상공인으로서, 「중소기업 범위 및 확인에 관한 규정( [공고호수])」에 따라 발급된 소기업, 소상공인확인서(제안서 제출 마감일까지 제출하여야 하며, 그 확인은 제출 마감일까지 발생, 신고, 수정된 자료도 포함함)를 소지한 자",,,,,,,,,,,
PPS-DEV-073,0,0,0,0,0,0,0,0,0,0,0,0,0,0,0,0,0,0,0,0,1,0,0,0,,,,,,,,,,,,,,,,,,,,,공동계약(공동이행방식) 불가,,,
PPS-DEV-074,0,0,0,0,0,0,0,0,0,0,0,1,0,0,0,0,0,0,0,0,0,0,0,0,,,,,,,,,,,,,,,,,,,,,,,,
PPS-DEV-075,0,0,0,0,0,0,0,0,0,0,1,0,0,0,0,0,0,0,0,0,0,0,0,0,,,,,,,,,,,,,,,,,,,,,,,,
PPS-DEV-076,0,0,0,0,1,0,0,0,0,0,0,0,0,0,0,0,0,0,0,0,1,0,0,0,,,,,,,,,,,,,,,,,,,,,공동수급은 허용하지 않습니다.,,,
PPS-DEV-077,0,0,0,0,0,0,0,0,0,0,0,1,1,0,0,0,0,0,0,0,0,0,0,0,,,,,,,,,,,,기타행사기획 및 대행서비스 부문의 직접생산확인증명서를 소지한 업체.,"「중소기업제품 구매촉진 및 판로지원에 관한 법률」에 의한 중소기업으로서, 소기업 ․ 소상공인확인서(중소기업현황 정보시스템 발급 또는 지방중소기업청 발급)를 소지한 업체이면서",,,,,,,,,,,
PPS-DEV-078,0,1,0,0,0,0,0,0,0,0,0,1,1,0,0,0,0,0,0,0,0,0,0,0,,"최근 10년 이내 50,000,000원(VAT별도) 이상 디자인서비스 용역 수행 실적이 있는 자",,,,,,,,,,「중소기업제품 구매촉진 및 판로지원에 관한 법률」제9조 및 같은 법 시행령 제10조에 의한 직접생산확인증명서(세부품명 : 디자인서비스(8214150201)를 소지한 자,,,,,,,,,,,,
PPS-DEV-079,0,0,0,0,1,0,0,0,0,0,0,0,1,0,0,0,0,0,0,0,0,0,0,0,,,,,본 사업은 전북특별자치도 내 본사를 둔 사업에 한해서 입찰 가능,,,,,,,,,,,,,,,,,,,
PPS-DEV-080,0,0,0,0,0,0,0,0,0,0,0,0,1,0,1,0,0,0,0,0,0,0,0,0,,,,,,,,,,,,,｢중소기업기본법｣ 제2조에 따른 소기업자 또는 ｢소상공인기본법｣ 제2조에 따른 소상공인으로서 ｢중소기업 범위 및 확인에 관한 규정｣에 따라 발급된 <소기업·소상공인 확인서>를 소지한 업체,,,,,,,,,,,
PPS-DEV-081,0,0,0,0,0,0,0,0,0,0,0,0,0,0,0,0,0,0,0,0,0,0,0,0,,,,,,,,,,,,,,,,,,,,,,,,
PPS-DEV-082,0,0,1,0,0,0,0,0,1,0,0,0,0,0,0,0,0,0,0,0,0,0,0,0,,,최근 5년 이내 VTOL 납품(계약) 실적,,,,,,"제안업체는 비행체(탑재장비 일체 포함)의 형상, 모델명 및 일련번호를 제안서에 명시하여야 하며",,,,,,,,,,,,,,,
PPS-DEV-083,0,0,0,0,0,0,0,0,1,0,0,0,0,0,0,0,0,0,0,0,0,0,0,0,,,,,,,,,① 계약상대자 소유 15톤 이상 암롤차량 보유한 업체,,,,,,,,,,,,,,,
PPS-DEV-084,0,0,0,0,0,0,0,0,0,0,0,0,0,0,0,0,0,0,0,0,0,0,0,0,,,,,,,,,,,,,,,,,,,,,,,,
PPS-DEV-085,0,0,0,0,0,0,0,0,0,0,0,0,1,0,0,0,0,0,0,0,0,0,0,0,,,,,,,,,,,,,「중소기업기본법」제2조에 따른 소기업자 또는 「소상공인보호 및 지원에 관한 법률」제2조에 따른 소상공인으로서 「중소기업 범위 및 확인에 관한 규정」에 따라 발급된 <소기업·소상공인 확인서>를 소지한 업체,,,,,,,,,,,
PPS-DEV-086,0,0,0,0,0,0,0,0,0,0,0,0,0,0,0,0,0,0,1,0,0,0,0,0,,,,,,,,,,,,,,,,,,,제조사 정품공급 확약서 제출 여부,,,,,
PPS-DEV-087,0,0,0,0,0,0,0,0,0,0,0,0,0,0,0,0,0,0,0,0,0,0,0,0,,,,,,,,,,,,,,,,,,,,,,,,
PPS-DEV-088,0,0,0,0,0,0,0,0,1,0,0,0,0,0,0,0,0,0,1,0,0,0,0,0,,,,,,,,,"수신기는 Maxwell 7칩이 내장된 Pro-point 처리기술을 이용하여 GPS(L1C/A, L2C, L2E, L5)GLONASS(L1C/A, L1P, L2C/A, L2P, L3), SBAS(L1C/A, L5), Galileo(GIOVE-A, GIOVE-B, E1, E5a, E5B) 및 COMPASS(B1, B2, B3) 수신이 가능한 672채널 이상 제품이여야 한다.",,,,,,,,,,계약자는 협약금액을 임의로 변경할 수 없습니다.,,,,,
PPS-DEV-089,0,0,0,0,0,0,0,0,0,0,0,0,0,0,0,0,0,0,0,0,0,0,0,0,,,,,,,,,,,,,,,,,,,,,,,,
PPS-DEV-090,0,0,0,0,0,0,0,0,1,0,0,0,0,0,0,0,0,0,0,0,0,0,0,0,,,,,,,,,IRU는 사용기간 확대를 위해 광섬유(Fiber Optic) 방식으로 교체,,,,,,,,,,,,,,,
PPS-DEV-091,0,0,0,0,0,0,0,0,0,0,0,0,0,0,0,0,0,0,0,0,0,0,0,0,,,,,,,,,,,,,,,,,,,,,,,,
PPS-DEV-092,0,0,0,0,0,0,0,0,0,0,0,0,0,0,0,0,0,0,0,0,0,0,0,0,,,,,,,,,,,,,,,,,,,,,,,,
PPS-DEV-093,0,0,0,0,0,0,0,0,0,0,0,0,0,0,0,1,0,1,0,1,1,0,0,0,,,,,,,,,,,,,,,,,,,,,"공동이행, 분담이행 불가",,,
PPS-DEV-094,0,0,0,0,0,0,0,0,0,0,1,0,1,0,0,0,0,0,0,0,0,0,0,0,,,,,,,,,,,,,,,,,,,,,,,,
PPS-DEV-095,0,0,0,0,0,0,0,0,0,0,0,0,1,0,0,0,0,0,0,0,0,0,0,0,,,,,,,,,,,,,다. 중소기업 기본법｣제2조에 따른 소기업 또는 ｢소상공인 보호 및 지원에 관한 법률｣제2조에 따른 소상공인으로서 ｢중소기업 범위 및 확인에 관한 규정｣ 에 따라 발급된 [소기업·소상공인 확인서]를 소지한 업체,,,,,,,,,,,
PPS-DEV-096,0,0,0,0,0,0,0,0,0,0,0,0,1,0,0,0,0,0,1,0,0,0,0,0,,,,,,,,,,,,,「중소기업기본법」제2조에 따른 중/소기업자 및 「소상공인 보호 및 지원에 관한 법률」제2조에 따른 소기업 및 소상공인으로서 중/소기업·소상공인확인서(전자입찰서 제출 마감일 전일까지 발급된 것으로 유효기간 내에 있어야 함)를 소지한 업체이어야 합니다.,,,,,,다. 정품공급확약서 제출이 가능한 업체이어야 합니다.,,,,,
PPS-DEV-097,0,0,0,0,0,0,0,0,0,0,0,0,0,0,0,1,0,1,0,0,0,0,0,0,,,,,,,,,,,,,,,,,,,,,,,,
PPS-DEV-098,0,0,0,0,0,0,0,0,0,0,0,0,0,0,0,0,0,0,1,0,0,0,0,0,,,,,,,,,,,,,,,,,,,,,,,,
PPS-DEV-099,0,0,1,0,0,0,0,0,0,0,0,0,0,0,0,0,0,0,0,0,0,0,0,0,,,최근 3년 이내 단일 건으로 5천만원 이상(부가세 포함)의 수행실적 기재,,,,,,,,,,,,,,,,,,,,,
PPS-DEV-100,0,0,0,0,0,0,0,0,0,1,1,0,0,0,0,0,0,0,0,0,0,0,0,0,,,,,,,,,,,,,,,,,,,,,,,,
PPS-DEV-101,0,0,0,0,0,0,0,0,0,0,0,0,1,0,0,0,0,0,0,0,0,0,0,0,,,,,,,,,,,,,‘중소기업기본법’ 제2조 제2항에 따른 소기업 또는 ‘소상공인 보호 및 지원에 관한 법률’ 제2조에 따른 소상공인으로서 ‘중소기업 범위 및 확인에 관한 규정’에 따라 발급된 소기업‧소상공인확인서를 소지한 자,,,,,,,,,,,
PPS-DEV-102,0,0,0,0,0,0,0,0,0,0,0,0,0,0,0,0,0,0,0,0,0,0,0,0,,,,,,,,,,,,,,,,,,,,,,,,
PPS-DEV-103,0,0,0,0,0,0,0,0,0,0,0,1,0,0,0,0,0,0,0,0,1,0,0,0,,,,,,,,,,,,② 중소기업제품 구매촉진 및 판로지원에 관한 법률 제9조제1항에 따라 디자인 서비스(세부품명번호 8214150201)에 대한 직접생산확인증명서와 중소기업확인서를 소지한 자,,,,,,,,,③ 공동수급은 허용하지 않음,,,
PPS-DEV-104,0,0,0,0,0,0,0,0,1,0,0,0,1,0,0,0,0,0,0,0,0,0,0,0,,,,,,,,,제조사 미국(이스턴),,,,,,,,,,,,,,,
PPS-DEV-105,0,0,0,0,0,0,0,0,0,0,0,0,0,0,0,0,0,0,0,0,0,0,0,0,,,,,,,,,,,,,,,,,,,,,,,,
PPS-DEV-106,0,0,0,0,0,0,0,0,0,1,1,0,0,0,0,0,0,0,0,0,0,0,0,0,,,,,,,,,,,,,,,,,,,,,,,,
PPS-DEV-107,0,0,0,0,0,0,0,0,0,1,1,0,0,0,0,0,0,0,0,0,0,0,0,0,,,,,,,,,,,,,,,,,,,,,,,,
PPS-DEV-108,0,0,0,0,0,0,0,0,0,0,1,0,1,0,1,0,0,0,0,0,0,0,0,0,,,,,,,,,,,,,,,,,,,,,,,,
PPS-DEV-109,0,0,0,0,0,0,0,0,0,0,0,0,0,0,0,0,0,0,0,0,0,0,0,0,,,,,,,,,,,,,,,,,,,,,,,,
PPS-DEV-110,0,0,0,0,1,0,0,0,1,0,0,0,0,0,0,0,0,0,1,0,0,0,0,0,,,,,,,,,일본 KUBOTA사 완제품을 수입한 보통형 콤바인,,,,,,,,,,제조사의 공급증명원/기술지원확약서를 계약시 반드시 제출하여야 한다.,,,,,
PPS-DEV-111,0,0,0,0,0,0,0,0,0,0,0,0,0,0,0,0,0,0,0,0,0,0,0,0,,,,,,,,,,,,,,,,,,,,,,,,
PPS-DEV-112,0,0,0,0,0,0,0,0,0,0,0,0,0,0,0,1,0,1,0,0,0,0,0,0,,,,,,,,,,,,,,,,,,,,,,,,
PPS-DEV-113,0,0,0,0,0,0,0,0,0,0,0,0,0,0,0,1,0,1,0,1,0,0,0,0,,,,,,,,,,,,,,,,,,,,,,,,
PPS-DEV-114,0,0,0,0,0,0,0,0,0,0,1,0,1,0,0,0,0,0,0,0,0,0,0,0,,,,,,,,,,,,,,,,,,,,,,,,
PPS-DEV-115,0,0,0,0,0,0,0,0,0,0,0,0,0,0,0,1,0,1,0,0,0,0,0,0,,,,,,,,,,,,,,,,,,,,,,,,
PPS-DEV-116,0,0,0,0,0,0,0,0,0,0,0,0,1,0,0,0,0,0,0,0,0,0,0,0,,,,,,,,,,,,,,,,,,,,,,,,
PPS-DEV-117,0,0,0,0,0,0,0,0,0,1,0,0,0,0,0,0,0,0,0,0,0,0,0,0,,,,,,,,,,,,,,,,,,,,,,,,
PPS-DEV-118,0,0,0,0,0,0,0,0,0,0,0,0,0,0,0,0,0,0,0,0,0,0,0,0,,,,,,,,,,,,,,,,,,,,,,,,
PPS-DEV-119,0,0,0,0,0,0,0,1,0,0,0,0,0,0,0,0,0,0,0,0,1,0,0,0,,,,,,,,,,,,,,,,,,,,,본 사업은 단독입찰만 가능 *공동수급(컨소시엄 등) 및 제3자 일괄 재용역 불가,,,
PPS-DEV-120,0,0,0,0,0,0,0,0,0,0,1,0,1,0,0,0,0,0,0,0,0,0,0,0,,,,,,,,,,,,,(3) 입찰참가 대상에 따른 중소기업제품 구매촉진 및 판로지원에 관한 법률 시행령 제 2조의 2에 의거 소기업(소상공인) 확인서를(응찰(개찰)일 까지 발급된 것으로 유효기간 내에 있어야 함)를 소지한 업체(2. 입찰에 부치는 사항 확인 必),,,,,,,,,,,
PPS-DEV-121,0,0,0,0,1,0,0,0,0,0,0,0,0,0,0,0,0,0,0,0,1,0,0,0,,,,,법인등기부상 본점 소재지(개인사업자의 경우에는 사업자등록증 또는 관련 법령에 따른 허가․인가․면허․등록․신고 등에 관련된 서류에 기재된 사업장의 소재지)가 서울특별시에 계속 소재하는 업체,,,,,,,,,,,,,,,,구성원별 계약참여 최소지분율은 5% 이상이어야 합니다.,,,
PPS-DEV-122,0,0,0,0,0,0,0,0,0,0,0,0,1,0,0,0,0,0,0,0,0,0,0,0,,,,,,,,,,,,,「중소기업기본법」제2조에 따른 소기업 및「소상공인 보호 및 지원에 관한 법률」제2조에 따른 소상공인으로서「중소기업 범위 및 확인에 관한 규정」에 따라 발급된 소기업․소상공인확인서를 소지한 업체,,,,,,,,,,,
PPS-DEV-123,0,0,0,0,0,0,0,0,0,0,0,0,0,0,0,0,0,0,0,0,0,0,0,0,,,,,,,,,,,,,,,,,,,,,,,,
PPS-DEV-124,0,0,0,0,0,0,0,0,0,0,0,0,1,0,0,0,0,0,0,0,0,0,0,0,,,,,,,,,,,,,소기업 또는 소상공인·벤처기업·창업자 제한경쟁,,,,,,,,,,,
PPS-DEV-125,0,0,0,0,0,0,0,0,0,0,0,0,0,0,0,0,0,0,0,0,0,0,0,0,,,,,,,,,,,,,,,,,,,,,,,,
PPS-DEV-126,0,0,0,0,0,0,0,0,0,0,0,0,0,0,0,0,0,0,0,0,0,0,0,0,,,,,,,,,,,,,,,,,,,,,,,,
PPS-DEV-127,0,0,0,0,0,0,0,0,0,0,0,0,0,0,0,0,0,0,0,0,0,0,0,0,,,,,,,,,,,,,,,,,,,,,,,,
PPS-DEV-128,0,0,0,0,1,0,0,0,0,0,0,0,0,0,0,0,0,0,0,0,0,0,0,0,,,,,입찰공고일 전일부터 입찰일(낙찰자는 계약체결일)까지 충청북도 내에 주된 영업소를 둔 업체,,,,,,,,,,,,,,,,,,,
PPS-DEV-129,0,0,0,0,0,0,0,0,0,0,0,0,0,0,0,0,0,0,0,0,0,0,0,0,,,,,,,,,,,,,,,,,,,,,,,,
PPS-DEV-130,0,0,0,0,0,0,0,0,0,0,0,0,0,0,0,0,0,0,0,0,0,0,0,0,,,,,,,,,,,,,,,,,,,,,,,,
PPS-DEV-131,0,0,0,0,0,0,0,0,0,0,0,0,0,0,0,0,0,0,0,0,0,0,0,0,,,,,,,,,,,,,,,,,,,,,,,,
PPS-DEV-132,0,0,0,0,0,0,0,0,0,0,0,0,0,0,0,0,0,0,1,0,0,0,0,0,,,,,,,,,,,,,,,,,,,제조사 정품공급 및 기술지원 확약서 제출,,,,,
PPS-DEV-133,0,0,0,0,0,0,0,0,1,0,0,0,0,0,0,0,0,0,0,0,0,0,0,0,,,,,,,,,본 규격은 사용 중인 RHEL 사용 권한 및 기술지원에 대한 연간 갱신을 위한 규격으로 업무연속성 및 호환성 확보를 위해 기존과 동일한 제조사의 단일 규격으로 지정,,,,,,,,,,,,,,,
PPS-DEV-134,0,0,0,0,0,0,0,0,0,0,0,0,0,0,0,0,0,0,0,0,0,0,0,0,,,,,,,,,,,,,,,,,,,,,,,,
PPS-DEV-135,0,0,0,0,0,0,0,0,0,0,0,0,1,0,0,0,0,0,0,0,0,1,0,0,,,,,,,,,,,,,,,,,,,,,,사업설명회 : 개최함(일시·장소는 나라장터 공고 게시판에 공지). 사업설명회에 참석하지 아니한 업체의 입찰 참가는 허용되지 않습니다.,,
PPS-DEV-136,0,0,0,0,1,0,0,0,0,0,0,0,1,0,0,0,0,0,0,0,0,1,0,0,,,,,지역제한(서울특별시) 대상 공고입니다.,,,,,,,,「중소기업제품 구매촉진 및 판로지원에 관한 법률 시행령」 제2조의2(중소기업자와의 우선조달계약)에 의한 소기업 또는 소상공인에 해당하는 자,,,,,,,,,"현장설명회를 개최하며(일시·장소는 개별 통보), 현장설명회 참석업체에 한하여 제안서 제출 자격을 부여합니다.",,
PPS-DEV-137,0,0,0,0,0,0,0,0,0,0,0,0,0,0,0,0,0,0,0,0,0,1,0,0,,,,,,,,,,,,,,,,,,,,,,설명회 미참석 업체의 제안서는 접수하지 않음,,
PPS-DEV-138,0,0,0,0,0,0,0,0,0,0,1,0,0,0,0,0,0,0,0,0,0,1,0,0,,,,,,,,,,,,,,,,,,,,,,설명회 불참 업체는 입찰 참가 대상에서 제외함,,
PPS-DEV-139,0,0,0,0,0,0,0,0,0,0,0,0,1,0,0,0,0,0,0,0,0,0,0,0,,,,,,,,,,,,,「중소기업기본법」 제2조에 따른 중·소기업 및 「소상공인 보호 및 지원에 관한 법률」 제2조에 따른 소상공인으로서 「중소기업 범위 및 확인에 관한 규정」에 따라 발급된 유효한 중·소기업ㆍ소상공인 확인서를 소지한 자,,,,,,,,,,,
PPS-DEV-140,0,0,0,0,0,0,0,0,0,0,0,0,0,0,0,0,0,0,0,0,0,0,0,0,,,,,,,,,,,,,,,,,,,,,,,,
PPS-DEV-141,0,0,1,0,0,0,0,0,0,0,0,0,0,0,0,0,0,0,0,0,1,0,0,0,,,"다. 입찰공고일 전일 기준으로 최근 5년 이내 국가, 지방자치단체, 공공기관 또는 민간 발주한 단일 건으로 8억원(부가가치세 포함) 이상의 축제행사, 문화행사 또는 이와 유사한 행사 대행 완료 실적이 있는 업체",,,,,,,,,,,,,,,,,,구성별 최소참여지분율은 5% 이상이어야 합니다.,,,
PPS-DEV-142,0,0,0,0,0,0,0,0,0,0,0,0,1,0,0,0,0,0,0,0,0,0,0,0,,,,,,,,,,,,,,,,,,,,,,,,
PPS-DEV-143,0,0,0,0,0,0,0,0,0,0,0,0,0,0,0,0,0,0,0,0,1,0,0,0,,,,,,,,,,,,,,,,,,,,,공동수급체 대표자는 옥외광고사업자로 하고 지분율은 75%로 함,,,
PPS-DEV-144,0,0,0,0,0,0,0,0,0,0,0,0,1,0,1,0,0,0,0,0,0,0,0,0,,,,,,,,,,,,,,,,,,,,,,,,
PPS-DEV-145,0,0,1,0,0,0,0,0,0,0,0,1,0,0,0,0,0,0,0,0,0,0,0,0,,,,,,,,,,,,「중소기업제품 구매촉진 및 판로지원에 관한 법률」제9조 및 같은 법 시행령 제10조의 규정에 의해 아래 세부 품명의 직접생산확인증명서를 소지한 업체,,,,,,,,,,,,
PPS-DEV-146,0,0,0,0,0,0,0,0,0,0,0,0,0,0,0,0,0,0,0,0,0,0,0,0,,,,,,,,,,,,,,,,,,,,,,,,
PPS-DEV-147,0,0,0,0,0,0,0,0,0,0,0,1,0,0,0,0,0,0,0,0,0,0,0,0,,,,,,,,,,,,,,,,,,,,,,,,
PPS-DEV-148,0,0,0,0,0,0,0,0,1,0,0,0,0,0,0,0,0,0,0,0,0,0,0,0,,,,,,,,,1. 데스크톱컴퓨터(Z2 Tower G1i),,,,,,,,,,,,,,,
PPS-DEV-149,0,0,0,0,0,0,0,0,0,0,0,0,0,0,0,0,0,0,0,0,1,0,0,0,,,,,,,,,,,,,,,,,,,,,"※ 분담비율 : 처리업 79.14%, 수집·운반업 20.86%",,,
PPS-DEV-150,0,0,0,0,0,0,0,0,0,0,0,0,1,0,0,0,0,0,0,0,0,0,0,0,,,,,,,,,,,,,,,,,,,,,,,,
PPS-DEV-151,0,0,0,0,0,0,0,0,0,0,0,0,0,0,0,1,0,1,0,0,0,0,0,0,,,,,,,,,,,,,,,,,,,,,,,,
PPS-DEV-152,0,0,0,0,0,0,0,0,1,0,0,0,0,0,0,0,0,0,1,0,0,0,0,0,,,,,,,,,"BRISTOL COMPRESSORS 원제조(공급)사는 KULTHORN KIRBY社이며, 계약상대자는 제시한 규격을 참고하여 원제조사의 순정품을 납품하여야 합니다.",,,,,,,,,,"제출기간 : 2026. 5. 28.(목) 09:00 ~ 2026. 6. 2.(화) 18:00[토요일, 공휴일 제외]",,,,,
PPS-DEV-153,0,0,0,0,0,0,0,0,0,0,0,0,1,0,0,0,0,0,0,0,1,0,0,0,,,,,,,,,,,,,나.「중소기업기본법」 제2조제2항에 따른 소기업 또는 ｢소상공인 보호 및 지원에 관한 법률｣ 제2조에 따른 소상공인으로서 ｢중소기업 범위 및 확인에 관한 규정｣ 에 따라 발급된 소기업 또는 소상공인확인서를 소지한 업체,,,,,,,,"① 공동수급체 구성원 수는 대표사 포함 2개 업체 이내로 제한하고, 구성원별 계약 참여 최소 지분율은 5% 이상이어야 함",,,
PPS-DEV-154,0,0,0,0,0,0,0,0,0,0,0,0,0,0,0,0,0,0,0,0,0,0,0,0,,,,,,,,,,,,,,,,,,,,,,,,
PPS-DEV-155,0,0,1,0,0,0,0,0,0,0,0,1,0,0,0,0,0,0,0,0,0,0,0,0,,,"최근 5년 이내 축제, 공연, 대중음악 페스티벌 등 유사사업의 단일 계약 1억원 이상(부가세 포함)의 행사대행 실적",,,,,,,,,「중소기업제품 구매촉진 및 판로지원에 관한 법률」 제9조에 따른 직접생산확인증명서(기타행사기획및대행서비스:8014199001)를 소지한 업체,,,,,,,,,,,,
PPS-DEV-156,0,0,0,0,0,0,0,0,1,0,0,0,0,0,0,0,0,0,1,0,0,0,0,0,,,,,,,,,,,,,,,,,,,"아울러, 계약상대자는 계약체결 시에 동 서약서를 우리 면에 제출하여야 합니다.",,,,,
PPS-DEV-157,0,0,0,0,0,0,0,0,0,0,0,0,0,0,0,1,0,1,0,1,1,0,0,0,,,,,,,,,,,,,,,,,,,,,"단독 형태로 참가(공동수급(아웃소싱, 하도급 등) 참여 불가)",,,
PPS-DEV-158,0,0,0,0,0,0,0,0,0,0,0,0,0,0,0,0,0,0,0,0,1,0,0,0,,,,,,,,,,,,,,,,,,,,,공 동 계 약: 불허,,,
PPS-DEV-159,0,0,0,0,0,0,0,0,0,0,0,0,0,0,0,0,0,0,0,0,0,0,0,0,,,,,,,,,,,,,,,,,,,,,,,,
PPS-DEV-160,0,0,0,0,0,0,0,0,0,0,0,0,1,0,0,0,0,0,1,0,0,0,0,0,,,,,,,,,,,,,「중소기업기본법」제2조제2항에 따른 소기업 또는「소상공인 보호 및 지원에 관한 법률」제2조에 따른 소상공인으로「중소기업 범위 및 확인에 관한 규정」에 따라 발급된 소기업 또는 소상공인확인서를 소지한 업체,,,,,,정품 공급확약서 (물품 납품 전),,,,,
PPS-DEV-161,0,0,0,0,0,0,0,0,0,0,0,0,1,0,0,0,0,0,0,0,0,0,0,0,,,,,,,,,,,,,「중소기업기본법」제2조에 의한 소기업 또는「소상공인 기본법」제2조에 의한 소상공인으로서 「중소기업 범위 및 확인에 관한 규정」에 따라 발급된 소기업 또는 소상공인 확인서를 소지한 자,,,,,,,,,,,
PPS-DEV-162,0,0,0,0,0,0,0,0,1,0,0,0,0,0,0,0,0,0,1,0,0,0,0,0,,,,,,,,,,,,,,,,,,,제조(수입)업체로부터 공급물량 이상 물품 공급이 확약된 자(판매업자에 한함),,,,,
PPS-DEV-163,0,0,0,0,0,0,0,0,0,0,0,0,0,0,0,0,0,0,0,0,0,0,0,0,,,,,,,,,,,,,,,,,,,,,,,,
PPS-DEV-164,0,0,0,0,0,0,0,0,0,0,1,0,0,0,0,0,0,0,0,0,0,0,0,0,,,,,,,,,,,,,,,,,,,,,,,,
PPS-DEV-165,0,0,1,0,0,0,0,0,0,0,0,0,1,0,0,0,0,0,0,0,0,0,0,0,,,"단일 계약 3,000만원 이상 실적 대상",,,,,,,,,,,,,,,,,,,,,
PPS-DEV-166,0,0,0,0,0,0,0,0,0,1,0,0,0,0,0,0,0,0,0,0,0,0,0,0,,,,,,,,,,,,,,,,,,,,,,,,
PPS-DEV-167,0,0,0,0,0,0,0,0,0,0,0,0,0,0,0,0,0,0,0,0,0,0,0,0,,,,,,,,,,,,,,,,,,,,,,,,
PPS-DEV-168,0,0,0,0,0,0,0,0,0,0,0,0,1,0,0,0,0,0,0,0,0,0,0,0,,,,,,,,,,,,,「중소기업법」제2조제2항에 따른 소기업 또는 「소상공인 보호 및 지원에 관한 법률」제2조에 따른 소상공인 (중기업 ×),,,,,,,,,,,
PPS-DEV-169,0,0,1,0,0,0,0,0,0,0,0,0,0,0,0,0,0,0,0,0,0,0,0,0,,,"단독계약실적 200,000천원 이상의 건만 인정",,,,,,,,,,,,,,,,,,,,,
PPS-DEV-170,0,0,0,0,0,0,0,0,0,0,0,0,1,0,0,0,0,0,0,0,0,0,0,0,,,,,,,,,,,,,,,,,,,,,,,,
PPS-DEV-171,0,0,0,0,0,0,0,0,0,1,1,0,0,0,0,0,0,0,0,0,0,0,0,0,,,,,,,,,,,,,,,,,,,,,,,,
PPS-DEV-172,0,0,0,0,0,0,0,0,0,0,0,0,0,0,0,0,0,0,0,0,0,0,0,0,,,,,,,,,,,,,,,,,,,,,,,,
PPS-DEV-173,0,0,0,0,0,0,0,0,0,0,0,0,1,0,0,0,0,0,0,0,1,0,0,0,,,,,,,,,,,,,중소기업제품 구매촉진 및 판로지원에 관한 법률 시행령 제2조의2에 따른 우선조달계약 대상으로 '소기업' 또는 소상공인기본법 제2조의 '소상공인',,,,,,,,3. 공동계약: 미허용,,,
PPS-DEV-174,0,0,0,0,0,0,0,0,0,0,0,0,0,0,0,0,0,0,0,0,0,0,0,0,,,,,,,,,,,,,,,,,,,,,,,,
PPS-DEV-175,0,0,0,0,0,0,0,0,1,0,0,0,1,0,0,0,0,0,0,0,0,0,0,0,,,,,,,,,살수차(16톤) 3대 임차,,,,중소기업 범위 및 확인에 관한 규정에 따라 발급된 소기업·소상공인 확인서(이하 확인서)를 소지한 자,,,,,,,,,,,
PPS-DEV-176,0,0,0,0,0,0,0,0,1,0,0,0,0,0,0,0,0,0,0,0,0,0,0,0,,,,,,,,,제작사 : KGM 또는 동급 이상,,,,,,,,,,,,,,,
PPS-DEV-177,0,0,0,0,0,0,0,0,1,0,0,0,0,0,0,0,0,0,0,0,0,0,0,0,,,,,,,,,세부품명인 ‘전시회기획및대행서비스(세부품명번호 8014198801)’ 를 소지한 업체,,,,,,,,,,,,,,,
PPS-DEV-178,0,0,0,0,0,0,0,0,0,0,0,0,0,0,0,0,0,0,1,0,0,0,0,0,,,,,,,,,,,,,,,,,,,물품제조사의 제품공급 및 기술지원(A/S) 확약서 제출 가능한 업체,,,,,
PPS-DEV-179,0,0,0,0,0,0,0,0,0,1,0,0,0,0,0,0,0,0,0,0,0,0,0,0,,,,,,,,,,,,,,,,,,,,,,,,
PPS-DEV-180,0,0,0,0,0,0,0,0,0,0,0,0,1,0,0,0,0,0,0,0,0,0,0,0,,,,,,,,,,,,,,,,,,,,,,,,
PPS-DEV-181,0,0,0,0,0,0,0,0,0,0,0,0,0,0,0,0,0,0,0,0,0,0,0,0,,,,,,,,,,,,,,,,,,,,,,,,
PPS-DEV-182,0,0,0,0,0,0,0,0,0,0,0,0,1,0,0,0,0,0,0,0,0,0,0,0,,,,,,,,,,,,,「중소기업기본법」제2조 제2항에 따른 중소기업 또는 「소상공인 보호 및 지원에 관한 법률」제2조에 따른 소상공인으로 「중·소기업·소상공인 및 장애인기업 확인요령」에 따라 발급된 중소기업 또는 소상공인 확인서를 소지한 업체,,,,,,,,,,,
PPS-DEV-183,0,0,0,0,0,0,0,0,0,0,0,0,1,0,0,0,0,0,0,0,0,0,0,0,,,,,,,,,,,,,「중소기업기본법」제2조제2항에 따른 소기업 또는「소상공인 보호 및 지원에 관한 법률」제2조에 따른 소상공인으로서「중소기업 범위 및 확인에 관한 규정」에 따라 발급된‘소기업·소상공인 확인서’(전자입찰서 제출마감일 전일까지 발급된 것으로 유효기간 내에 있어야 함)를 소지한 자,,,,,,,,,,,
PPS-DEV-184,0,0,0,0,0,0,0,0,0,1,1,0,0,0,0,0,0,0,0,0,0,0,0,0,,,,,,,,,,,,,,,,,,,,,,,,
PPS-DEV-185,0,0,0,0,0,0,0,0,0,0,0,0,0,0,0,0,0,0,0,0,0,0,0,0,,,,,,,,,,,,,,,,,,,,,,,,
PPS-DEV-186,0,0,0,0,0,0,0,0,0,0,0,0,0,0,0,1,0,1,0,0,0,0,0,0,,,,,,,,,,,,,,,,,,,,,,,,
PPS-DEV-187,0,0,0,0,0,0,0,0,0,0,0,0,0,0,0,1,0,1,0,0,0,0,0,0,,,,,,,,,,,,,,,,,,,,,,,,
PPS-DEV-188,0,0,0,0,0,0,0,0,0,0,1,0,0,0,0,0,0,0,0,0,0,0,0,0,,,,,,,,,,,,,,,,,,,,,,,,
PPS-DEV-189,0,0,0,0,0,0,0,0,0,0,0,0,0,0,0,0,0,0,0,0,0,0,0,0,,,,,,,,,,,,,,,,,,,,,,,,
PPS-DEV-190,0,0,0,0,0,0,0,0,0,0,0,0,0,0,0,0,0,0,1,0,0,0,0,0,,,,,,,,,,,,,,,,,,,판매업자의 경우 제조(수입)사와의 공고물량 이상의 공급확약서 1부,,,,,
PPS-DEV-191,0,0,0,0,0,0,0,0,0,0,0,1,0,0,0,0,0,0,1,0,0,0,0,0,,,,,,,,,,,,,,,,,,,15 확약서 서식 6,,,,,
PPS-DEV-192,0,0,0,0,0,0,0,0,0,0,0,1,0,0,0,0,0,0,0,0,0,0,0,0,,,,,,,,,,,,,,,,,,,,,,,,
PPS-DEV-193,0,0,0,0,0,0,0,0,0,1,1,0,1,0,0,0,1,0,0,0,0,1,0,0,,,,,,,,,,,,,「중소기업기본법」제2조에 따른 소기업자 또는「소상공인기본법」제2조에 따른 소상공인으로 소기업․소상공인 확인서를 소지한 자 이어야 합니다.,,,,「중소기업기본법」제2조에 따른 소기업자 또는「소상공인기본법」제2조에 따른 소상공인으로 소기업․소상공인 확인서를 소지한 자 이어야 합니다.,,,,,제안설명회에 참가하지 않은 업체는 입찰을 포기하는 것으로 간주하며 평가대상에서 제외합니다.,,
PPS-DEV-194,0,0,0,0,0,0,0,0,0,0,0,0,1,0,0,0,0,0,0,0,0,0,0,0,,,,,,,,,,,,,,,,,,,,,,,,
PPS-DEV-195,0,0,0,0,0,0,0,0,0,0,0,0,0,0,0,0,0,0,0,0,0,0,0,0,,,,,,,,,,,,,,,,,,,,,,,,
PPS-DEV-196,0,0,0,0,0,0,0,0,0,0,0,0,1,0,0,0,0,0,0,0,0,0,0,0,,,,,,,,,,,,,「중소기업제품 구매촉진 및 판로지원에 관한 법률 시행령」 제2조의2에 따른 중소기업확인서(중·소기업·소상공인)를 소지한 업체이어야 합니다.,,,,,,,,,,,
PPS-DEV-197,0,0,0,0,0,0,0,0,0,0,0,0,0,0,0,0,0,0,0,0,0,0,0,0,,,,,,,,,,,,,,,,,,,,,,,,
PPS-DEV-198,0,0,0,0,0,0,0,0,0,0,0,0,0,0,0,0,0,0,0,0,0,0,0,0,,,,,,,,,,,,,,,,,,,,,,,,
PPS-DEV-199,0,0,0,0,0,0,0,0,0,0,0,1,0,0,0,0,0,0,0,0,1,0,0,0,,,,,,,,,,,,"다.「중소기업제품 구매촉진 및 판로지원에 관한 법률」 제9조제4항 및 동법 시행규칙 제5조제3항에 따른 직접생산확인증명서(세부품명 : 기타행사기획 및 대행서비스, 세부품명번호 : 8014199001)를",,,,,,,,,4. 공동수급체 구성 : 해당없음 (공동수급 불가),,,
PPS-DEV-200,0,0,0,0,0,0,0,0,0,0,0,0,0,0,0,0,0,0,0,0,0,0,0,0,,,,,,,,,,,,,,,,,,,,,,,,
