id,v1,v2,v3,v4,v5,v6,v7,v8,v9,v10,v11,v12,v13,v14,v15,v16,v17,v18,v19,v20,v21,v22,v23,v24,e1,e2,e3,e4,e5,e6,e7,e8,e9,e10,e11,e12,e13,e14,e15,e16,e17,e18,e19,e20,e21,e22,e23,e24
PPS-DEV-14,0,0,0,0,0,0,0,0,0,1,0,0,0,0,0,0,0,0,0,0,0,0,0,0,,,,,,,,,,,,,,,,,,,,,,,,
PPS-DEV-20,0,0,0,0,0,0,0,0,0,0,0,0,0,0,0,0,0,0,0,0,0,0,0,0,,,,,,,,,,,,,,,,,,,,,,,,
PPS-DEV-21,0,0,0,0,0,0,0,0,0,0,0,0,0,0,0,0,0,0,0,0,0,0,0,0,,,,,,,,,,,,,,,,,,,,,,,,
PPS-DEV-26,0,0,0,0,0,0,0,0,0,0,0,0,1,0,1,0,0,0,0,0,0,0,0,0,,,,,,,,,,,,,｢중소기업기본법｣ 제2조에 따른 소기업( ｢소상공인 보호 및 지원에 관한 법률｣ 제2조에 따른 소상공인 포함)으로서 ｢중소기업 범위 및 확인에 관한 규정｣에 따라 발급된 <소기업·소상공인 확인서>를 소지한 자.,,｢중소기업기본법｣ 제2조에 따른 소기업( ｢소상공인 보호 및 지원에 관한 법률｣ 제2조에 따른 소상공인 포함)으로서 ｢중소기업 범위 및 확인에 관한 규정｣에 따라 발급된 <소기업·소상공인 확인서>를 소지한 자.,,,,,,,,,
PPS-DEV-29,0,0,0,0,0,0,0,0,0,0,0,0,0,0,0,0,0,0,0,0,0,0,0,0,,,,,,,,,,,,,,,,,,,,,,,,
PPS-DEV-033,0,0,0,0,0,0,0,0,0,0,0,0,0,0,0,0,0,0,0,0,0,0,0,0,,,,,,,,,,,,,,,,,,,,,,,,
PPS-DEV-036,0,0,0,0,0,0,0,0,0,0,0,0,0,0,1,0,0,0,1,0,0,0,0,0,,,,,,,,,,,,,,,,,,,,,,,,
PPS-DEV-039,0,0,0,0,0,0,0,0,0,0,0,0,0,0,0,0,0,0,0,0,0,0,0,0,,,,,,,,,,,,,,,,,,,,,,,,
PPS-DEV-041,0,0,0,0,0,0,0,0,0,0,0,0,1,0,0,0,0,0,0,0,0,0,0,0,,,,,,,,,,,,,,,,,,,,,,,,
PPS-DEV-047,0,0,0,0,1,0,0,0,0,0,0,0,0,0,0,0,0,0,0,0,0,0,0,0,,,,,마. 입찰공고일 기준 법인등기부등본(개인사업자는 사업등록증명원) 상 주된 사무소 소재지가 서울특별시로 기재되어 있는 업체,,,,,,,,,,,,,,,,,,,
PPS-DEV-049,0,0,0,0,0,0,0,0,0,0,0,0,0,0,0,0,0,0,0,0,1,0,0,0,,,,,,,,,,,,,,,,,,,,,"본 용역은 공동도급이 허용되며, 구성원별 최소지분율은 4% 이상이어야 합니다.",,,
PPS-DEV-062,0,1,1,1,0,0,0,0,0,0,0,0,0,0,0,0,0,0,0,0,0,0,0,0,,"2) 공고일 전일 기준 최근 5년 이내 국가,정부투자기관에서 시행한 단일 건 3억 원(VAT포함) 이상의 축제, 공연 등 문화행사 수행실적이 있어야 합니다.","2) 공고일 전일 기준 최근 5년 이내 국가,정부투자기관에서 시행한 단일 건 3억 원(VAT포함) 이상의 축제, 공연 등 문화행사 수행실적이 있어야 합니다.","2) 공고일 전일 기준 최근 5년 이내 국가,정부투자기관에서 시행한 단일 건 3억 원(VAT포함) 이상의 축제, 공연 등 문화행사 수행실적이 있어야 합니다.",,,,,,,,,,,,,,,,,,,,
PPS-DEV-073,0,0,0,0,0,0,0,0,0,0,0,0,0,0,0,0,0,0,0,0,0,0,0,0,,,,,,,,,,,,,,,,,,,,,,,,
PPS-DEV-085,0,0,0,0,0,0,0,0,0,0,0,0,0,0,0,0,1,0,0,0,0,0,0,0,,,,,,,,,,,,,,,,,,,,,,,,
PPS-DEV-091,0,0,0,0,0,0,0,0,0,0,0,0,0,0,0,0,0,0,0,0,0,0,0,0,,,,,,,,,,,,,,,,,,,,,,,,
PPS-DEV-093,0,0,0,0,0,0,0,0,0,0,0,0,0,0,0,0,0,0,0,0,0,0,0,0,,,,,,,,,,,,,,,,,,,,,,,,
PPS-DEV-115,0,0,0,0,0,0,0,0,0,0,0,0,0,0,0,0,0,0,0,0,0,0,0,0,,,,,,,,,,,,,,,,,,,,,,,,
PPS-DEV-120,0,0,0,0,0,0,0,0,0,0,0,0,1,0,0,0,0,0,0,0,0,0,0,0,,,,,,,,,,,,,입찰참가 대상에 따른 중소기업제품 구매촉진 및 판로지원에 관한 법률 시행령 제 2조의 2에 의거 소기업(소상공인) 확인서를(응찰(개찰)일 까지 발급된 것으로 유효기간 내에 있어야 함)를 소지한 업체,,,,,,,,,,,
PPS-DEV-125,0,0,0,0,0,0,0,0,0,0,0,0,0,0,0,0,0,0,0,0,0,0,0,0,,,,,,,,,,,,,,,,,,,,,,,,
PPS-DEV-127,0,0,0,0,0,0,0,0,0,0,0,0,0,0,0,0,0,0,0,0,0,0,0,0,,,,,,,,,,,,,,,,,,,,,,,,
PPS-DEV-141,0,0,0,0,0,0,0,0,0,0,0,0,0,0,0,0,0,0,0,0,0,0,0,0,,,,,,,,,,,,,,,,,,,,,,,,
PPS-DEV-144,0,0,0,0,0,0,0,0,0,0,0,0,1,0,0,0,0,0,0,0,0,0,0,0,,,,,,,,,,,,,,,,,,,,,,,,
PPS-DEV-148,0,0,0,0,0,0,0,0,1,0,0,0,0,0,0,0,1,0,0,0,0,0,0,0,,,,,,,,,,,,,,,,,「중소기업기본법」제2조제2항에 따른 소기업과 「소상공인 보호 및 지원에 관한 법률」에 따른 소상공인으로서 「중소기업 범위 및 확인에 관한 규정」에 따라 발급된 소기업·소상공인 확인서를 소지한 업체,,,,,,,
PPS-DEV-161,0,0,0,0,0,0,0,0,0,0,0,0,0,0,0,0,0,0,0,0,0,0,0,0,,,,,,,,,,,,,,,,,,,,,,,,
PPS-DEV-165,0,0,0,0,0,0,0,0,0,0,0,0,1,0,1,0,1,0,0,0,0,0,0,0,,,,,,,,,,,,,,,,,,,,,,,,
PPS-DEV-175,0,0,0,0,0,0,0,0,0,0,0,0,0,0,0,0,0,0,0,0,0,0,0,0,,,,,,,,,,,,,,,,,,,,,,,,
PPS-DEV-178,0,0,0,0,0,0,0,0,0,0,0,0,0,0,0,0,0,0,0,0,0,0,0,0,,,,,,,,,,,,,,,,,,,,,,,,
PPS-DEV-180,0,0,0,0,0,0,0,0,1,0,0,0,0,0,0,0,0,0,0,0,0,0,0,0,,,,,,,,,,,,,,,,,,,,,,,,
PPS-DEV-181,0,0,0,0,0,0,0,0,0,0,0,0,0,0,0,0,0,0,0,0,0,0,0,0,,,,,,,,,,,,,,,,,,,,,,,,
PPS-DEV-184,0,0,0,0,0,0,0,0,0,0,0,0,0,0,0,0,0,0,0,0,0,0,0,0,,,,,,,,,,,,,,,,,,,,,,,,
PPS-DEV-186,0,0,0,0,0,0,0,0,0,0,0,0,0,0,0,0,0,0,0,0,0,0,0,0,,,,,,,,,,,,,,,,,,,,,,,,
PPS-DEV-189,0,0,0,0,0,0,0,0,0,0,0,0,0,0,0,0,0,0,0,0,0,0,0,0,,,,,,,,,,,,,,,,,,,,,,,,
