id,item,item_name,transition,gold,original,candidate,estimated_price,amount_outside_item_band,source_jsonl_line,original_raw_evidence,candidate_raw_evidence,review_category,review_note,verified_source_excerpts
PPS-DEV-01,v11,중기간 경쟁제품 입찰 중소 없음,resolved_fp,0,1,0,281818182,False,1,,,해소: 원문에 이미 요건 존재,확인서·기업 규모 자격이 실제로 원문에 있다. 이를 없는 것으로 처리했던 기존 1을 후보가 0으로 바꿨다. 소기업·소상공인 제한도 중소기업 범위를 제한하므로 v11/v16의 부재와는 구분해야 한다.,"[{""doc_id"": ""D0"", ""line_start"": 72, ""line_end"": 74, ""text"": ""마. 중소기업기본법 제2조에 따른 중·소기업 또는 『소상공인 보호 및 지원에 관\n한 법률』 제2조에 따른 소상공인으로서‘중·소기업, 소상공인 확인서’를\n소지한 자""}]"
PPS-DEV-04,v18,1억원 미만 일반물품 소기업 제한 없음,resolved_fp,0,1,0,318181818,True,4,,,amount_band_screen,메타 추정가격이 동결된 해당 항목의 적용 금액대 밖이다. 원문 발췌는 cases.jsonl의 source_contexts에서 대조. 제품 지정·예외까지 확정한 판정은 아니다.,[]
PPS-DEV-06,v14,고시금액 이상 일반물품 중소기업 제한,resolved_fp,0,1,0,748181818,False,6,중·소기업·소상공인으로서「중·소기업·소상공인 및 장애인기업 확인요령」에 따라 발급된 중·소기업·소상공인 확인서(입찰마감일 기준 유효하여야 함)를 소지한 업체,,해소: 지정제품 적용 범위,공고는 행사·회의 대행 세부품명과 직접생산 요건을 명시한다. 비지정제품만 대상으로 하는 v14의 적용 대상을 구별한 결과와 일치한다. 단순 직접생산 문구만으로 지정을 확정하는 일반 규칙으로 확대해서는 안 된다.,"[{""doc_id"": ""D0"", ""line_start"": 26, ""line_end"": 29, ""text"": ""- 중소기업제품 구매촉진 및 판로지원에 관한 법률」제9조 및 같은 법 시행령 제10조에 따라 나라장터(G2B)에 입찰서 제출 마감일 전일까지 ‘국제행사기획및대행서비스(세부품명번호 : 8014198901) 또는 회의기획및대행서비스(세부품명번호: 8014190201)’로 등록한 자\n※ 직접생산확인증명서는 입찰서 제출마감일 전일까지 발급된 것으로서 유효기간 내에 있어야 함\n다. 최근 5년간 국가기관이 발주한 국제회의 개최 대행 용역의 이행실적이 4억원 이상인 업체\n라. 「중소기업기본법 시행령」 제8조 및 「소상공인 보호 및 지원에 관한 법률」 제2조에 따른 중·소기업·소상공인으로서「중·소기업·소상공인 및 장애인기업 확인요령」에 따라 발급된 중·소기업·소상공인 확인서(입찰마감일 기준 유효하여야 함)를 소지한 업체""}]"
PPS-DEV-06,v18,1억원 미만 일반물품 소기업 제한 없음,resolved_fp,0,1,0,748181818,True,6,,,amount_band_screen,메타 추정가격이 동결된 해당 항목의 적용 금액대 밖이다. 원문 발췌는 cases.jsonl의 source_contexts에서 대조. 제품 지정·예외까지 확정한 판정은 아니다.,[]
PPS-DEV-07,v6,"고시금액 미만 지역제한 시,군,구",resolved_fp,0,1,0,727272727,False,7,마 본사(주된 영업소)의 소재지가 서울특별시에 있는 업체,,해소: 지역 단위 구분,기존에 인용한 소재지 조건은 도·광역시·특별시 단위다. 개별 기준 v6의 광역보다 좁은 지역 제한을 입증하지 않는다. 지역 제한의 금액 상한이나 복수 지역 확장은 다른 항목에서 판단해야 한다.,"[{""doc_id"": ""D0"", ""line_start"": 42, ""line_end"": 45, ""text"": ""\n국가종합전자조달시스템(나라장터) / 서울특별시 [지역:r1|단위=기초|광역=서울특별시] [상세주소] 기업은행 본점 7층 여신심사부\n\n2. 입찰 참가자격 (제한경쟁입찰)""}, {""doc_id"": ""D0"", ""line_start"": 54, ""line_end"": 57, ""text"": ""\n마. 본사(주된 영업소)의 소재지가 서울특별시에 있는 업체\n\n바. 공동계약 방식으로 입찰 허용""}, {""doc_id"": ""D1"", ""line_start"": 56, ""line_end"": 59, ""text"": ""\n④ 본사(주된 영업소)의 소재지가 서울특별시에 있는 업체\n\n3. 제안서 제출 등 안내""}, {""doc_id"": ""D1"", ""line_start"": 98, ""line_end"": 101, ""text"": ""\nㅇ 등록장소 : [수요기관(기타공공기관)] 본점 7층 여신심사부 (서울특별시 [지역:r1|단위=기초|광역=서울특별시] [상세주소])\n\nㅇ 등록방법 : 대표자 또는 대표의 위임을 받은 대리인이 직접 방문하여 제출(우편접수 불가). 등록기한 경과 시 접수 불가""}]"
PPS-DEV-07,v18,1억원 미만 일반물품 소기업 제한 없음,resolved_fp,0,1,0,727272727,True,7,,,amount_band_screen,메타 추정가격이 동결된 해당 항목의 적용 금액대 밖이다. 원문 발췌는 cases.jsonl의 source_contexts에서 대조. 제품 지정·예외까지 확정한 판정은 아니다.,[]
PPS-DEV-08,v16,1억 이상- 고시금액미만 중소기업 제한 없음,resolved_fp,0,1,0,34545455,True,8,,,amount_band_screen,메타 추정가격이 동결된 해당 항목의 적용 금액대 밖이다. 원문 발췌는 cases.jsonl의 source_contexts에서 대조. 제품 지정·예외까지 확정한 판정은 아니다.,[]
PPS-DEV-09,v6,"고시금액 미만 지역제한 시,군,구",resolved_fp,0,1,0,112064000,False,9,"주된 영업소(본사 소재지를 말함)가 입찰공고일 현재 광주광역시, 전라남도의 관할구역 안에 있어야 합니다.",,해소: 지역 단위 구분,기존에 인용한 소재지 조건은 도·광역시·특별시 단위다. 개별 기준 v6의 광역보다 좁은 지역 제한을 입증하지 않는다. 지역 제한의 금액 상한이나 복수 지역 확장은 다른 항목에서 판단해야 한다.,"[{""doc_id"": ""D0"", ""line_start"": 47, ""line_end"": 47, ""text"": ""마. 주된 영업소(본사 소재지를 말함)가 입찰공고일 현재 광주광역시, 전라남도의 관할구역 안에 있어야 합니다.""}, {""doc_id"": ""D0"", ""line_start"": 46, ""line_end"": 49, ""text"": ""\n마. 주된 영업소(본사 소재지를 말함)가 입찰공고일 현재 광주광역시, 전라남도의 관할구역 안에 있어야 합니다.\n\n바. 국가종합전자조달시스템 입찰참가자격등록규정에 의하여 국가종합전자조달시스템(나라장터)에 입찰참가자격등록 마감일시까지 컴퓨터서버(세부품명번호 10자리 4321150102)를 공급물품 또는 제조물품으로 입찰참가자격을 등록한 업체이어야 합니다.""}]"
PPS-DEV-09,v17,1억원 미만 일반물품 중소기업 제한,resolved_fp,0,1,0,112064000,True,9,「중소기업기본법」제2조에 따른 중기업 또는 소기업이거나 「소상공인 보호 및 지원에 관한 법률」제2조에 따른 소상공인으로서 「중소기업 범위 및 확인에 관한 규정」에 따라 발급된 중․소기업․소상공인 확인서(중소기업확인서)를 소지한 업체이어야 합니다.,,amount_band_screen,메타 추정가격이 동결된 해당 항목의 적용 금액대 밖이다. 원문 발췌는 cases.jsonl의 source_contexts에서 대조. 제품 지정·예외까지 확정한 판정은 아니다.,[]
PPS-DEV-09,v18,1억원 미만 일반물품 소기업 제한 없음,resolved_fp,0,1,0,112064000,True,9,,,amount_band_screen,메타 추정가격이 동결된 해당 항목의 적용 금액대 밖이다. 원문 발췌는 cases.jsonl의 source_contexts에서 대조. 제품 지정·예외까지 확정한 판정은 아니다.,[]
PPS-DEV-10,v18,1억원 미만 일반물품 소기업 제한 없음,resolved_fp,0,1,0,122727273,True,10,,,amount_band_screen,메타 추정가격이 동결된 해당 항목의 적용 금액대 밖이다. 원문 발췌는 cases.jsonl의 source_contexts에서 대조. 제품 지정·예외까지 확정한 판정은 아니다.,[]
PPS-DEV-11,v11,중기간 경쟁제품 입찰 중소 없음,resolved_fp,0,1,0,262727273,False,11,,,해소: 원문에 이미 요건 존재,확인서·기업 규모 자격이 실제로 원문에 있다. 이를 없는 것으로 처리했던 기존 1을 후보가 0으로 바꿨다. 소기업·소상공인 제한도 중소기업 범위를 제한하므로 v11/v16의 부재와는 구분해야 한다.,"[{""doc_id"": ""D0"", ""line_start"": 30, ""line_end"": 31, ""text"": ""-「중소기업기본법」제2조에 따른 중‧소기업 또는「소상공인 보호 및 지원에 관한 법률」제2조에 따른 소상공인으로서「중소기업 범위 및 확인에 관한 규정」에 따라 발급된 중기업 또는 소기업․소상공인확인서를 소지한 업체\n※ ‘직접생산확인증명서’와 ‘중소기업확인서’는 등록마감일 기준 유효기간 내에 있어야 하며, 중소기업 공공구매 종합정보망(http://www.smpp.go.kr)에 확인되지 않을 경우 입찰참가 자격 없음""}]"
PPS-DEV-11,v18,1억원 미만 일반물품 소기업 제한 없음,resolved_fp,0,1,0,262727273,True,11,,,amount_band_screen,메타 추정가격이 동결된 해당 항목의 적용 금액대 밖이다. 원문 발췌는 cases.jsonl의 source_contexts에서 대조. 제품 지정·예외까지 확정한 판정은 아니다.,[]
PPS-DEV-12,v5,고시금액 이상 지역제한,resolved_fp,0,1,0,28532727,False,12,"지역제한여부:'Y', 제한지역코드목록:'경상북도'",,해소: 금액 상한 위반 근거 부족,"추정가격은 약 0.29~1.61억원 구간으로, 인용된 지역 조건 자체가 적용 상한을 초과했음을 보여주지는 않는다. 특히 메타 또는 기관 주소 인용은 충분한 근거가 아니다. 지방계약의 정확한 상한은 기관 구분을 추가로 확인해야 하며 미확정 고시액을 임의의 2.3억원으로 대체하지 않았다.","[{""doc_id"": ""D0"", ""line_start"": 46, ""line_end"": 49, ""text"": ""가. 공 고 명: 소방기관 화재진압장비 구매(수의계약·5천만원미만)\n나. 기초금액: 금31,386,000원(추정가격: 28,532,727원, 부가세: 2,853,273원)\n·\n다. 품명 수량: 피스톨관창 등 17종 254점 ※규격서 참조""}, {""doc_id"": ""D0"", ""line_start"": 84, ""line_end"": 87, ""text"": ""마. 국가종합전자조달시스템(G2B)에 입찰공고일 전일부터 입찰일(낙찰자는 계약체결일)\n까지 주된 영업소의 소지재(법인의 경우 등기부 등본상 본점 소재지, 개인사업자의\n경우 사업자등록증 또는 관련 법령에 따른 허가․인가․면허․등록․신고 등에 관련된\n서류에 기재된 사업장의 소재지)를 계속해서 경상북도에 둔 업체로, [수요기관(소방기관)]에""}]"
PPS-DEV-12,v18,1억원 미만 일반물품 소기업 제한 없음,resolved_fp,0,1,0,28532727,False,12,,,해소: 원문에 이미 요건 존재,확인서·기업 규모 자격이 실제로 원문에 있다. 이를 없는 것으로 처리했던 기존 1을 후보가 0으로 바꿨다. 소기업·소상공인 제한도 중소기업 범위를 제한하므로 v11/v16의 부재와는 구분해야 한다.,"[{""doc_id"": ""D0"", ""line_start"": 74, ""line_end"": 77, ""text"": ""라. 「중소기업제품 구매촉진 및 판로지원에 관한 법률 시행령」 제2조의2, 「중소기\n업 기본법」제2조제2항 및 「소상공인기본법」제2조에 의거 소기업 또는 소\n상공인에 해당하는 업체(입찰마감일 전일까지 발급된 것으로 유효기간 내에\n있어야 함)에 한합니다 .""}]"
PPS-DEV-13,v11,중기간 경쟁제품 입찰 중소 없음,resolved_fp,0,1,0,222727273,False,13,,,해소: 원문에 이미 요건 존재,확인서·기업 규모 자격이 실제로 원문에 있다. 이를 없는 것으로 처리했던 기존 1을 후보가 0으로 바꿨다. 소기업·소상공인 제한도 중소기업 범위를 제한하므로 v11/v16의 부재와는 구분해야 한다.,"[{""doc_id"": ""D0"", ""line_start"": 25, ""line_end"": 25, ""text"": ""가.「중소기업기본법」 제2조에 따른 중소기업자로서 「중소기업 범위 및 확인에 관한 규정」에 따라 발급된 중소기업확인서를 소지한 업체""}]"
PPS-DEV-13,v14,고시금액 이상 일반물품 중소기업 제한,resolved_fp,0,1,0,222727273,True,13,"중소기업기본법 제2조에 따른 중소기업자로서 「중소기업 범위 및 확인에 관한 규정」에 따라 발급된 중소기업확인서를 소지한 업체... 본 용역은 위 입찰참가자격 가~라목의 입찰참가자격을 모두 충족하는 업체는 단독으로 참여가능하며, 공동수급계약(공동이행방식, 최소지분율은 5% 이상)으로 입찰에 참여 가능.",,amount_band_screen,메타 추정가격이 동결된 해당 항목의 적용 금액대 밖이다. 원문 발췌는 cases.jsonl의 source_contexts에서 대조. 제품 지정·예외까지 확정한 판정은 아니다.,[]
PPS-DEV-14,v10,중기간 경쟁제품 입찰 직생 없음,resolved_fp,0,1,0,188062728,False,14,,,해소: 직접생산 요건 존재,통학운송서비스의 직접생산확인증명서와 전산 확인을 원문에서 요구한다. 확인 방식이 전산이라는 이유로 부재로 볼 수 없다.,"[{""doc_id"": ""D0"", ""line_start"": 23, ""line_end"": 24, ""text"": ""다.「중소기업제품 구매촉진 및 판로지원에 관한 법률」제9조 및 같은 법 시행령 10조에 의한 직접생산확인증명서 [세부품명：통학운송서비스/세부품명번호：7811189902]를 소지한 업체이어야 합니다.\n※ 직접생산확인증명서는 전자입찰서 제출마감일 전일까지 발급된 것으로 유효기간 내에 있어야 하며, 중소기업공공구매 종합정보망(www.smpp.go.kr)에서 확인되지 않을 경우, 입찰 참가 자격이 없습니다.""}]"
PPS-DEV-17,v18,1억원 미만 일반물품 소기업 제한 없음,resolved_fp,0,1,0,309090909,True,17,,,amount_band_screen,메타 추정가격이 동결된 해당 항목의 적용 금액대 밖이다. 원문 발췌는 cases.jsonl의 source_contexts에서 대조. 제품 지정·예외까지 확정한 판정은 아니다.,[]
PPS-DEV-17,v23,현장설명회 (공고기간) * 계약방법 협상 + 계약법 지방만 적용,resolved_fp,0,1,0,309090909,False,17,"2. 제안서 및 가격입찰서 등 제출 구비서류(미래청년기획관 방문 제출) 1) 입찰 참가등록 및 가격 투찰 (전자입찰) : 입찰공고문에 따름 2) 제안서 및 가격입찰서 제출 (방문접수 원칙, 우편접수 불가) ① 일 시 : 2026.02.06.(예정) ② 장 소 : [기관(행정기관)] 미래청년기획관(청년생활지원팀)",,해소: 설명회 대상·시점 구분,입찰·제안서 제출 일시와 제안 평가 발표를 실제 사전 설명회로 취급한 기존 근거가 부족하다. 일반 양식의 현장설명회 행정비용 언급도 개최 사실이 아니다.,"[{""doc_id"": ""D0"", ""line_start"": 22, ""line_end"": 25, ""text"": ""3. 제안서 및 평가위원회 관련\n가. 제안서 및 가격입찰서 제출 (방문접수)\n- 일 시 : 2026.02.05.(목) 10:00~16:00\n- 장 소 : [수요기관(지방정부)] 미래청년기획관 청년사업반 청년생활지원팀(서울 [지역:r1|단위=기초|광역=서울특별시] [상세주소], [상세주소]) [담당자] 주무관(☏ [전화번호])""}, {""doc_id"": ""D0"", ""line_start"": 27, ""line_end"": 30, ""text"": ""- 일시 및 장소: 추후 확정 시 발주부서에서 개별통보\n- 설명방법: 제출된 제안서에 따라 PPT/PDF 발표(제안설명 10분, 질의응답 10분)\n4. 입찰 참가자격 : 다음 조건을 모두 충족하는 자\n가. 「지방자치단체를 당사자로 하는 계약에 관한 법률 시행령」제13조 및 동법 시행규칙 제14조에 의한 자격을 갖춰야 합니다.""}, {""doc_id"": ""D2"", ""line_start"": 44, ""line_end"": 47, ""text"": ""· 검증기간: 2026. 3월 ~ 4월 중(예정)\n※ 청년수당 예비 선정자 발표(4월 예정) 후 이의신청자 발생 시, 이의신청자 대상 서류 재검증 시행(4월 예정)하여 최종 선정자 2만 명 확정\n※ 서류 심사를 위한 단기 인력 투입 가능하며, 서류검증 업무 절차 및 처리 방법은 市에서 안내\n※ 청년수당 선정과정 중 서류점검을 위하여 PC, 책상 등 사무집기류를 포함한 설비, 사무 공간, 인력 등을 제공해야 함""}, {""doc_id"": ""D1"", ""line_start"": 119, ""line_end"": 122, ""text"": ""※ 모니터링 규모 등은 협의하여 조정 예정\n※ 청년수당 예비 선정자 발표(4월 예정) 후 이의신청자 발생 시, 이의신청자 대상 서류 재검증 시행(4월 예정)하여 최종 선정자 2만 명 확정\n※ 최종선정자에 대한 현금사용 모니터링 진행\n※ 서류심사를 위한 단기 인력 투입 가능하며, 서류검증 업무 및 현금 모니터링의 절차와 처리 방법은 市에서 안내""}, {""doc_id"": ""D1"", ""line_start"": 195, ""line_end"": 198, ""text"": "": 입찰공고문에 따름\n2) 제안서 및 가격입찰서 제출 (방문접수 원칙, 우편접수 불가)\n① 일 시 : 2026.02.06.(예정)\n② 장 소 : [기관(행정기관)] 미래청년기획관(청년생활지원팀)""}]"
PPS-DEV-22,v9,과업지시서 특정 모델명 명시,resolved_fp,0,1,0,72727273,False,22,제조국 – 대한민국,,해소: 제조국과 브랜드 구분,기존은 제조국 대한민국을 근거로 삼았다. 제조국은 특정 브랜드·모델이 아니며 규격서에 동등 이상 허용도 있다. 제조국 제한 자체의 별도 쟁점과 v9를 구분해야 한다.,"[{""doc_id"": ""D1"", ""line_start"": 309, ""line_end"": 309, ""text"": ""○ 제조국 – 대한민국""}, {""doc_id"": ""D1"", ""line_start"": 300, ""line_end"": 303, ""text"": ""\n제시한 규격과 동등 또는 동등 이상 물품\n\n① 용 도""}, {""doc_id"": ""D1"", ""line_start"": 308, ""line_end"": 311, ""text"": ""\n○ 제조국 – 대한민국\n\n○ ISO 시험성적 기준 흡수량: 1,560g 이상 물품""}]"
PPS-DEV-22,v17,1억원 미만 일반물품 중소기업 제한,resolved_fp,0,1,0,72727273,False,22,"[판로지원법 시행령] 소기업,소상공인제한",,해소: 중기업 허용의 증거 없음,기존은 메타의 소기업·소상공인 제한 또는 행사대행 면허를 근거로 중기업 허용 위반을 출력했다. 제공 문서에서 SME 전체에 참가자격을 넓혔다는 조건을 찾지 못했다. 규모 조건 자체가 없는 경우 v18의 부재 문제와 v17의 명시적 중기업 허용 문제는 다르다.,"[{""doc_id"": ""D0"", ""line_start"": 22, ""line_end"": 25, ""text"": ""\n아. 입찰참가자격 등록 마감일시 : 2026. 3. 9. 18:00\n\n자. 입찰서 제출기간 : 2026. 3. 3. 10:00 ~ 2026. 3. 10. 10:00""}, {""doc_id"": ""D0"", ""line_start"": 40, ""line_end"": 43, ""text"": ""\n3. 입찰 참가 자격\n\n「지방자치단체를 당사자로 하는 계약에 관한 법률 시행령」 제13조 및 같은 법 시행규칙 제14조에 따른 자격을 갖추고, 다음 각 호의 모든 요건을 갖춘 업체이어야 합니다.""}]"
PPS-DEV-23,v6,"고시금액 미만 지역제한 시,군,구",resolved_fp,0,1,0,136681818,False,23,"나. 입찰공고일 전일부터 입찰일(낙찰자는 계약체결일, 계약이행능력심사 대상자는 계약이행능력심사 서류 제출일)까지 법인등기부상 본점소재지(개인사업자인 경우 사업자등록증 또는 관련 법령에 따른 허가·인가·면허·등록·신고 등 관련 서류에 기재된 사업장 소재지)가 인천광역시에 있는 업체",,해소: 지역 단위 구분,기존에 인용한 소재지 조건은 도·광역시·특별시 단위다. 개별 기준 v6의 광역보다 좁은 지역 제한을 입증하지 않는다. 지역 제한의 금액 상한이나 복수 지역 확장은 다른 항목에서 판단해야 한다.,"[{""doc_id"": ""D0"", ""line_start"": 49, ""line_end"": 49, ""text"": ""나. 입찰공고일 전일부터 입찰일(낙찰자는 계약체결일, 계약이행능력심사 대상자는 계약이행능력심사 서류 제출일)까지 법인등기부상 본점소재지(개인사업자인 경우 사업자등록증 또는 관련 법령에 따른 허가·인가·면허·등록·신고 등 관련 서류에 기재된 사업장 소재지)가 인천광역시에 있는 업체""}, {""doc_id"": ""D0"", ""line_start"": 48, ""line_end"": 51, ""text"": ""\n나. 입찰공고일 전일부터 입찰일(낙찰자는 계약체결일, 계약이행능력심사 대상자는 계약이행능력심사 서류 제출일)까지 법인등기부상 본점소재지(개인사업자인 경우 사업자등록증 또는 관련 법령에 따른 허가·인가·면허·등록·신고 등 관련 서류에 기재된 사업장 소재지)가 인천광역시에 있는 업체\n\n다.「중소기업기본법」제2조에 따른 중소기업 또는「소상공인 보호 및 지원에 관한 법률」제2조에 따른 소상공인으로서「중소기업 범위 및 확인에 관한 규정」에 따라 발급된 중·소기업·소상공인 확인서를 소지한 업체""}]"
PPS-DEV-23,v10,중기간 경쟁제품 입찰 직생 없음,resolved_fp,0,1,0,136681818,False,23,,,해소: 명시된 예외 근거,공고가 해당 드론 구매의 직접생산 요건 제외 근거를 명시한다. 후보의 0은 문서에 나온 예외를 반영한 결과와 일치한다. 법정 예외의 모든 성립요건을 이 분석에서 재검증한 것은 아니다.,"[{""doc_id"": ""D0"", ""line_start"": 25, ""line_end"": 25, ""text"": ""- 본 입찰은 중기간경쟁제품인 드론을 요구하지만, 수요기관의 특별한 사정으로 인하여 사업에서 요구되는 규격이 특정한 기술을 필요로 하므로 ｢중소기업제품 구매촉진 및 판로지원에 관한 법률 시행령｣ 제7조제1항제4호 규정을 적용하여 직접생산확인품목에서 제외하고 일반물품으로 입찰공고합니다.""}]"
PPS-DEV-23,v17,1억원 미만 일반물품 중소기업 제한,resolved_fp,0,1,0,136681818,True,23,"본 입찰은 중기간경쟁제품인 드론을 요구하지만, 수요기관의 특별한 사정으로 인하여 사업에서 요구되는 규격이 특정한 기술을 필요로 하므로 ｢중소기업제품 구매촉진 및 판로지원에 관한 법률 시행령｣ 제7조제1항제4호 규정을 적용하여 직접생산확인품목에서 제외하고 일반물품으로 입찰공고합니다.",,amount_band_screen,메타 추정가격이 동결된 해당 항목의 적용 금액대 밖이다. 원문 발췌는 cases.jsonl의 source_contexts에서 대조. 제품 지정·예외까지 확정한 판정은 아니다.,[]
PPS-DEV-23,v18,1억원 미만 일반물품 소기업 제한 없음,resolved_fp,0,1,0,136681818,True,23,,,amount_band_screen,메타 추정가격이 동결된 해당 항목의 적용 금액대 밖이다. 원문 발췌는 cases.jsonl의 source_contexts에서 대조. 제품 지정·예외까지 확정한 판정은 아니다.,[]
PPS-DEV-28,v18,1억원 미만 일반물품 소기업 제한 없음,resolved_fp,0,1,0,290909091,True,28,,,amount_band_screen,메타 추정가격이 동결된 해당 항목의 적용 금액대 밖이다. 원문 발췌는 cases.jsonl의 source_contexts에서 대조. 제품 지정·예외까지 확정한 판정은 아니다.,[]
PPS-DEV-034,v22,현장설명회 참석업체 (자격으로 제한 여부) * 계약방법 협상만 적용,resolved_fp,0,1,0,73080000,False,34,제안서 설명회 일시 및 장소 2026. 3. 23.(월) 15:00 예지관(강당) 1층 시청각실 ※ 학사일정 등에 따라 설명회 일시나 장소 변경 가능,,해소: 설명회 대상 구분,규격가격동시입찰의 제안 설명 일정이다. 개별 기준의 협상계약 사전 설명회 강제 참가와 같은 사건인지부터 확인해야 한다.,"[{""doc_id"": ""D0"", ""line_start"": 82, ""line_end"": 85, ""text"": ""\n제안서 설명회 일시 및 장소\n\n2026. 3. 23.(월) 15:00 예지관(강당) 1층 시청각실""}, {""doc_id"": ""D0"", ""line_start"": 260, ""line_end"": 263, ""text"": ""\n마. 적격업체 선정: 제안서 설명회 후 교복선정위원회에서 심사 및 선정(심사기준 붙임 참조)\n\n바. 제안서의 효력""}]"
PPS-DEV-035,v9,과업지시서 특정 모델명 명시,resolved_fp,0,1,0,60000000,False,35,마. 납품(공급)업체의 경우 전자입찰서 제출 마감일 전일까지 제조사로부터 당해 물품공급 및 무상지원(A/S) 확약서를 발급후 보유 및 제출하여야 합니다.,,해소: 다른 항목의 제한과 혼동,기존 v9 근거는 제조사 물품공급·A/S 확약서의 제출 시점이다. 특정 브랜드·모델 배제의 직접 근거가 아니며 주로 v19에서 볼 내용이다.,"[{""doc_id"": ""D0"", ""line_start"": 30, ""line_end"": 32, ""text"": ""다. 본 입찰은 4년제 대학교만 참여 가능\n라. 「국가를 당사자로 하는 계약에 관한 법률(2026.1.2.)」 제27조 및 동법 시행령 (2026.1.2.) 제76조에 의한 부정당업자로서 입찰참가자격의 제한을 받지 않은 업체이어야 합니다.\n마. 납품(공급)업체의 경우 전자입찰서 제출 마감일 전일까지 제조사로부터 당해 물품공급 및 무상지원(A/S) 확약서를 발급후 보유 및 제출하여야 합니다.""}]"
PPS-DEV-035,v14,고시금액 이상 일반물품 중소기업 제한,resolved_fp,0,1,0,60000000,True,35,제한경쟁(소기업),,amount_band_screen,메타 추정가격이 동결된 해당 항목의 적용 금액대 밖이다. 원문 발췌는 cases.jsonl의 source_contexts에서 대조. 제품 지정·예외까지 확정한 판정은 아니다.,[]
PPS-DEV-036,v10,중기간 경쟁제품 입찰 직생 없음,resolved_fp,0,1,0,202025455,False,36,,,정답 일치·적용 범위 추가 판정,히트펌프 관련 세부품명과 제조 또는 공급 자격은 있으나 직접생산 확인 요건은 찾지 못했다. 따라서 개선 원인은 확인서 발견으로 설명할 수 없다. 제품 지정 범위·설치공사 구분을 추가 판정해야 한다.,"[{""doc_id"": ""D0"", ""line_start"": 24, ""line_end"": 27, ""text"": ""세부품명 규 격 구매수량 단위 예산금액 비고\n∙ 가스엔진히트펌프\n-부가세 포함\n∙ 전기히트펌프 시방서 및 내역서 참고 222,228,000원""}, {""doc_id"": ""D0"", ""line_start"": 57, ""line_end"": 60, ""text"": ""(나라장터)에 반드시 입찰참가자격등록 마감일시까지 전기히트펌프(세부품명번호10자리 : 40\n10180601) 및 가스엔진히트펌프(세부품명번호10자리 : 4010180602) 및 히트펌프용실내기\n(세부품명번호10자리 : 4010178701)를 제조 또는 공급물품으로 입찰참가 등록한 업체로서\n시방서를 충족(납품)할 수 있는 업체""}]"
PPS-DEV-037,v9,과업지시서 특정 모델명 명시,resolved_fp,0,1,0,195344545,False,37,"3.2.1. 공급업체는 당해 물품 제조사의 물품공급 및 기술지원(A/S) 확약서를 전자입찰서 제출 마감일 전일까지 보유하여야 하며, 낙찰통보 이전에 반드시 제출하여야 합니다.(미제출시 낙찰대상자 제외)",,해소: 다른 항목의 제한과 혼동,기존 v9 근거는 제조사 물품공급·A/S 확약서의 제출 시점이다. 특정 브랜드·모델 배제의 직접 근거가 아니며 주로 v19에서 볼 내용이다.,"[{""doc_id"": ""D0"", ""line_start"": 158, ""line_end"": 158, ""text"": ""3.2.1. 공급업체는 당해 물품 제조사의 물품공급 및 기술지원(A/S) 확약서를 전자입찰서 제출 마감일 전일까지 보유하여야 하며, 낙찰통보 이전에 반드시 제출하여야 합니다.(미제출시 낙찰대상자 제외)""}]"
PPS-DEV-038,v23,현장설명회 (공고기간) * 계약방법 협상 + 계약법 지방만 적용,resolved_fp,0,1,0,34090909,False,38,제안서 설명회: 없음,,해소: 설명회 없음,공고에 “제안서 설명회: 없음”이 있다. 기존은 바로 이 문구를 인용하고도 기간 위반 1을 출력했다.,"[{""doc_id"": ""D0"", ""line_start"": 67, ""line_end"": 67, ""text"": ""제안서 설명회: 없음""}]"
PPS-DEV-040,v17,1억원 미만 일반물품 중소기업 제한,resolved_fp,0,1,0,80727273,False,40,"[판로지원법 시행령] 소기업,소상공인제한",,해소: 중기업 허용의 증거 없음,기존은 메타의 소기업·소상공인 제한 또는 행사대행 면허를 근거로 중기업 허용 위반을 출력했다. 제공 문서에서 SME 전체에 참가자격을 넓혔다는 조건을 찾지 못했다. 규모 조건 자체가 없는 경우 v18의 부재 문제와 v17의 명시적 중기업 허용 문제는 다르다.,"[{""doc_id"": ""D0"", ""line_start"": 72, ""line_end"": 75, ""text"": ""\n※ 참가자격을 갖춘 업체의 대표 또는 대리인 직접 제출\n\n(신분증 사본 및 재직증명서 첨부)""}, {""doc_id"": ""D0"", ""line_start"": 84, ""line_end"": 87, ""text"": ""\n4. 입찰참가자격\n\n가.「지방자치단체를 당사자로 하는 계약에 관한 법률」 시행령 제13조""}]"
PPS-DEV-040,v23,현장설명회 (공고기간) * 계약방법 협상 + 계약법 지방만 적용,resolved_fp,0,1,0,80727273,False,40,○ 신청일시 : 2026. 2. 6.(금) 10:00 ~ 18:00,,해소: 설명회 대상·시점 구분,기존 근거는 신청 일시뿐이며 사전 설명회의 개최 사실·날짜를 입증하지 않는다.,"[{""doc_id"": ""D0"", ""line_start"": 39, ""line_end"": 39, ""text"": ""○ 신청일시 : 2026. 2. 6.(금) 10:00 ~ 18:00""}, {""doc_id"": ""D0"", ""line_start"": 38, ""line_end"": 41, ""text"": ""\n○ 신청일시 : 2026. 2. 6.(금) 10:00 ~ 18:00\n\n- 마감시간 이후, 점심시간(12:00~13:00) 접수 불가""}, {""doc_id"": ""D0"", ""line_start"": 54, ""line_end"": 57, ""text"": ""\n○ 가격제안(입찰)서 개찰일시 : 가격제안서 개찰은 기술제안서 평가 후 실시함\n\n○ 가격제안(입찰)방식 : 전자입찰""}]"
PPS-DEV-042,v23,현장설명회 (공고기간) * 계약방법 협상 + 계약법 지방만 적용,resolved_fp,0,1,0,61264545,False,42,"제안서 평가위원회(제안 설명회) 안내 1) 일시 : 2026.6.23.(화) 13:00 (예정), ※학교 사정에 따라 변경될 수 있음",,해소: 설명회 대상·시점 구분,규격가격동시입찰의 제안서 평가위원회 발표 일정을 협상계약 사전 설명회로 혼동한 결과와 일치한다.,"[{""doc_id"": ""D0"", ""line_start"": 94, ""line_end"": 97, ""text"": ""\n라. 규격 입찰서(제안서) 제출 및 제안서 평가위원회(제안 설명회) 안내\n\n1) 규격입찰서(제안서) 제출""}, {""doc_id"": ""D0"", ""line_start"": 116, ""line_end"": 119, ""text"": ""\n2) 제안서 평가위원회(제안 설명회) 안내\n\n가) 일시 : 2026.6.23.(화) 13:00 (예정), ※학교 사정에 따라 변경될 수 있음""}]"
PPS-DEV-043,v23,현장설명회 (공고기간) * 계약방법 협상 + 계약법 지방만 적용,resolved_fp,0,1,0,61264545,False,43,제안서 평가위원회(제안 설명회) 안내 가) 일시 : 2026.6.25.(목) 13:00 (예정),,해소: 설명회 대상·시점 구분,규격가격동시입찰의 제안서 평가위원회 발표 일정을 협상계약 사전 설명회로 혼동한 결과와 일치한다.,"[{""doc_id"": ""D0"", ""line_start"": 92, ""line_end"": 95, ""text"": ""\n라. 규격 입찰서(제안서) 제출 및 제안서 평가위원회(제안 설명회) 안내\n\n1) 규격입찰서(제안서) 제출""}, {""doc_id"": ""D0"", ""line_start"": 116, ""line_end"": 119, ""text"": ""\n2) 제안서 평가위원회(제안 설명회) 안내\n\n가) 일시 : 2026.6.25.(목) 13:00 (예정), ※학교 사정에 따라 변경될 수 있음""}]"
PPS-DEV-048,v6,"고시금액 미만 지역제한 시,군,구",resolved_fp,0,1,0,545454545,False,48,다. 공고일 기준 부가가치세법에 따른 이벤트행사대행업으로 당해 사업에 관한 사업자등록증을 갖춘 경북에 소재한 실적이 우수한 업체.,,해소: 지역 단위 구분,기존에 인용한 소재지 조건은 도·광역시·특별시 단위다. 개별 기준 v6의 광역보다 좁은 지역 제한을 입증하지 않는다. 지역 제한의 금액 상한이나 복수 지역 확장은 다른 항목에서 판단해야 한다.,"[{""doc_id"": ""D0"", ""line_start"": 121, ""line_end"": 121, ""text"": ""다. 공고일 기준 부가가치세법에 따른 이벤트행사대행업으로 당해 사업에 관한 사업자등록증을 갖춘 경북에 소재한 실적이 우수한 업체.""}, {""doc_id"": ""D0"", ""line_start"": 120, ""line_end"": 123, ""text"": ""\n다. 공고일 기준 부가가치세법에 따른 이벤트행사대행업으로 당해 사업에 관한 사업자등록증을 갖춘 경북에 소재한 실적이 우수한 업체.\n\n라. 제안신청은 컨소시엄 공동제안이 아닌 단독으로 신청한 사업자""}]"
PPS-DEV-048,v7,고시금액 미만 지역제한 인접 확대,resolved_fp,0,1,0,545454545,False,48,다. 공고일 기준 부가가치세법에 따른 이벤트행사대행업으로 당해 사업에 관한 사업자등록증을 갖춘 경북에 소재한 실적이 우수한 업체.,,해소: 지역 확장 조건 없음,기존 근거는 하나의 광역 지역 소재 조건이다. 복수 지역으로 확장했거나 인접성·확장 사유를 위반했다는 근거가 아니다.,"[{""doc_id"": ""D0"", ""line_start"": 121, ""line_end"": 121, ""text"": ""다. 공고일 기준 부가가치세법에 따른 이벤트행사대행업으로 당해 사업에 관한 사업자등록증을 갖춘 경북에 소재한 실적이 우수한 업체.""}, {""doc_id"": ""D0"", ""line_start"": 120, ""line_end"": 123, ""text"": ""\n다. 공고일 기준 부가가치세법에 따른 이벤트행사대행업으로 당해 사업에 관한 사업자등록증을 갖춘 경북에 소재한 실적이 우수한 업체.\n\n라. 제안신청은 컨소시엄 공동제안이 아닌 단독으로 신청한 사업자""}]"
PPS-DEV-048,v14,고시금액 이상 일반물품 중소기업 제한,resolved_fp,0,1,0,545454545,False,48,라. 제안신청은 컨소시엄 공동제안이 아닌 단독으로 신청한 사업자,,해소: 다른 제한과 혼동,단독 제안·컨소시엄 불허는 SME 자격 제한이 아니다. 기존이 인용한 문장으로 v14를 입증할 수 없다.,"[{""doc_id"": ""D0"", ""line_start"": 123, ""line_end"": 123, ""text"": ""라. 제안신청은 컨소시엄 공동제안이 아닌 단독으로 신청한 사업자""}, {""doc_id"": ""D0"", ""line_start"": 122, ""line_end"": 125, ""text"": ""\n라. 제안신청은 컨소시엄 공동제안이 아닌 단독으로 신청한 사업자\n\n마. 지방자치단체를 당사자로 하는 계약에 관한 법률 제31조 및 동법시행령 제92조(부정당업자의 입찰 참가가격 제한)에 해당되지 않는 업체""}]"
PPS-DEV-049,v8,중복제한 (실적+지역),resolved_fp,0,1,0,600000000,False,49,체육교육학 전공이 있는 [기관(대학)]만 입찰 참여 가능합니다.,,해소: 다른 제한과 혼동,대학의 특정 전공 조건은 기관 유형 제한이다. 그 문구만으로 경험 AND 지역이라는 두 조건을 입증할 수 없다. 같은 공고의 v1 새 미탐과 구분해야 한다.,"[{""doc_id"": ""D0"", ""line_start"": 141, ""line_end"": 141, ""text"": ""라. 체육교육학 전공이 있는 [기관(대학)]만 입찰 참여 가능합니다.""}]"
PPS-DEV-049,v11,중기간 경쟁제품 입찰 중소 없음,resolved_fp,0,1,0,600000000,False,49,,,해소: 원문에 이미 요건 존재,확인서·기업 규모 자격이 실제로 원문에 있다. 이를 없는 것으로 처리했던 기존 1을 후보가 0으로 바꿨다. 소기업·소상공인 제한도 중소기업 범위를 제한하므로 v11/v16의 부재와는 구분해야 한다.,"[{""doc_id"": ""D0"", ""line_start"": 135, ""line_end"": 139, ""text"": ""다. 「중소기업기본법」 제2조에 따른 중기업, 소기업 또는 「소상공인 보호 및 지원에 관한 법률」 제2호에 따른 소상공인으로서, 「중소기업 범위 및 확인에 관한 규정」에 따라 발급된 중기업, 소기업, 소상공인 확인서를 소지한자 이어야 합니다.\n\n※ <중기업·소기업·소상공인 확인서>가 중소기업제품 공공구매 종합정보망(http://www.smpp.go.kr)에서 확인(전자 입찰서 제출마감일 전일까지 발급된 것으로 유효기간 내에 있는 것이어야함)이 안될 경우 입찰 참가자격이 없습니다.\n\n※ 다만, 전자입찰서 제출마감일 전일까지 <소기업·소상공인 확인서>를 신청한 사실이 확인된 업체는 입찰참가가 가능합니다.(필요 시 신청증빙서류 제출)""}]"
PPS-DEV-049,v17,1억원 미만 일반물품 중소기업 제한,resolved_fp,0,1,0,600000000,True,49,"다. 「중소기업기본법」 제2조에 따른 중기업, 소기업 또는 「소상공인 보호 및 지원에 관한 법률」 제2호에 따른 소상공인으로서, 「중소기업 범위 및 확인에 관한 규정」에 따라 발급된 중기업, 소기업, 소상공인 확인서를 소지한자 이어야 합니다.",,amount_band_screen,메타 추정가격이 동결된 해당 항목의 적용 금액대 밖이다. 원문 발췌는 cases.jsonl의 source_contexts에서 대조. 제품 지정·예외까지 확정한 판정은 아니다.,[]
PPS-DEV-049,v18,1억원 미만 일반물품 소기업 제한 없음,resolved_fp,0,1,0,600000000,True,49,,,amount_band_screen,메타 추정가격이 동결된 해당 항목의 적용 금액대 밖이다. 원문 발췌는 cases.jsonl의 source_contexts에서 대조. 제품 지정·예외까지 확정한 판정은 아니다.,[]
PPS-DEV-050,v5,고시금액 이상 지역제한,resolved_fp,0,1,0,112890909,False,50,공고일 전 일부터 입찰일까지(낙찰자는 계약체결일까지) 전라남도 또는 경상남도에 주된 영업소를 둔 업체,,해소: 금액 상한 위반 근거 부족,"추정가격은 약 0.29~1.61억원 구간으로, 인용된 지역 조건 자체가 적용 상한을 초과했음을 보여주지는 않는다. 특히 메타 또는 기관 주소 인용은 충분한 근거가 아니다. 지방계약의 정확한 상한은 기관 구분을 추가로 확인해야 하며 미확정 고시액을 임의의 2.3억원으로 대체하지 않았다.","[{""doc_id"": ""D0"", ""line_start"": 123, ""line_end"": 123, ""text"": ""❍ 공고일 전 일부터 입찰일까지(낙찰자는 계약체결일까지) 전라남도 또는 경상남도에 주된 영업소를 둔 업체""}, {""doc_id"": ""D0"", ""line_start"": 122, ""line_end"": 125, ""text"": ""\n❍ 공고일 전 일부터 입찰일까지(낙찰자는 계약체결일까지) 전라남도 또는 경상남도에 주된 영업소를 둔 업체\n\n❍ 「중소기업기본법」제2조에 따른 중소기업자 및 「소상공인 보호 및 지원에 관한 법률」제2조에 따른 소상공인으로서「중·소기업·소상공인 및 장애인기업 확인요령」에 따라 발급된 중·소기업·소상공인 확인서를 소지한 업체(단, 중소기업제품 구매촉진 및 판로지원에 관한 법률 제8조의2에 해당하는 자는 입찰에 참여할 수 없음)""}, {""doc_id"": ""D0"", ""line_start"": 140, ""line_end"": 143, ""text"": ""\n❍ 지방자치단체 입찰 시 낙찰자 결정기준 <추정가격이 고시금액 미만인 물품의 평가기준><별표3>에 의거 예정가격 이하로서 낙찰하한율 84.245% 이상 최저가격으로 입찰한 자 순으로 적격심사를 실시하여 종합평점이 85점 이상인 자를 낙찰자로 결정하며, 심사결과 종합평점이 85점 미만인 경우에는 차순위 입찰자 순으로 심사하여 낙찰자를 결정합니다.\n\n※ 물품구매 건으로 심사분야(물품납품이행능력) 중 기술능력은 입찰자 전부 만점을 부여합니다.""}]"
PPS-DEV-050,v8,중복제한 (실적+지역),resolved_fp,0,1,0,112890909,False,50,공고일 전 일부터 입찰일까지(낙찰자는 계약체결일까지) 전라남도 또는 경상남도에 주된 영업소를 둔 업체,,해소: AND 조건 미충족,기존은 지역 조건만 인용하며 실적 조건을 제시하지 않는다. 문서 대조에서도 실적 강제 조건을 확인하지 못했다.,"[{""doc_id"": ""D0"", ""line_start"": 123, ""line_end"": 123, ""text"": ""❍ 공고일 전 일부터 입찰일까지(낙찰자는 계약체결일까지) 전라남도 또는 경상남도에 주된 영업소를 둔 업체""}]"
PPS-DEV-050,v17,1억원 미만 일반물품 중소기업 제한,resolved_fp,0,1,0,112890909,True,50,「중소기업기본법」제2조에 따른 중소기업자 및 「소상공인 보호 및 지원에 관한 법률」제2조에 따른 소상공인으로서「중·소기업·소상공인 및 장애인기업 확인요령」에 따라 발급된 중·소기업·소상공인 확인서를 소지한 업체,,amount_band_screen,메타 추정가격이 동결된 해당 항목의 적용 금액대 밖이다. 원문 발췌는 cases.jsonl의 source_contexts에서 대조. 제품 지정·예외까지 확정한 판정은 아니다.,[]
PPS-DEV-050,v18,1억원 미만 일반물품 소기업 제한 없음,resolved_fp,0,1,0,112890909,True,50,,,amount_band_screen,메타 추정가격이 동결된 해당 항목의 적용 금액대 밖이다. 원문 발췌는 cases.jsonl의 source_contexts에서 대조. 제품 지정·예외까지 확정한 판정은 아니다.,[]
PPS-DEV-050,v24,공고서와 나라장터 입력값 상이,resolved_fp,0,1,0,112890909,False,50,공고일 전 일부터 입찰일까지(낙찰자는 계약체결일까지) 전라남도 또는 경상남도에 주된 영업소를 둔 업체,,정답 일치와 원문 해석의 긴장,"v24는 메타·문서 모순 탐지다. 메타 지역제한여부는 N인데 원문에는 전라남도 또는 경상남도 소재 제한이 명시된다. 기존은 원문 지역 조항을 인용했고 후보는 정답 0으로 바뀌었다. 비교 가능한 지역 메타를 어떻게 해석할지 재검토해야 하며, 의미적으로 올바른 오탐 해소라고 단정할 수 없다.","[{""doc_id"": ""D0"", ""line_start"": 123, ""line_end"": 123, ""text"": ""❍ 공고일 전 일부터 입찰일까지(낙찰자는 계약체결일까지) 전라남도 또는 경상남도에 주된 영업소를 둔 업체""}]"
PPS-DEV-051,v8,중복제한 (실적+지역),resolved_fp,0,1,0,245454545,False,51,③ 최근 5년 이내 이동형X선 투시장치(C-ARM) 장비 3억원 이상 대학병원에 납품한 실적이 있는 업체,,해소: AND 조건 미충족,특정 대학병원 납품 실적 조건은 있지만 지역 소재 자격을 확인하지 못했다. 납품 실적의 적법성 여부와 실적+지역 이중 제한은 별개다.,"[{""doc_id"": ""D0"", ""line_start"": 104, ""line_end"": 104, ""text"": ""③ 최근 5년 이내 이동형X선 투시장치(C-ARM) 장비 3억원 이상 대학병원에 납품한 실적이 있는 업체""}, {""doc_id"": ""D0"", ""line_start"": 103, ""line_end"": 106, ""text"": ""\n③ 최근 5년 이내 이동형X선 투시장치(C-ARM) 장비 3억원 이상 대학병원에 납품한 실적이 있는 업체\n\n④ 국내 제조품목 및 수입요건확인이 필요한 품목인 경우, 식품의약품안정청의 품목허가(신고) 확인 및 GMP 적합인증서 확인을 필한 업체. 단 대리점일 경우""}]"
PPS-DEV-051,v17,1억원 미만 일반물품 중소기업 제한,resolved_fp,0,1,0,245454545,True,51,"⑦ 『중소기업제품 구매촉진 및 판로지원에 관한 법률』 제4조, 같은 법 시행령 제2조의2 및 『소상공인 보호 및 지원에 관한 법률』제2조에 따른 중, 소기업 또는 소상공인으로서 ｢중소기업․소상공인 및 장애인기업 확인요령｣에 따라 발급된 중소기업․ 소상공인확인서 (입찰 마감일 전일까지 발급된 것으로 유효기간내에 있어야 함)를 소지한 업체",,amount_band_screen,메타 추정가격이 동결된 해당 항목의 적용 금액대 밖이다. 원문 발췌는 cases.jsonl의 source_contexts에서 대조. 제품 지정·예외까지 확정한 판정은 아니다.,[]
PPS-DEV-052,v6,"고시금액 미만 지역제한 시,군,구",resolved_fp,0,1,0,367272727,False,52,"다. 입찰공고일 전일[신규사업자(법인인 경우 법인등기일, 개인사업자인 경우 사업자등록일을 기준으로 한다)부터 계약체결일까지 법인등기부상 본점 소재지(개인사업자인 경우에는 사업자등록증 또는 관련 법령에 따른 허가・인가・면허・등록・신고 등에 관련된 서류에 기재된 사업장의 소재지)를 전라남도에 둔 자",,해소: 지역 단위 구분,기존에 인용한 소재지 조건은 도·광역시·특별시 단위다. 개별 기준 v6의 광역보다 좁은 지역 제한을 입증하지 않는다. 지역 제한의 금액 상한이나 복수 지역 확장은 다른 항목에서 판단해야 한다.,"[{""doc_id"": ""D0"", ""line_start"": 120, ""line_end"": 123, ""text"": ""\n다. 입찰공고일 전일[신규사업자(법인인 경우 법인등기일, 개인사업자인 경우 사업자등록일을 기준으로 한다)인 경우 입찰공고일 이후를 포함]부터 계약체결일까지 법인등기부상 본점 소재지(개인사업자인 경우에는 사업자등록증 또는 관련 법령에 따른 허가・인가・면허・등록・신고 등에 관련된 서류에 기재된 사업장의 소재지)를 전라남도에 둔 자\n\n마. 「중소기업제품 구매촉진 및 판로지원에 관한 법률」 제2조에 따른 중소기업자 및 「소상공인 보호 및 지원에 관한 법률」 제2조에 따른 소상공인으로서「중·소기업·소상공인 장애인기업 확인요령」에 따라 발급된 중·소기업·소상공인확인서를 소지한 업체""}]"
PPS-DEV-052,v15,1억 이상- 고시금액미만 소기업 제한,resolved_fp,0,1,0,367272727,True,52,"[조항호내용] [판로지원법 시행령] 중기업,소기업,소상공인 제한",,amount_band_screen,메타 추정가격이 동결된 해당 항목의 적용 금액대 밖이다. 원문 발췌는 cases.jsonl의 source_contexts에서 대조. 제품 지정·예외까지 확정한 판정은 아니다.,[]
PPS-DEV-052,v16,1억 이상- 고시금액미만 중소기업 제한 없음,resolved_fp,0,1,0,367272727,True,52,,,amount_band_screen,메타 추정가격이 동결된 해당 항목의 적용 금액대 밖이다. 원문 발췌는 cases.jsonl의 source_contexts에서 대조. 제품 지정·예외까지 확정한 판정은 아니다.,[]
PPS-DEV-052,v18,1억원 미만 일반물품 소기업 제한 없음,resolved_fp,0,1,0,367272727,True,52,,,amount_band_screen,메타 추정가격이 동결된 해당 항목의 적용 금액대 밖이다. 원문 발췌는 cases.jsonl의 source_contexts에서 대조. 제품 지정·예외까지 확정한 판정은 아니다.,[]
PPS-DEV-052,v23,현장설명회 (공고기간) * 계약방법 협상 + 계약법 지방만 적용,resolved_fp,0,1,0,367272727,False,52,4. 제안서 제출(접수) ① 일 시 : 2026. 4. 1.(수) ~ 2026. 4. 6.(월) 10:00 ~ 18:00,,해소: 설명회 대상·시점 구분,기존은 제안서 제출 기간만 인용한다. 실제 개최된 사전 설명회 날짜를 근거로 삼지 않았다. 메타도 규격가격동시입찰이다.,"[{""doc_id"": ""D0"", ""line_start"": 44, ""line_end"": 47, ""text"": ""\n4. 규격제안서 제출 및 평가\n\n가. 제안서 제출(접수)""}, {""doc_id"": ""D0"", ""line_start"": 46, ""line_end"": 49, ""text"": ""\n가. 제안서 제출(접수)\n\n① 일 시 : 2026. 4. 1.(수) ~ 2026. 4. 6.(월) 10:00 ~ 18:00""}]"
PPS-DEV-057,v1,참가자격 특정기관 제한,resolved_fp,0,1,0,272727273,False,57,입찰참가 자격: 3. 라. 입찰공절일 기준 법인등기부등본(개인사업자는 사업등록증명원) 상 주된 사무소 소재지가 경기도로 기재되어 있는 업체,,해소: 다른 제한과 혼동,주된 사무소가 경기도인 업체라는 조건은 지역 제한이며 대학 등 기관 유형을 제한한 근거가 아니다.,"[{""doc_id"": ""D0"", ""line_start"": 82, ""line_end"": 85, ""text"": ""\n라. 입찰공고일 기준 법인등기부등본(개인사업자는 사업등록증명원) 상 주된 사무소 소재지가 경기도로 기재되어 있는 업체\n\n마. 「국가종합전자조달시스템 입찰참가자격등록규정」에 따라 입찰참가자격등록 마감일시까지 국가종합전자조달시스템(나라장터)에 코팅머신(정부물품분류번호 2315150201)로 입찰참가 등록을 완료한 업체""}]"
PPS-DEV-057,v6,"고시금액 미만 지역제한 시,군,구",resolved_fp,0,1,0,272727273,False,57,라. 입찰공고일 기준 법인등기부등본(개인사업자는 사업등록증명원) 상 주된 사무소 소재지가 경기도로 기재되어 있는 업체,,해소: 지역 단위 구분,기존에 인용한 소재지 조건은 도·광역시·특별시 단위다. 개별 기준 v6의 광역보다 좁은 지역 제한을 입증하지 않는다. 지역 제한의 금액 상한이나 복수 지역 확장은 다른 항목에서 판단해야 한다.,"[{""doc_id"": ""D0"", ""line_start"": 83, ""line_end"": 83, ""text"": ""라. 입찰공고일 기준 법인등기부등본(개인사업자는 사업등록증명원) 상 주된 사무소 소재지가 경기도로 기재되어 있는 업체""}]"
PPS-DEV-057,v7,고시금액 미만 지역제한 인접 확대,resolved_fp,0,1,0,272727273,False,57,라. 입찰공고일 기준 법인등기부등본(개인사업자는 사업등록증명원) 상 주된 사무소 소재지가 경기도로 기재되어 있는 업체,,해소: 지역 확장 조건 없음,기존 근거는 하나의 광역 지역 소재 조건이다. 복수 지역으로 확장했거나 인접성·확장 사유를 위반했다는 근거가 아니다.,"[{""doc_id"": ""D0"", ""line_start"": 83, ""line_end"": 83, ""text"": ""라. 입찰공고일 기준 법인등기부등본(개인사업자는 사업등록증명원) 상 주된 사무소 소재지가 경기도로 기재되어 있는 업체""}, {""doc_id"": ""D0"", ""line_start"": 82, ""line_end"": 85, ""text"": ""\n라. 입찰공고일 기준 법인등기부등본(개인사업자는 사업등록증명원) 상 주된 사무소 소재지가 경기도로 기재되어 있는 업체\n\n마. 「국가종합전자조달시스템 입찰참가자격등록규정」에 따라 입찰참가자격등록 마감일시까지 국가종합전자조달시스템(나라장터)에 코팅머신(정부물품분류번호 2315150201)로 입찰참가 등록을 완료한 업체""}]"
PPS-DEV-057,v8,중복제한 (실적+지역),resolved_fp,0,1,0,272727273,False,57,라. 입찰공정일 기준 법인등기부등본(개인사업자는 사업등록증명원) 상 주된 사무소 소재지가 경기도로 기재되어 있는 업체,,정답 일치와 원문 해석의 긴장,"정답 0으로 바뀌었지만, 원문에는 경기도 소재 요건과 동등·유사 장비 납품 실적 요건이 함께 있다. 해소된 오탐을 모두 의미적으로 올바른 개선이라고 묶으면 안 되는 반례다. 예외 또는 라벨 정의를 재검토해야 한다.","[{""doc_id"": ""D0"", ""line_start"": 89, ""line_end"": 89, ""text"": ""사. 동등·유사 장비 납품 실적 보유 업체""}]"
PPS-DEV-057,v18,1억원 미만 일반물품 소기업 제한 없음,resolved_fp,0,1,0,272727273,True,57,,,amount_band_screen,메타 추정가격이 동결된 해당 항목의 적용 금액대 밖이다. 원문 발췌는 cases.jsonl의 source_contexts에서 대조. 제품 지정·예외까지 확정한 판정은 아니다.,[]
PPS-DEV-058,v17,1억원 미만 일반물품 중소기업 제한,resolved_fp,0,1,0,172727273,True,58,"[조항호내용] [판로지원법 시행령] 중기업,소기업,소상공인 제한",,amount_band_screen,메타 추정가격이 동결된 해당 항목의 적용 금액대 밖이다. 원문 발췌는 cases.jsonl의 source_contexts에서 대조. 제품 지정·예외까지 확정한 판정은 아니다.,[]
PPS-DEV-058,v18,1억원 미만 일반물품 소기업 제한 없음,resolved_fp,0,1,0,172727273,True,58,,,amount_band_screen,메타 추정가격이 동결된 해당 항목의 적용 금액대 밖이다. 원문 발췌는 cases.jsonl의 source_contexts에서 대조. 제품 지정·예외까지 확정한 판정은 아니다.,[]
PPS-DEV-059,v1,참가자격 특정기관 제한,resolved_fp,0,1,0,83454545,False,59,"공고일 기준 최근 3년 이내 공공기관(국가,지 지자체,공기업 포함) 통근버스 운행 실적이 2억원 이상 있는 업체만 참가 자격이 있습니다.",,해소: 다른 제한과 혼동,공공기관 통근버스 운행 실적 조건은 과거 실적에 대한 조건이다. 입찰자 자체를 공공기관 등 특정 기관 유형으로 제한하는 내용이 아니다.,"[{""doc_id"": ""D0"", ""line_start"": 62, ""line_end"": 65, ""text"": ""\n◦ 공고일 기준 최근 3년 이내 공공기관(국가,지자체,공기업 포함) 통근버스 운행 실적이 2억원 이상 있는 업체만 참가 자격이 있습니다.\n\n◦ 공동이행 방식으로 공동수급체 구성하여 입찰 참여 가능하며 업체별 최소 지분율은 2% 이상, 구성원 수는 5인 이하이어야 합니다.""}]"
PPS-DEV-060,v14,고시금액 이상 일반물품 중소기업 제한,resolved_fp,0,1,0,541636364,False,60,"3. 입찰 참가 자격 가. 5) 본 사업은 단독입찰만 허용하며, 공동수급(공동이행)을 허용하지 않음",,해소: 기존 근거의 항목 혼동,기존은 단독입찰·공동수급 불허를 v14 근거로 인용했다. 이는 SME-only 자체를 입증하지 않는다. 원문에 행사대행 세부품명 및 직접생산 요건도 있으므로 제품 지정 범위가 별도 쟁점이다.,"[{""doc_id"": ""D0"", ""line_start"": 21, ""line_end"": 21, ""text"": ""4) ｢중소기업제품 구매촉진 및 판로지원에 관한 법률｣ 제6조, 제8조, 제9조 및 동법 시행령 제9조에 의한 유자격자로서 전시회기획 및 대행서비스(세부 제품 번호: 8014198801) 혹은 국제행사기획 및 대행서비스(세부 제품 번호: 8014198901) 혹은 기타행사기획 및 대행서비스(세부 제품 번호: 8014199001) 품목 등에 대한 직접생산증명서를 소지한 업체""}]"
PPS-DEV-061,v14,고시금액 이상 일반물품 중소기업 제한,resolved_fp,0,1,0,72727273,True,61,재위탁 및 공동수급 참여 불가,,amount_band_screen,메타 추정가격이 동결된 해당 항목의 적용 금액대 밖이다. 원문 발췌는 cases.jsonl의 source_contexts에서 대조. 제품 지정·예외까지 확정한 판정은 아니다.,[]
PPS-DEV-061,v17,1억원 미만 일반물품 중소기업 제한,resolved_fp,0,1,0,72727273,False,61,면허업종제한목록: [기타자유업(행사대행업)(9901)]업종 또는 [기타자유업종(9999)],,해소: 중기업 허용의 증거 없음,기존은 메타의 소기업·소상공인 제한 또는 행사대행 면허를 근거로 중기업 허용 위반을 출력했다. 제공 문서에서 SME 전체에 참가자격을 넓혔다는 조건을 찾지 못했다. 규모 조건 자체가 없는 경우 v18의 부재 문제와 v17의 명시적 중기업 허용 문제는 다르다.,"[{""doc_id"": ""D0"", ""line_start"": 36, ""line_end"": 39, ""text"": ""\n3. 참가자격\n\n가. 지방자치단체를 당사자로 하는 계약에 관한 법률 시행령 제13조 및 동시행규칙 제14조에 의한 경쟁 입찰 참가자격이 있는 업체로서 아래의 각 요건을 충족하는 업체""}, {""doc_id"": ""D0"", ""line_start"": 38, ""line_end"": 41, ""text"": ""\n가. 지방자치단체를 당사자로 하는 계약에 관한 법률 시행령 제13조 및 동시행규칙 제14조에 의한 경쟁 입찰 참가자격이 있는 업체로서 아래의 각 요건을 충족하는 업체\n\n나. 다음 각 호의 자격을 모두 충족해야 함.""}]"
PPS-DEV-062,v8,중복제한 (실적+지역),resolved_fp,0,1,0,227272727,False,62,"2) 공고일 전일 기준 최근 5년 이내 국가,정부투자기관에서 시행한 단일 건 3억 원(VAT포함) 이상의 축제, 공연 등 문화행사 수행실적이 있어야 합니다.",,해소: AND 조건 미충족,특정 발주처의 행사 수행 실적은 있지만 업체의 지역 소재 제한을 확인하지 못했다. 사업이 개최되는 지역은 업체 소재 자격과 다르다.,"[{""doc_id"": ""D0"", ""line_start"": 47, ""line_end"": 47, ""text"": ""2) 공고일 전일 기준 최근 5년 이내 국가,정부투자기관에서 시행한 단일 건 3억 원(VAT포함) 이상의 축제, 공연 등 문화행사 수행실적이 있어야 합니다.""}, {""doc_id"": ""D0"", ""line_start"": 46, ""line_end"": 49, ""text"": ""\n2) 공고일 전일 기준 최근 5년 이내 국가,정부투자기관에서 시행한 단일 건 3억 원(VAT포함) 이상의 축제, 공연 등 문화행사 수행실적이 있어야 합니다.\n\n3) 공동수급(공동이행) 방식으로 참여하는 경우 공동수급체 구성원은 주 사업자(대표사)를 명시한 공동수급 협정서를 반드시 제출하여야 합니다.""}]"
PPS-DEV-064,v20,입찰참가자격 (SW),resolved_fp,0,1,0,685513855,False,64,,,해소: 참여 제한 근거 존재,소프트웨어진흥법 제48조 사업금액별 참여 제한과 관련 시행령·공정거래법 적용 및 SME 확인을 참가자격에 적었다. 제한의 근거조차 전혀 없다고 판단한 기존 출력은 부정확하다. 상세 규모 조건까지 충분한지는 별도 문제다.,"[{""doc_id"": ""D0"", ""line_start"": 43, ""line_end"": 48, ""text"": ""2. 입찰참가자격\n가. 국가를 당사자로 하는 계약에 관한 법률(이하 '국가계약법' 이라함)시행령 제12조 및 같은 법 시행규칙 제14조에 의한 유자격업체로서 아래의 자격을 갖춘 업체\n1) 소프트웨어진흥법 제58조 및 같은 법 시행령 제53조에 따른 ‘소프트웨어사업자(컴퓨터 관련 서비스사업)’로 신고한 업체\n※ 소프트웨어진흥법 제48조에 따른 소프트웨어사업자의 사업금액별 참여 제한\n※ 소프트웨어진흥법 시행령 제21조 및 제41조, 독점규제 및 공정거래에 관한 법률 제31조 적용\n※ 중소기업 확인은 중소기업 공공구매정보망(www.smpp.go.kr)을 활용하여 확인하므로, 등록마감일시까지 공공구매정보망에서 확인 가능하여야 함""}]"
PPS-DEV-067,v5,고시금액 이상 지역제한,resolved_fp,0,1,0,138045455,False,67,"입찰공고일 전일부터(법인인 경우 법인 등기일, 개인사업자인 경우 사업자등록일 기준, 공고 후 신규사업자는 공고일 이후 포함) 입찰일(계약상대자는 계약체결일)까지 주된 영업소가 서울특별시에 소재한 업체",,해소: 금액 상한 위반 근거 부족,"추정가격은 약 0.29~1.61억원 구간으로, 인용된 지역 조건 자체가 적용 상한을 초과했음을 보여주지는 않는다. 특히 메타 또는 기관 주소 인용은 충분한 근거가 아니다. 지방계약의 정확한 상한은 기관 구분을 추가로 확인해야 하며 미확정 고시액을 임의의 2.3억원으로 대체하지 않았다.","[{""doc_id"": ""D0"", ""line_start"": 81, ""line_end"": 81, ""text"": ""바. 입찰공고일 전일부터(법인인 경우 법인 등기일, 개인사업자인 경우 사업자등록일 기준, 공고 후 신규사업자는 공고일 이후 포함) 입찰일(계약상대자는 계약체결일)까지 주된 영업소가 서울특별시에 소재한 업체""}, {""doc_id"": ""D0"", ""line_start"": 44, ""line_end"": 47, ""text"": ""\n∘ 추정가격 138,045,454원 + 부가가치세 13,804,546원\n\n※ 용역(과업)내용에 변동이 발생할 경우 추후 변경계약을 통해 계약금액이 조정됨.""}, {""doc_id"": ""D0"", ""line_start"": 80, ""line_end"": 83, ""text"": ""\n바. 입찰공고일 전일부터(법인인 경우 법인 등기일, 개인사업자인 경우 사업자등록일 기준, 공고 후 신규사업자는 공고일 이후 포함) 입찰일(계약상대자는 계약체결일)까지 주된 영업소가 서울특별시에 소재한 업체\n\n※ 제한사유: 실내 공기질 측정 대행 업무의 효율성과 접근용이성""}]"
PPS-DEV-067,v18,1억원 미만 일반물품 소기업 제한 없음,resolved_fp,0,1,0,138045455,True,67,,,amount_band_screen,메타 추정가격이 동결된 해당 항목의 적용 금액대 밖이다. 원문 발췌는 cases.jsonl의 source_contexts에서 대조. 제품 지정·예외까지 확정한 판정은 아니다.,[]
PPS-DEV-071,v15,1억 이상- 고시금액미만 소기업 제한,resolved_fp,0,1,0,427272727,True,71,「중소기업기본법」 제2조에 따른 중·소기업자 또는 「소상공인 보호 및 지원에 관한 법률」 제2조에 따른 소상공인으로서 중·소기업 범위 및 확인에 관한 규정에 따라 발급된 중·소기업 또는 소상공인확인서를 소지한 업체,,amount_band_screen,메타 추정가격이 동결된 해당 항목의 적용 금액대 밖이다. 원문 발췌는 cases.jsonl의 source_contexts에서 대조. 제품 지정·예외까지 확정한 판정은 아니다.,[]
PPS-DEV-071,v16,1억 이상- 고시금액미만 중소기업 제한 없음,resolved_fp,0,1,0,427272727,True,71,,,amount_band_screen,메타 추정가격이 동결된 해당 항목의 적용 금액대 밖이다. 원문 발췌는 cases.jsonl의 source_contexts에서 대조. 제품 지정·예외까지 확정한 판정은 아니다.,[]
PPS-DEV-077,v6,"고시금액 미만 지역제한 시,군,구",resolved_fp,0,1,0,88090909,False,77,낙찰자는 계약체결일까지 주된 영업소의 소재지를 강원특별자치도 내에 둔 사업자로 제한하며,,해소: 지역 단위 구분,기존에 인용한 소재지 조건은 도·광역시·특별시 단위다. 개별 기준 v6의 광역보다 좁은 지역 제한을 입증하지 않는다. 지역 제한의 금액 상한이나 복수 지역 확장은 다른 항목에서 판단해야 한다.,"[{""doc_id"": ""D0"", ""line_start"": 39, ""line_end"": 39, ""text"": ""가. ｢지방자치단체를 당사자로 하는 계약에 관한 법률 시행령｣ 제13조 및 동법시행규칙 제14조에 의거 입찰의 참가자격을 갖춘 자로, 입찰공고일 전일부터 입찰일(낙찰자는 계약체결일까지 주된 영업소의 소재지를 강원특별자치도 내에 둔 사업자로 제한하며, 동법 시행령 제92조 및 동법 시행규칙 제76조에 해당되지 않은 업체""}, {""doc_id"": ""D0"", ""line_start"": 38, ""line_end"": 41, ""text"": ""\n가. ｢지방자치단체를 당사자로 하는 계약에 관한 법률 시행령｣ 제13조 및 동법시행규칙 제14조에 의거 입찰의 참가자격을 갖춘 자로, 입찰공고일 전일부터 입찰일(낙찰자는 계약체결일까지 주된 영업소의 소재지를 강원특별자치도 내에 둔 사업자로 제한하며, 동법 시행령 제92조 및 동법 시행규칙 제76조에 해당되지 않은 업체\n\n나. 「중소기업제품 구매촉진 및 판로지원에 관한 법률」에 의한 중소기업으로서, 소기업 ․ 소상공인확인서(중소기업현황 정보시스템 발급 또는 지방중소기업청 발급)를 소지한 업체이면서, 기타행사기획 및 대행서비스 부문의 직접생산확인증명서를 소지한 업체.""}]"
PPS-DEV-077,v23,현장설명회 (공고기간) * 계약방법 협상 + 계약법 지방만 적용,resolved_fp,0,1,0,88090909,False,77,공고기간 : 2026. 04. 02.(목) ~ 2026. 04. 13.(월) (12일간.),,해소: 설명회 대상·시점 구분,제안설명 PPT와 그 직후 심사가 같은 날에 배치된다. 평가 발표를 사전 설명회로 구분해야 한다. 기존 근거는 공고기간뿐이다.,"[{""doc_id"": ""D0"", ""line_start"": 56, ""line_end"": 59, ""text"": ""\n바. 제안설명(PPT) : 2026. 04. 20.(월) 14:00~\n\n사. 심 사 : 2026. 04. 20.(월) 제안설명 직후""}, {""doc_id"": ""D0"", ""line_start"": 58, ""line_end"": 61, ""text"": ""\n사. 심 사 : 2026. 04. 20.(월) 제안설명 직후\n\n아. 심사결과발표 : 2026. 04. 20.(월) 심사 후 개별통지 예정""}]"
PPS-DEV-079,v6,"고시금액 미만 지역제한 시,군,구",resolved_fp,0,1,0,154545455,False,79,3. 입찰참가자격 가. 1) ... 물품을 직접 생산하거나 생업체로부터 공급받아 납품 할 수 있는 업체로서 전북 관내에 사업장 소재지가 있는 업체 5) 본 사업은 전북특별자치도 내 본사를 둔 사업에 한해서 입찰 가능,,해소: 지역 단위 구분,기존에 인용한 소재지 조건은 도·광역시·특별시 단위다. 개별 기준 v6의 광역보다 좁은 지역 제한을 입증하지 않는다. 지역 제한의 금액 상한이나 복수 지역 확장은 다른 항목에서 판단해야 한다.,"[{""doc_id"": ""D0"", ""line_start"": 49, ""line_end"": 49, ""text"": ""5) 본 사업은 전북특별자치도 내 본사를 둔 사업에 한해서 입찰 가능""}]"
PPS-DEV-079,v11,중기간 경쟁제품 입찰 중소 없음,resolved_fp,0,1,0,154545455,False,79,,,해소: 원문에 이미 요건 존재,확인서·기업 규모 자격이 실제로 원문에 있다. 이를 없는 것으로 처리했던 기존 1을 후보가 0으로 바꿨다. 소기업·소상공인 제한도 중소기업 범위를 제한하므로 v11/v16의 부재와는 구분해야 한다.,"[{""doc_id"": ""D0"", ""line_start"": 51, ""line_end"": 53, ""text"": ""6) 「중소기업기본법」제2조에 따른 소기업자 및 「소상공인 보호 및 지원에 관한 법률」\n제2조에 따른 소상공인으로서 「중소기업 범위 및 확인에 관한 규정」에 따라 발급된\n<소기업 또는 소상공인 확인서>를 소지한 업체""}]"
PPS-DEV-079,v16,1억 이상- 고시금액미만 중소기업 제한 없음,resolved_fp,0,1,0,154545455,False,79,,,해소: 원문에 이미 요건 존재,확인서·기업 규모 자격이 실제로 원문에 있다. 이를 없는 것으로 처리했던 기존 1을 후보가 0으로 바꿨다. 소기업·소상공인 제한도 중소기업 범위를 제한하므로 v11/v16의 부재와는 구분해야 한다.,"[{""doc_id"": ""D0"", ""line_start"": 51, ""line_end"": 53, ""text"": ""6) 「중소기업기본법」제2조에 따른 소기업자 및 「소상공인 보호 및 지원에 관한 법률」\n제2조에 따른 소상공인으로서 「중소기업 범위 및 확인에 관한 규정」에 따라 발급된\n<소기업 또는 소상공인 확인서>를 소지한 업체""}]"
PPS-DEV-082,v18,1억원 미만 일반물품 소기업 제한 없음,resolved_fp,0,1,0,1363727273,True,82,,,amount_band_screen,메타 추정가격이 동결된 해당 항목의 적용 금액대 밖이다. 원문 발췌는 cases.jsonl의 source_contexts에서 대조. 제품 지정·예외까지 확정한 판정은 아니다.,[]
PPS-DEV-084,v5,고시금액 이상 지역제한,resolved_fp,0,1,0,160909091,False,84,"지역제한여부: Y, 제한지역코드목록: 서울특별시, 경기도",,해소: 금액 상한 위반 근거 부족,"추정가격은 약 0.29~1.61억원 구간으로, 인용된 지역 조건 자체가 적용 상한을 초과했음을 보여주지는 않는다. 특히 메타 또는 기관 주소 인용은 충분한 근거가 아니다. 지방계약의 정확한 상한은 기관 구분을 추가로 확인해야 하며 미확정 고시액을 임의의 2.3억원으로 대체하지 않았다.","[{""doc_id"": ""D0"", ""line_start"": 102, ""line_end"": 105, ""text"": ""\n아. 낙찰방법: 적격심사(추정가격 고시금액 미만 구매입찰)\n\n자. 납품기간: 2026.7.1.~2026.10.31.""}, {""doc_id"": ""D0"", ""line_start"": 110, ""line_end"": 113, ""text"": ""\n카. 추정가격: 금160,909,091원(금일억육천구십만구천구십일원)(※부가세 별도)\n\n타. 기타사항: 공동계약불가""}]"
PPS-DEV-084,v14,고시금액 이상 일반물품 중소기업 제한,resolved_fp,0,1,0,160909091,True,84,중기업·소기업·소상공인 확인서가 중소기업제품 공공구매 종합정보망(www.smpp.go.kr)에서 확인되지 않거나 발급된 중기업·소기업·소상공인확인서가 입찰참가자격의 기업 구분과 다른 경우에는 입찰참가자격 없음,,amount_band_screen,메타 추정가격이 동결된 해당 항목의 적용 금액대 밖이다. 원문 발췌는 cases.jsonl의 source_contexts에서 대조. 제품 지정·예외까지 확정한 판정은 아니다.,[]
PPS-DEV-088,v5,고시금액 이상 지역제한,resolved_fp,0,1,0,122727273,False,88,"[지역:r1|단위=기초|광역=경상북도] [지역:r2|단위=읍면동][상세주소], 경북 [기관(광역자치단체)] | [그림]| TEL. ([전화번호] FAX. ([팩스번호]) | 입찰참가자격: 입찰공고일 전일...부터 입찰일까지... 법인등기부상 본점 소재지를 계속하여 경상북도에 두고 있는 업체",,해소: 금액 상한 위반 근거 부족,"추정가격은 약 0.29~1.61억원 구간으로, 인용된 지역 조건 자체가 적용 상한을 초과했음을 보여주지는 않는다. 특히 메타 또는 기관 주소 인용은 충분한 근거가 아니다. 지방계약의 정확한 상한은 기관 구분을 추가로 확인해야 하며 미확정 고시액을 임의의 2.3억원으로 대체하지 않았다.","[{""doc_id"": ""D0"", ""line_start"": 42, ""line_end"": 45, ""text"": ""- 국가종합전자조달시스템 입찰참가자격 등록규정에 의하여 나라장터에 전자입찰서 제출마감일 전일까지 GPS수신기(세부품명번호:5216151801), 거리측정기(세부품명번호:4111161302), 드론(세부품명번호:2513189901)을 제조 또는 공급으로 입찰참가 등록한 업체로서 동법 시행령 제92조(부정당업자의 입찰참가자격 제한) 규정에 따라 입찰 참가자격을 제한받지 아니한 업체\n※ 본 사업의 ‘드론’은 중소기업 간 경쟁제품에 해당하나 추정가격 1천만 원 미만으로, 직접생산확인증명서를 별도로 요구하지 않습니다.\n- 입찰공고일 전일[신규사업자(법인인 경우 법인등기일, 개인사업자인 경우 사업자등록일을 기준으로 한다.)인 경우 입찰공고일 이후를 포함한다.]부터 입찰일까지(다만, 낙찰자의 경우 계약체결일)까지 법인등기부상 본점 소재지(개인사업자인 경우에는 사업자등록증 또는 관련 법령에 따른 허가·인가·면허·등록·신고 등에 관련된 서류에 기재된 사업장의 소재지)를 계속하여 경상북도에 두고 있는 업체\n- 「중소기업기본법」에 따른 중소기업 또는「소상공인 보호 및 지원에 관한 법률」에 따른 소상공인으로서 「중소기업 범위 및 확인에 관한 규정」에 따라 발급된 중소기업․소상공인 확인서를 소지한 업체""}, {""doc_id"": ""D0"", ""line_start"": 43, ""line_end"": 46, ""text"": ""※ 본 사업의 ‘드론’은 중소기업 간 경쟁제품에 해당하나 추정가격 1천만 원 미만으로, 직접생산확인증명서를 별도로 요구하지 않습니다.\n- 입찰공고일 전일[신규사업자(법인인 경우 법인등기일, 개인사업자인 경우 사업자등록일을 기준으로 한다.)인 경우 입찰공고일 이후를 포함한다.]부터 입찰일까지(다만, 낙찰자의 경우 계약체결일)까지 법인등기부상 본점 소재지(개인사업자인 경우에는 사업자등록증 또는 관련 법령에 따른 허가·인가·면허·등록·신고 등에 관련된 서류에 기재된 사업장의 소재지)를 계속하여 경상북도에 두고 있는 업체\n- 「중소기업기본법」에 따른 중소기업 또는「소상공인 보호 및 지원에 관한 법률」에 따른 소상공인으로서 「중소기업 범위 및 확인에 관한 규정」에 따라 발급된 중소기업․소상공인 확인서를 소지한 업체\n※‘중소기업․ 소상공인확인서’는 적격심사서류 제출 마감일 전일까지 제출하여야 하며, 적격심사서류 제출 마감일까지 발급된 것으로 유효기간 내에 있어야 합니다.""}, {""doc_id"": ""D1"", ""line_start"": 20, ""line_end"": 23, ""text"": ""- 「국가종합전자조달시스템 입찰참가자격등록 규정」에 의하여 입찰서 제출 마감일 전일까지 국가종합전자조달시스템(나라장터)에 GPS수신기(G2B 물품분류번호 10자리 5216151801), 거리측정기(4111161302), 드론(2513189901)을 제조 또는 공급물품으로 입찰참가 등록한 업체이어야 한다.\n- 입찰공고일 전일까지 주된 영업소의 소재지를 경상북도에 둔 업체이어야 한다. (낙찰자는 계약 체결 시까지 소재지를 유지하여야 함)\n- 납품 물품의 원제조사가 아닐 경우 해당 물품의 제조사 또는 공급사(국내지사가 있는 경우 국내지사)가 발행하는 물품공급확약서(공급자증명원) 및 기술지원(A/S)확약서를 계약 시 제출 가능한 업체이어야 한다.\n- 「소프트웨어 진흥법」 제48조에 따라 ‘상호출자제한기업집단 소속회사’는 입찰에 참여할 수 없다.""}]"
PPS-DEV-088,v9,과업지시서 특정 모델명 명시,resolved_fp,0,1,0,122727273,False,88,"수신기는 Maxwell 7칩이 내장된 Pro-point 처리기술을 이용하여 GPS(L1C/A, L2C, L2E, L5)GLONASS(L1C/A, L1P, L2C/A, L2P, L3), SBAS(L1C/A, L5), Galileo(GIOVE-A, GIOVE-B, E1, E5a, E5B) 및 COMPASS(B1, B2, B3) 수신이 가능한 672채널 이상 제품이여야 한다. / 2. 수신기는 듀얼밴드(450/900MHZ) UHF 라디오를 이용한 RTK 측량 필요시 송수신이 가능해야 하며, 무선 및 전자파적합등록(MIC)이 되어 있는 제품이여야 한다. / 3. 수신기는 Pro-point 신호처리 엔진이 탑재되어 있어, 멀티패스가 심한 환경에서도 빠른 선점 및 정밀한 측정이 가능한 제품이여야 한다. / 4. 수신기는 외부 장치 없이 스스로 수평을 탐지한 후, 자동 측정이 가능한 전자기포(e-bubble)를 갖고 있는 제품이여야 하며, 이를 이용한 경사측정이 가능한 제품이어야 한다. / 5.",,해소: 동등품 허용,규격서 여러 곳에 제시 기준과 동등하거나 그 이상인 장비를 허용한다. 고유 기술명만 인용해 특정 모델 배제로 단정할 수 없으며 실질적 대체 가능성은 별도 확인 대상이다.,"[{""doc_id"": ""D2"", ""line_start"": 100, ""line_end"": 100, ""text"": ""1. 규격서는 기준을 제시한 것으로 규격서 상의 기준과 동등하거나 그 이상인 장비를 납품하여야 한다.""}, {""doc_id"": ""D2"", ""line_start"": 227, ""line_end"": 227, ""text"": ""1. 규격서는 기준을 제시한 것으로 규격서 상의 기준과 동등하거나 그 이상인 장비를 납품하여야 한다.""}]"
PPS-DEV-088,v19,물품공급 확약서 입찰 시 제출,resolved_fp,0,1,0,122727273,False,88,나. 계약 시 각 물품 제조·기술지원사의 “물품공급(공급자증명원) 및 기술지원(A/S) 확약서”를 발급받아 제출하여야 합니다.,,해소: 계약 시점 구분,확약서를 계약 시 발급받아 제출하도록 하므로 개별 기준에서 제외하는 낙찰 후 단계다. 입찰 전 발급·제출과 구분하는 개선이다.,"[{""doc_id"": ""D0"", ""line_start"": 58, ""line_end"": 58, ""text"": ""나. 계약 시 각 물품 제조·기술지원사의 “물품공급(공급자증명원) 및 기술지원(A/S) 확약서”를 발급받아 제출하여야 합니다.""}]"
PPS-DEV-093,v11,중기간 경쟁제품 입찰 중소 없음,resolved_fp,0,1,0,90000000,False,93,,,해소: 원문에 이미 요건 존재,확인서·기업 규모 자격이 실제로 원문에 있다. 이를 없는 것으로 처리했던 기존 1을 후보가 0으로 바꿨다. 소기업·소상공인 제한도 중소기업 범위를 제한하므로 v11/v16의 부재와는 구분해야 한다.,"[{""doc_id"": ""D0"", ""line_start"": 45, ""line_end"": 48, ""text"": ""다. 「중소기업기본법」제2조에 따른 중소기업자 또는「소상공인 보호 및 지원에 관 한 법률」제2조에 따른 소상공인으로서「중소기업 범위 및 확인에 관한 규정」에 따라 발급된 중·소기업·소상공인 확인서(계약체결일까지 발급된 것으로 유효기간 내에 있어야 함)를 소지한 업체\nㅇ ‘확인서’가 중소기업제품 공공구매 종합정보망(http://www.smpp.go.kr)에서 확인(전자입찰서 제출 마감일 전일까지 발급된 것으로 유효기간 내에 있는 것이 있어야 함)이 안 될 경우 입찰참가 자격이 없습니다. 자격이 없음에도 응찰시 낙찰자 결정 대상에 제외 됩니다. ㅇ ‘확인서’를 전자입찰서 제출 마감일 전까지 신청한 사항이 확인된 업체는 입찰참가가 가능하나 다음 중 어느 하나에 해당하는 경우에는 입찰참가자격이 없습니다. - 제안서 제출 마감일부터 5일 이내에 중소기업공공구매 종합정보망에서 확인이 되지 않는 경우 - 발급된 중소기업ㆍ소상공인확인서가 입찰참가자격의 기업 구분과 다른 경우 - 발급된 중소기업ㆍ소상공인확인서의 유효기간 시작일이 전자입찰서 제출 마감일 이후인 경우 - 전자입찰서 제출 마감일 이후 중소기업ㆍ소상공인확인서를 신청한 경우\n라. 「국가종합전자조달시스템 입찰참가자격등록규정」에 의하여 반드시 나라장터(G2B)에 입찰서 제출마감일 전일까지 기타자유업(행사대행업_업종코드 : 9901) 또는 기타자유업종(업종코드 : 9999)으로 입찰 참가 자격을 등록한 자\n마. 「중소기업제품 구매촉진 및 판로지원에 관한 법률」제9조 및 같은 법 시행령 제10조에 의한 직접생산확인증명서 (\""기타행사기획및대행서비스\"", 세부품명번호 : 8014199001) 소지한 자""}]"
PPS-DEV-094,v16,1억 이상- 고시금액미만 중소기업 제한 없음,resolved_fp,0,1,0,1,True,94,,,amount_band_screen,메타 추정가격이 동결된 해당 항목의 적용 금액대 밖이다. 원문 발췌는 cases.jsonl의 source_contexts에서 대조. 제품 지정·예외까지 확정한 판정은 아니다.,[]
PPS-DEV-095,v6,"고시금액 미만 지역제한 시,군,구",resolved_fp,0,1,0,58909091,False,95,라. 입찰 공고일 전일부터 입찰일(낙찰자는 계약 체결일)까지 법인등기부상 본점소재지(개인사업자인 경우에는 사업자등록증 또는 관련 법령에 따른 허가·인가·면허·등록·신고 등에 관련된 서류에 기재된 사업장의 소재지를 말한다)가 전라남도내에 소재한 업체,,해소: 지역 단위 구분,기존에 인용한 소재지 조건은 도·광역시·특별시 단위다. 개별 기준 v6의 광역보다 좁은 지역 제한을 입증하지 않는다. 지역 제한의 금액 상한이나 복수 지역 확장은 다른 항목에서 판단해야 한다.,"[{""doc_id"": ""D0"", ""line_start"": 93, ""line_end"": 93, ""text"": ""라. 입찰 공고일 전일부터 입찰일(낙찰자는 계약 체결일)까지 법인등기부상 본점소재지(개인사업자인 경우에는 사업자등록증 또는 관련 법령에 따른 허가·인가·면허·등록·신고 등에 관련된 서류에 기재된 사업장의 소재지를 말한다)가 전라남도내에 소재한 업체""}, {""doc_id"": ""D0"", ""line_start"": 92, ""line_end"": 95, ""text"": ""\n라. 입찰 공고일 전일부터 입찰일(낙찰자는 계약 체결일)까지 법인등기부상 본점소재지(개인사업자인 경우에는 사업자등록증 또는 관련 법령에 따른 허가·인가·면허·등록·신고 등에 관련된 서류에 기재된 사업장의 소재지를 말한다)가 전라남도내에 소재한 업체\n\n마. ｢지방자치단체를 당사자로 하는 계약에 관한 법률｣ 제31조의5 및 같은 법 시행령 제93조 제1항에 따라 ‘조세포탈 등을 한 자’로서 유죄 판결이 확정된 날부터 2년이 지나지 아니한 자는 입찰에 참여할 수 없습니다. 입찰자는 입찰 시 같은 법 시행령 제93조제1항에 해당하지 아니한다는 서약서를 제출하여야 합니다. 다만, 나라장터 시스템을 이용하여 전자 입찰 시 전자입찰서에 서약서의 내용을 포함하고 있는 경우 전자입찰서 제출로 서약서 제출을 갈음합니다.""}]"
PPS-DEV-096,v9,과업지시서 특정 모델명 명시,resolved_fp,0,1,0,136363636,False,96,"제안요청서의 3. 성능 및 규격 가. 특 징 1. 본 주사전자현미경(SEM)은 설치공간과 주변 외부환경에 대한 제약이 적으며 Tabletop 형태의 소형화된 장비이다. 2. 고 진공 펌프(Turbo Molecular Pump)를 기본장착 하여, 대기시간부터 진공이 완료되는 시점은 90초 이내이다. 보조펌프로는 Rotary Oil Pump 를 사용하며 오일교환이 단순하다. 3. SE(2차전자) 디텍터와 BSE(후방산란전자) 디텍터가 기본으로 장착되어 있으며, 고진공과 저진공 모드에서 분석이 가능하다. 4. 이 장비는 시료의 위치를 확인하기 위하여 스테이지(X,Y,R,Z,T) 이동 축을 사용하며, 5개의 이동 축에 모터를 장착해서 키보드 및 마우스로 이동이 가능하며, Navigation Camera가 장착되어 시편 위치를 빠르고 정확하게 이동할 수 있다. 5. 3D렌더링 기능을 기본 포함하고 있어 촬영 된 SEM Image를 3D Image로 구현이 가능하다. 6. 대면적스켄 기능을基本",,해소: 성능 설명과 모델 제한 구분,기존은 SEM의 일반적인 특성·성능 사양을 긴 문구로 인용했다. 특정 브랜드·모델의 강제 배제를 직접 입증하지 않으며 유일 제품으로 사실상 귀결되는지는 별도 검토가 필요하다.,"[{""doc_id"": ""D1"", ""line_start"": 69, ""line_end"": 72, ""text"": ""\n1. 본 주사전자현미경(SEM)은 설치공간과 주변 외부환경에 대한 제약이 적으며 Tabletop 형태의 소형화된 장비이다.\n\n2. 고 진공 펌프(Turbo Molecular Pump)를 기본장착 하여, 대기시간부터 진공이 완료되는 시점은 90초 이내이다. 보조펌프로는 Rotary Oil Pump 를 사용하며 오일교환이 단순하다.""}]"
PPS-DEV-096,v23,현장설명회 (공고기간) * 계약방법 협상 + 계약법 지방만 적용,resolved_fp,0,1,0,136363636,False,96,4. 제안요청 설명회 : 생략(서면평가 진행),,해소: 설명회 없음,설명회를 생략하고 서면평가한다고 명시했다. 개최된 사전 설명회와 제안서 마감 사이의 간격을 계산할 대상이 없다.,"[{""doc_id"": ""D0"", ""line_start"": 185, ""line_end"": 185, ""text"": ""4. 제안요청서 설명회 : 생략(서면평가 진행)""}]"
PPS-DEV-097,v14,고시금액 이상 일반물품 중소기업 제한,resolved_fp,0,1,0,85486364,True,97,추정가격 2천만원 초과 1억원 이하 물품·용역(소기업 소상공인 계약),,amount_band_screen,메타 추정가격이 동결된 해당 항목의 적용 금액대 밖이다. 원문 발췌는 cases.jsonl의 source_contexts에서 대조. 제품 지정·예외까지 확정한 판정은 아니다.,[]
PPS-DEV-097,v18,1억원 미만 일반물품 소기업 제한 없음,resolved_fp,0,1,0,85486364,False,97,,,정답 일치·적용 범위 추가 판정,폐석면 처리 용역이고 소기업 자격은 원문에서 찾지 못했다. 단가 186만원과 전체 추정가격 약 8549만원을 혼동해서는 안 된다. 업종의 우선조달 적용·예외를 더 확인해야 후보 0의 의미적 타당성을 판단할 수 있다.,"[{""doc_id"": ""D0"", ""line_start"": 11, ""line_end"": 14, ""text"": ""마. 기 초 금 액 : 금2,046,000원(추정가격 1,860,000원, 부가가치세 186,000원)\n바. 용역예정금액 : 금94,035,000원(부가세포함)\n※ 추정물량 : 최종처리+운반 : 115.2ton, 고형화처리+운반 : 6.06ton\n([수요기관(지방정부)] 예산사정에 따라 변동될 수 있습니다.)""}, {""doc_id"": ""D0"", ""line_start"": 29, ""line_end"": 32, ""text"": ""중간처분업(지정폐기물)과 폐기물최종처분업(지정폐기물) 허가를 갖춘 업체로서\n허가증에 영업대상품목이 폐석면으로 필히 기재되어 있어야 합니다.\n※ 낙찰자는 계약 체결 시 까지 당해 자격을 계속 유지하여야 합니다.\n나. 조달청 전자입찰 참가자격을 등록하고 전자입찰 이용자 등록을 한 업체여야""}, {""doc_id"": ""D1"", ""line_start"": 1, ""line_end"": 4, ""text"": ""『 2026년 슬레이트처리 지원사업 』\n슬레이트 해체⸳철거공사 지정폐기물(폐석면) 운반․처리용역\n2026. 5.\n[수요기관(기초자치단체)|지역=r1]""}, {""doc_id"": ""D1"", ""line_start"": 6, ""line_end"": 9, ""text"": ""가. 사 업 명\n[수요기관(기초자치단체)|지역=r1] 2026년 슬레이트 처리 지원사업 슬레이트 해체⸳철거공사 지정폐기물[폐석면] 운반․처리 용역\n나. 목 적\n본 사업은 [수요기관(기초자치단체)|지역=r1] 슬레이트 해체 및 철거공사로 발생한 폐슬레이트를 적정한 지정폐기물(폐석면)처리를 하여 원활한 공사 수행을 하고자 함.""}]"
PPS-DEV-098,v9,과업지시서 특정 모델명 명시,resolved_fp,0,1,0,99250000,False,98,낙찰자는 계약 시에 반드시 대표자가 서명한 청렴계약 이행서약서를 제출하여야 합니다. (중략) 낙찰자는 계약 시 수요기관의 규격에 부합하는 제작자 혹은 제작사가 지정한 국내 공급 대리점의 정품 및 A/S 확인 가능한 서류(대리점 계약서 등)를 제출해야 함.,,해소: 정품·지원 조건과 모델 구분,계약 시 정품 및 A/S 증빙과 청렴계약 서약은 특정 브랜드를 강제하는 근거와 다르다. 기존 인용은 v9 조건에 대응하지 않는다.,"[{""doc_id"": ""D0"", ""line_start"": 48, ""line_end"": 51, ""text"": ""가. 입찰에 참가하는 모든 업체는 지방자치단체를 당사자로 하는 계약에 관한 법률 제6조의 2의 규정에 의거 청렴서약서를 제출한 것으로 간주합니다.\n나. 최종 낙찰자는 계약 체결 시에 반드시 대표자가 서명한 청렴계약 이행서약서를 제출하여야 합니다.\n10. 기타사항\n가. 입찰참가자는 지방자치단체 입찰시 낙찰자 결정기준, 지방자치단체 입찰 및 계약집행기준 등 입찰참가에 필요한 모든 사항을 숙지하고 입찰에 참가하여야 하며 이를 숙지하지 못한 책임은 입찰참가자에게 있습니다.""}, {""doc_id"": ""D1"", ""line_start"": 75, ""line_end"": 76, ""text"": ""1. 제시된 규격 및 사양 이상의 물품을 공급해야 함.\n2. 낙찰자는 계약 시 수요기관의 규격에 부합하는 제작자 혹은 제작사가 지정한 국내 공급 대리점의 정품 및 A/S 확인 가능한 서류(대리점 계약서 등)를 제출해야 함.""}]"
PPS-DEV-099,v16,1억 이상- 고시금액미만 중소기업 제한 없음,resolved_fp,0,1,0,198018181,False,99,,,정답 일치·적용 범위 추가 판정,약 1.98억원의 브랜딩·공공디자인 용역이며 SME 요건을 원문에서 찾지 못했다. 디자인 면허나 연구성 제목만으로 예외를 확정할 수 없다. 지정제품 범위 또는 예외 적용 판단이 남아 있다.,"[{""doc_id"": ""D0"", ""line_start"": 70, ""line_end"": 73, ""text"": ""\n1) 「공공디자인 진흥에 관한 법률」 제18조 및 동법 시행규칙 제4조에 의한 공공디자인 전문회사(업종코드:6484)\n\n2) 「산업디자인진흥법 시행규칙」 제9조에 따라 산업디자인 전문회사로 신고한 업체 (① 또는 ②)""}, {""doc_id"": ""D1"", ""line_start"": 124, ""line_end"": 127, ""text"": ""\n가) 「공공디자인 진흥에 관한 법률」 제18조 및 동법 시행규칙 제4조에 의한 공공디자인 전문회사(업종코드:6484)\n\n나) 「산업디자인진흥법 시행규칙」 제9조에 따라 산업디자인 전문회사로 신고한 업체 (① 또는 ②)""}]"
PPS-DEV-099,v18,1억원 미만 일반물품 소기업 제한 없음,resolved_fp,0,1,0,198018181,True,99,,,amount_band_screen,메타 추정가격이 동결된 해당 항목의 적용 금액대 밖이다. 원문 발췌는 cases.jsonl의 source_contexts에서 대조. 제품 지정·예외까지 확정한 판정은 아니다.,[]
PPS-DEV-099,v23,현장설명회 (공고기간) * 계약방법 협상 + 계약법 지방만 적용,resolved_fp,0,1,0,198018181,False,99,나. 공 고 기 간 : 2026. 5. 26. ~ 2026. 6. 17.,,해소: 설명회 대상·시점 구분,원문의 회의·설명회 참석은 과업 수행 중 발주자 요청에 응하는 의무다. 제안서 평가·제출 일정과 사전 설명회는 다른 사건이다.,"[{""doc_id"": ""D0"", ""line_start"": 19, ""line_end"": 19, ""text"": ""나. 공 고 기 간 : 2026. 5. 26. ~ 2026. 6. 17.""}, {""doc_id"": ""D2"", ""line_start"": 592, ""line_end"": 595, ""text"": ""\n- 회의 및 설명회 등을 개최할 필요가 있어 참석을 요청할 시에는 회의 내용에 대한 설명 자료 등을 준비하여 응하여야 함\n\n5. 계약위반에 대한 조치""}]"
PPS-DEV-101,v8,중복제한 (실적+지역),resolved_fp,0,1,0,44545455,False,101,"'DEWESOFT를 사용한 소음 계측 기술' 그리고 '잔향 시간 계산 기술'을 보유한 업체(기관)로 제한하며, 위 제한 내용 관련 특허, 논문, 타기관에 제출한 보고서 등 위 기술보유를 증빙할 수 있는 객적적 자료를 제시한 기관에 한함.",,해소: 기술·실적·지역 구분,"계측 기술과 관련 증빙을 요구한 문장이다. 기술 보유 증빙을 곧바로 과거 이행 실적으로 간주할 수 없고, 지역 자격과의 AND도 입증되지 않았다.","[{""doc_id"": ""D0"", ""line_start"": 148, ""line_end"": 151, ""text"": ""\n사. 다음의 기술보유 증빙자료를 2026.06.15.(14:00)까지 [담당자] 사업부서([담당자]/[전화번호]/[이메일])로 제출한 자\n\n1) 제한사항 : DEWESOFT를 사용한 소음 계측 기술’ 그리고 ‘잔향 시간 계산 기술’을 보유한 업체(기관)""}, {""doc_id"": ""D0"", ""line_start"": 150, ""line_end"": 153, ""text"": ""\n1) 제한사항 : DEWESOFT를 사용한 소음 계측 기술’ 그리고 ‘잔향 시간 계산 기술’을 보유한 업체(기관)\n\n2) 제출자료 : 위 제한 내용 관련 특허, 논문, 타기관에 제출한 보고서 등 위 기술보유를 증빙할 수 있는 객관적 자료""}, {""doc_id"": ""D1"", ""line_start"": 66, ""line_end"": 69, ""text"": ""\n•계측 소프트웨어 : DEWESOFT\n\n3) 유압 구동장치 작동 소음 측정""}, {""doc_id"": ""D1"", ""line_start"": 76, ""line_end"": 79, ""text"": ""\n•계측 소프트웨어 : DEWESOFT\n\n4) 자유음장에서의 구동 소음 음압레벨 도출""}]"
PPS-DEV-103,v14,고시금액 이상 일반물품 중소기업 제한,resolved_fp,0,1,0,66250909,True,103,2. 계약방법 : 제한경쟁입찰(중소기업자) ※ 중소기업제품 구매촉진 및 판로지원에 관한 법률 제7조 및 제9조,,amount_band_screen,메타 추정가격이 동결된 해당 항목의 적용 금액대 밖이다. 원문 발췌는 cases.jsonl의 source_contexts에서 대조. 제품 지정·예외까지 확정한 판정은 아니다.,[]
PPS-DEV-103,v17,1억원 미만 일반물품 중소기업 제한,resolved_fp,0,1,0,66250909,False,103,2. 계약방법 : 제한경쟁입찰(중소기업자) ※ 중소기업제품 구매촉진 및 판로지원에 관한 법률 제7조 및 제9조,,해소: 지정제품 적용 범위,디자인 서비스 8214150201에 대해 법조문·직접생산·SME 확인을 요구한다. 비지정 제품의 1억원 미만 규칙을 곧바로 적용하지 않는 방향과 일치한다. 지정 목록의 독립 재조회는 하지 않았다.,"[{""doc_id"": ""D0"", ""line_start"": 22, ""line_end"": 27, ""text"": ""2. 계약방법 : 제한경쟁입찰(중소기업자)\n※ 중소기업제품 구매촉진 및 판로지원에 관한 법률 제7조 및 제9조\n3. 입찰참가자격: 다음 조건을 모두 충족하는 자\n① 입찰서 제출마감일 전일까지 지방자치단체를 당사자로 하는 계약에 관한 법률 시행령 제13조 및 동법 시행규칙 제14조에 의한 요건을 갖춘 업체로서 「국가종합전자조달시스템 입찰참가자격등록규정」에 의하여 반드시 나라장터(G2B)에 공공디자인 전문회사(업종코드 : 6484) 또는 산업디자인전문회사로 시각·환경디자인을 포함한 종합디자인분야(업종코드: 4444)로 입찰참가자격을 등록한 업체\n② 중소기업제품 구매촉진 및 판로지원에 관한 법률 제9조제1항에 따라 디자인 서비스(세부품명번호 8214150201)에 대한 직접생산확인증명서와 중소기업확인서를 소지한 자\n※ 직접생산확인서와 중소기업확인서는 공공구매정보망(www.smpp.go.kr)에 등록된 것으로서 유효기간 내에 있어야 함(입찰참가등록 마감일 기준)""}]"
PPS-DEV-103,v18,1억원 미만 일반물품 소기업 제한 없음,resolved_fp,0,1,0,66250909,False,103,,,해소: 지정제품 적용 범위,"같은 공고 v17과 동일하게 비지정제품 규칙의 적용 범위를 확인해야 한다. 중소기업 확인서가 있다는 것만으로 소기업 확인 요건이 채워졌다고 설명하면 틀리며, 지정 여부가 선행 쟁점이다.","[{""doc_id"": ""D0"", ""line_start"": 22, ""line_end"": 27, ""text"": ""2. 계약방법 : 제한경쟁입찰(중소기업자)\n※ 중소기업제품 구매촉진 및 판로지원에 관한 법률 제7조 및 제9조\n3. 입찰참가자격: 다음 조건을 모두 충족하는 자\n① 입찰서 제출마감일 전일까지 지방자치단체를 당사자로 하는 계약에 관한 법률 시행령 제13조 및 동법 시행규칙 제14조에 의한 요건을 갖춘 업체로서 「국가종합전자조달시스템 입찰참가자격등록규정」에 의하여 반드시 나라장터(G2B)에 공공디자인 전문회사(업종코드 : 6484) 또는 산업디자인전문회사로 시각·환경디자인을 포함한 종합디자인분야(업종코드: 4444)로 입찰참가자격을 등록한 업체\n② 중소기업제품 구매촉진 및 판로지원에 관한 법률 제9조제1항에 따라 디자인 서비스(세부품명번호 8214150201)에 대한 직접생산확인증명서와 중소기업확인서를 소지한 자\n※ 직접생산확인서와 중소기업확인서는 공공구매정보망(www.smpp.go.kr)에 등록된 것으로서 유효기간 내에 있어야 함(입찰참가등록 마감일 기준)""}]"
PPS-DEV-104,v9,과업지시서 특정 모델명 명시,resolved_fp,0,1,0,24545455,False,104,"품 명 X10화살(텅스텐.깃.노크포함) 제품규격 410번c1,450번c1 제품재질 알루미늄,카본 제조사 미국(이스턴) 품 명 엑시트2(검정 . MK-ZX(흰색) 제품규격 25“ 제품재질 카본 제조사 호이트 . MK 날개(MK-XD) 품 명 위아위즈(NS-XP) 제품규격 68/46 제품재질 나무,카본 제조사 MK . 윈엔윈(주) 품 명 MK(V-바세트) 제품규격 AWAKE(28/13/4)40도 제품재질 카본,합금 제조사 MK 품 명 시부야 조준기 제품규격 울티마(rc-pro검정색) 제품재질 카본,철 제조사 시부야(일본) 품 명 원사 제품규격 마제스틱777(흰색) 제품재질 현사 제조사 엔젤 품 명 써빙사 제품규격 엔딩(빨강,파랑) 제품재질 현사 제조사 엔젤 품 명 핑거탭 제품규격 엘리트(M) 제품재질 가죽 제조사 엘리트 품 명 핑거탭(가죽) 제품규격 세이크1(L) 제품재질 가죽 제조사 파이빅스(주) 품 명 크래커 제품규격 바이탈 제품재질 철 제조사 바이탈 품 명 쿠숀 제품규격 바이타(쿠",,해소: 동등품 허용,규격에 브랜드명이 있지만 계약 조건은 동일 또는 동등 이상의 품질을 허용한다. 다만 실질적인 대체 가능성은 별도 검토 대상이다. 신규 미탐 09·050과 공통 기준으로 판단해야 한다.,"[{""doc_id"": ""D1"", ""line_start"": 20, ""line_end"": 20, ""text"": ""3) 납품 물품은 사전에 협의된 규격 및 성능 이상의 제품이어야 하며, 동일 또는 동등 이상의 품질을 확보하여야 한다.(세부 품목 및 수량은 별첨 내역서에 따른다.)""}]"
PPS-DEV-108,v5,고시금액 이상 지역제한,resolved_fp,0,1,0,80000000,False,108,"입찰 참가자격 지: 가. 입찰 공고일 전일부터 개찰일(낙찰자는 계약 체결일, 적격심사 대상자는 적격심사 서류 제출일)까지 주된 영업소를 전라남도에 둔 업체",,해소: 금액 상한 위반 근거 부족,"추정가격은 약 0.29~1.61억원 구간으로, 인용된 지역 조건 자체가 적용 상한을 초과했음을 보여주지는 않는다. 특히 메타 또는 기관 주소 인용은 충분한 근거가 아니다. 지방계약의 정확한 상한은 기관 구분을 추가로 확인해야 하며 미확정 고시액을 임의의 2.3억원으로 대체하지 않았다.","[{""doc_id"": ""D0"", ""line_start"": 82, ""line_end"": 85, ""text"": ""\n가. 입찰 공고일 전일부터 개찰일(낙찰자는 계약 체결일, 적격심사 대상자는 적격심사 서류 제출일)까지 주된 영업소를 전라남도에 둔 업체\n\n나. 「국가종합전자조달시스템 입찰참가자격등록규정」에 의하여 나라장터(G2B)에 입찰참가등록 마감일까지 의료용면역발광측정장치 [세부품명번호 10자리: 4299100301]를 제조 또는 공급물품으로 등록한 자""}]"
PPS-DEV-109,v23,현장설명회 (공고기간) * 계약방법 협상 + 계약법 지방만 적용,resolved_fp,0,1,0,863636364,False,109,○ 제안서 제출(방문접수) 1) 일 시 : 2026. 6. 8.(월) 10:00 ~ 17:00 2. 제안서 평가 1) 일 시 : 2026. 6. 11.(목) 예정,,해소: 설명회 대상·시점 구분,제안서 제출 뒤에 개최하는 제안서 평가 일정이다. 사전 사업설명회와 마감 사이의 간격 위반을 입증하지 않는다.,"[{""doc_id"": ""D0"", ""line_start"": 6, ""line_end"": 9, ""text"": ""\n「지방자치단체를 당사자로 하는 계약에 관한 법률」 제10조 및 같은 법 시행령 제43조에 따라 「강원 의료·웰니스 AX 허브 조성 사업 기획 및 대응 용역」 사업자 선정에 필요한 제안서 제출 안내 및 입찰에 관한 사항을 다음과 같이 공고합니다.\n\n2026년 5월 26일""}, {""doc_id"": ""D0"", ""line_start"": 68, ""line_end"": 71, ""text"": ""\n- 가격입찰은 전자입찰로만 가능하며, 가격입찰에 참여한 업체만 제안서 제출 가능함\n\n- 입찰금액은 부가가치세를 포함하여, 총액으로 제출하여야 함""}, {""doc_id"": ""D1"", ""line_start"": 72, ""line_end"": 75, ""text"": ""\n4. 제안서 평가방법 13\n\n5. 협상적격자 선정 21""}, {""doc_id"": ""D1"", ""line_start"": 709, ""line_end"": 712, ""text"": ""\n가. 제안서 평가 일반사항\n\n1) 제안서 평가는 기술능력 평가와 가격평가로 구분하며, 기술능력 평가는 정량적 지표와 정성적 지표로 구분하여 실시""}]"
PPS-DEV-110,v10,중기간 경쟁제품 입찰 직생 없음,resolved_fp,0,1,0,200000000,False,110,,,정답 일치·적용 범위 추가 판정,계약 시 제조사 직접생산증명서 또는 공급증명원/기술지원확약서를 허용한다. 이는 법정 직접생산확인증명서의 입찰 자격과 동일하지 않다. 제품 지정 여부를 확인하지 않고 “동등한 확인 요건 발견”으로 설명하면 안 된다.,"[{""doc_id"": ""D2"", ""line_start"": 33, ""line_end"": 36, ""text"": ""10. 제출서류\n가. 물품 구매설명서에 합당한 제품이어야 하며, 아래 제품에 대한 제조사 직접생산증명서 또는 제조사의 공급증명원/기술지원확약서를 계약시 반드시 제출하여야 한다.\n(1순위 계약 대상자라 할지라도 미제출시 계약 참가 자격이 없는 업체임으로 제외하고 차순위업체를 계약대상자로 결정합니다.)\n나. 낙찰자 계약시 제출서류""}, {""doc_id"": ""D2"", ""line_start"": 37, ""line_end"": 40, ""text"": ""1) 사전 납품예정 물품내역서(제품 규격서 및 사진 등)\n2) 제조사 직접생산증명서 또는 제조사 공급증명원/기술지원확약서\n3) 기타 “갑”이 요구하는 각종 자료 및 보고서\n11. 기 타""}]"
PPS-DEV-113,v18,1억원 미만 일반물품 소기업 제한 없음,resolved_fp,0,1,0,60000000,False,113,,,해소: 공고에 예외 명시,원문에 우선조달계약 예외 적용 대상이라고 법령 조항과 함께 적혀 있다. 열이 섞인 텍스트에서도 예외 내용을 읽어야 한다. 예외의 실제 성립 조건 전체를 독립 검증한 결과는 아니다.,"[{""doc_id"": ""D0"", ""line_start"": 12, ""line_end"": 14, ""text"": ""※ 본 공고문의 입찰참가자격 및 낙찰자결정(적격심사) 등 공고사항을 필히 사전에 다. 본 용역은 「중소기업제품 구매촉진 및 판로지원에 관한 법률 시행령」 제2조의3제1항\n숙지하고 입찰에 참가하시기 바랍니다. 본 공고문의 내용을 숙지하지 못해 발생하는 제5호 및 「중소기업제품 공공구매제도 운영요령」제44조에 따라 중소기업자와의 우선\n조달계약 예외 적용대상 용역입니다.""}]"
PPS-DEV-124,v15,1억 이상- 고시금액미만 소기업 제한,resolved_fp,0,1,0,30566464,True,124,소기업 또는 소상공인·벤처기업·창업자 제한경쟁,,amount_band_screen,메타 추정가격이 동결된 해당 항목의 적용 금액대 밖이다. 원문 발췌는 cases.jsonl의 source_contexts에서 대조. 제품 지정·예외까지 확정한 판정은 아니다.,[]
PPS-DEV-124,v16,1억 이상- 고시금액미만 중소기업 제한 없음,resolved_fp,0,1,0,30566464,True,124,,,amount_band_screen,메타 추정가격이 동결된 해당 항목의 적용 금액대 밖이다. 원문 발췌는 cases.jsonl의 source_contexts에서 대조. 제품 지정·예외까지 확정한 판정은 아니다.,[]
PPS-DEV-125,v4,"고시금액 이상 특정기관, 특정실적",resolved_fp,0,1,0,32727273,False,125,유사 용역 최근 3년간의 수행 실적 합산 금액 ※ 유사실적인정 : 국가연구개발사업 기획 | 100% 이상 | 10,,해소: 적용 금액·평가 구분,추정가격 약 0.327억원은 v4의 2.3억원 하한 미만이다. 기존이 인용한 것은 유사 실적 점수표이므로 강제 참가자격과도 다르다.,"[{""doc_id"": ""D1"", ""line_start"": 123, ""line_end"": 123, ""text"": ""10 | 〇 수행실적 평가 계약예규 「협상에 의한 계약체결기준」에 따라 추정가격이 고시금액 미만인 소규모 사업평가 시 수행실적은 평가항목에서 제외되어야 하나, 예외적으로 국민안전·보건·국가안보 등을 위한 것으로 판단하여 실적평가를 진행한다. - 유사 용역 최근 3년간의 수행 실적 합산 금액 ※ 유사실적인정 : 국가연구개발사업 기획 | 100% 이상 | 10""}, {""doc_id"": ""D1"", ""line_start"": 122, ""line_end"": 125, ""text"": ""3.5\n10 | 〇 수행실적 평가 계약예규 「협상에 의한 계약체결기준」에 따라 추정가격이 고시금액 미만인 소규모 사업평가 시 수행실적은 평가항목에서 제외되어야 하나, 예외적으로 국민안전·보건·국가안보 등을 위한 것으로 판단하여 실적평가를 진행한다. - 유사 용역 최근 3년간의 수행 실적 합산 금액 ※ 유사실적인정 : 국가연구개발사업 기획 | 100% 이상 | 10\n70% 이상~100% 미만 | 9\n40% 이상~70% 미만 | 8""}]"
PPS-DEV-125,v14,고시금액 이상 일반물품 중소기업 제한,resolved_fp,0,1,0,32727273,True,125,중소기업제품 구매촉진 및 판로지원에 관한 법률 시행령 제2조의3(중소기업자와의 우선조달계약에 대한 예외)에 의거 본 사업에 비영리법인 참여 가능,,amount_band_screen,메타 추정가격이 동결된 해당 항목의 적용 금액대 밖이다. 원문 발췌는 cases.jsonl의 source_contexts에서 대조. 제품 지정·예외까지 확정한 판정은 아니다.,[]
PPS-DEV-127,v8,중복제한 (실적+지역),resolved_fp,0,1,0,90800000,False,127,본 용역은 「중소기업제품 구매촉진 및 판로지원에 관한 법률시행령」 및 「중소기업제품 공공구매 제도 운영요령」에 의거 중소기업자 우선조달계약에 대한 예외가 적용되는 용역입니다.,,해소: 무관한 근거,기존 인용은 SME 우선조달 예외 안내이며 실적+지역 자격이 아니다. 문서 속 실적 평가 자료와 의무 자격을 나누어 볼 필요가 있다.,"[{""doc_id"": ""D0"", ""line_start"": 49, ""line_end"": 52, ""text"": ""※ 본 용역은 「중소기업제품 구매촉진 및 판로지원에 관한 법률시행령」 및 「중소기업제품 공공구매\n제도 운영요령」에 의거 중소기업자 우선조달계약에 대한 예외가 적용되는 용역입니다.\n\n6. 입찰보증금 납부 및 국고 귀속""}]"
PPS-DEV-128,v6,"고시금액 미만 지역제한 시,군,구",resolved_fp,0,1,0,173620000,False,128,충청북도 내 지역제한 물품 입찰입니다.,,해소: 지역 단위 구분,기존에 인용한 소재지 조건은 도·광역시·특별시 단위다. 개별 기준 v6의 광역보다 좁은 지역 제한을 입증하지 않는다. 지역 제한의 금액 상한이나 복수 지역 확장은 다른 항목에서 판단해야 한다.,"[{""doc_id"": ""D0"", ""line_start"": 33, ""line_end"": 33, ""text"": ""가. 충청북도 내 지역제한 물품 입찰입니다.""}, {""doc_id"": ""D0"", ""line_start"": 19, ""line_end"": 22, ""text"": ""5. 입찰참가 자격\n가.「지방자치단체를 당사자로 하는 계약에 관한 법률」에 의한 입찰참가자격 등록을 필하고, 입찰공고일 전일부터 입찰일(낙찰자는 계약체결일)까지 충청북도 내에 주된 영업소를 둔 업체\n나. 국가종합전자조달시스템 입찰참가자격등록규정에 따라 G2B물품분류번호 농업용트랙터[2510190101]를제조 또는 공급으로 입찰참가 등록한 업체로서, [수요기관(기초자치단체)]에서 제시한 물품 규격서 기준에 따라동등한 또는 그 이상의 품질로 제품 납품이 가능한 업체.\n다. 또한, 입찰공고일 전일부터 농업용기계 제조 또는 농업용기계 도·소매업 사업자로 등록을 필한 업체이며,「농업기계화촉진법」에 의한 농업기계 사후관리업 소형[업종코드:7270] 또는 중형[업종코드:7269] 또는 대형[업종코드:7268]으로 입찰참가 등록한 업체""}, {""doc_id"": ""D0"", ""line_start"": 32, ""line_end"": 35, ""text"": ""6. 입찰서의 제출\n가. 충청북도 내 지역제한 물품 입찰입니다.\n나. 입찰서에 산출내역서가 첨부되지 않은 총액입찰입니다.\n다. 입찰서는 조달청 전자입찰시스템을 이용하여 제출하여야 하며, 입찰서 제출은 보낸문서함에서 확인하시기 바랍니다.""}]"
PPS-DEV-128,v9,과업지시서 특정 모델명 명시,resolved_fp,0,1,0,173620000,False,128,(14) 견인동력기 (가) 기종명 : 농용트택터 (나) 형식명 : D851 (다) 형식 및 규격 : 4 륜 구동형 디젤 85 마력 (라) 제조회사명 : 대동공업,,해소: 동등품 허용,특정 모델명이 있으나 동등 이상 허용 조건이 있다. 특정 명칭의 존재만으로 위반을 결정하던 오탐을 줄인 사례다.,"[{""doc_id"": ""D0"", ""line_start"": 21, ""line_end"": 21, ""text"": ""나. 국가종합전자조달시스템 입찰참가자격등록규정에 따라 G2B물품분류번호 농업용트랙터[2510190101]를제조 또는 공급으로 입찰참가 등록한 업체로서, [수요기관(기초자치단체)]에서 제시한 물품 규격서 기준에 따라동등한 또는 그 이상의 품질로 제품 납품이 가능한 업체.""}, {""doc_id"": ""D1"", ""line_start"": 22, ""line_end"": 22, ""text"": ""라. 농기계 구입목록 중 단종, 생산중단 등으로 납품할 수 없을 경우 해당 농기계 성능과 동등하거나 그 이상의 기종을 농업기술센터와 협의하여 납품하여야 한다.""}]"
PPS-DEV-132,v14,고시금액 이상 일반물품 중소기업 제한,resolved_fp,0,1,0,166680000,True,132,"[판로지원법 시행령] 중기업,소기업,소상공인 제한",,amount_band_screen,메타 추정가격이 동결된 해당 항목의 적용 금액대 밖이다. 원문 발췌는 cases.jsonl의 source_contexts에서 대조. 제품 지정·예외까지 확정한 판정은 아니다.,[]
PPS-DEV-132,v17,1억원 미만 일반물품 중소기업 제한,resolved_fp,0,1,0,166680000,True,132,"[조항호내용] [판로지원법 시행령] 중기업,소기업,소상공인 제한",,amount_band_screen,메타 추정가격이 동결된 해당 항목의 적용 금액대 밖이다. 원문 발췌는 cases.jsonl의 source_contexts에서 대조. 제품 지정·예외까지 확정한 판정은 아니다.,[]
PPS-DEV-132,v18,1억원 미만 일반물품 소기업 제한 없음,resolved_fp,0,1,0,166680000,True,132,,,amount_band_screen,메타 추정가격이 동결된 해당 항목의 적용 금액대 밖이다. 원문 발췌는 cases.jsonl의 source_contexts에서 대조. 제품 지정·예외까지 확정한 판정은 아니다.,[]
PPS-DEV-133,v17,1억원 미만 일반물품 중소기업 제한,resolved_fp,0,1,0,123775000,True,133,"입찰참가자격(아래의 요건을 모두 충족하는 업체) 가. 입찰마감일 전일까지 조달청 국가종합전자조달시스템(G2B) 등록을 필한 업체 나. 소프트웨어산업 진흥법 제24조에 의한 소프트웨어 사업자(컴퓨터관련서비스사업, 면허코드 1468) 신고업체 다. 「중소기업기본법」 제2조에 따른 중소기업자로서,「중소기업 범위 및 확인에 관한 규정」에 따라 발급된 중소기업확인서를 소지한 자",,amount_band_screen,메타 추정가격이 동결된 해당 항목의 적용 금액대 밖이다. 원문 발췌는 cases.jsonl의 source_contexts에서 대조. 제품 지정·예외까지 확정한 판정은 아니다.,[]
PPS-DEV-133,v18,1억원 미만 일반물품 소기업 제한 없음,resolved_fp,0,1,0,123775000,True,133,,,amount_band_screen,메타 추정가격이 동결된 해당 항목의 적용 금액대 밖이다. 원문 발췌는 cases.jsonl의 source_contexts에서 대조. 제품 지정·예외까지 확정한 판정은 아니다.,[]
PPS-DEV-134,v17,1억원 미만 일반물품 중소기업 제한,resolved_fp,0,1,0,4954545455,True,134,(None) | 판로령2의3 예외 조항 미확인 및 중소기업/소기업/소상공인 구분 제한 없음,,amount_band_screen,메타 추정가격이 동결된 해당 항목의 적용 금액대 밖이다. 원문 발췌는 cases.jsonl의 source_contexts에서 대조. 제품 지정·예외까지 확정한 판정은 아니다.,[]
PPS-DEV-134,v18,1억원 미만 일반물품 소기업 제한 없음,resolved_fp,0,1,0,4954545455,True,134,,,amount_band_screen,메타 추정가격이 동결된 해당 항목의 적용 금액대 밖이다. 원문 발췌는 cases.jsonl의 source_contexts에서 대조. 제품 지정·예외까지 확정한 판정은 아니다.,[]
PPS-DEV-137,v16,1억 이상- 고시금액미만 중소기업 제한 없음,resolved_fp,0,1,0,45513441,True,137,,,amount_band_screen,메타 추정가격이 동결된 해당 항목의 적용 금액대 밖이다. 원문 발췌는 cases.jsonl의 source_contexts에서 대조. 제품 지정·예외까지 확정한 판정은 아니다.,[]
PPS-DEV-140,v16,1억 이상- 고시금액미만 중소기업 제한 없음,resolved_fp,0,1,0,718480909,True,140,,,amount_band_screen,메타 추정가격이 동결된 해당 항목의 적용 금액대 밖이다. 원문 발췌는 cases.jsonl의 source_contexts에서 대조. 제품 지정·예외까지 확정한 판정은 아니다.,[]
PPS-DEV-140,v18,1억원 미만 일반물품 소기업 제한 없음,resolved_fp,0,1,0,718480909,True,140,,,amount_band_screen,메타 추정가격이 동결된 해당 항목의 적용 금액대 밖이다. 원문 발췌는 cases.jsonl의 source_contexts에서 대조. 제품 지정·예외까지 확정한 판정은 아니다.,[]
PPS-DEV-141,v20,입찰참가자격 (SW),resolved_fp,0,1,0,3272727273,False,141,,,해소: 사업 범위 구분,공고의 대상은 대전 0시 축제 행사 운영 대행이며 업종도 행사대행이다. 사업 내 IT 요소가 있을 가능성만으로 공공 SW 참여 제한을 바로 적용할 수 없다.,"[{""doc_id"": ""D0"", ""line_start"": 3, ""line_end"": 13, ""text"": ""일반용역 입찰공고(협상에 의한 계약)\n\n1. 입찰에 부치는 사항\n\n용 역 명\n\n지방정부 대전 0시 축제 행사 운영 대행 용역(제한경쟁·50억원미만)\n\n용 역 내 용\n\n기 간""}]"
PPS-DEV-144,v18,1억원 미만 일반물품 소기업 제한 없음,resolved_fp,0,1,0,118136364,True,144,,,amount_band_screen,메타 추정가격이 동결된 해당 항목의 적용 금액대 밖이다. 원문 발췌는 cases.jsonl의 source_contexts에서 대조. 제품 지정·예외까지 확정한 판정은 아니다.,[]
PPS-DEV-147,v16,1억 이상- 고시금액미만 중소기업 제한 없음,resolved_fp,0,1,0,24272727,True,147,,,amount_band_screen,메타 추정가격이 동결된 해당 항목의 적용 금액대 밖이다. 원문 발췌는 cases.jsonl의 source_contexts에서 대조. 제품 지정·예외까지 확정한 판정은 아니다.,[]
PPS-DEV-148,v18,1억원 미만 일반물품 소기업 제한 없음,resolved_fp,0,1,0,13630000,False,148,,,해소: 원문에 이미 요건 존재,확인서·기업 규모 자격이 실제로 원문에 있다. 이를 없는 것으로 처리했던 기존 1을 후보가 0으로 바꿨다. 소기업·소상공인 제한도 중소기업 범위를 제한하므로 v11/v16의 부재와는 구분해야 한다.,"[{""doc_id"": ""D0"", ""line_start"": 67, ""line_end"": 73, ""text"": ""3.1.2. 「중소기업제품 구매촉진 및 판로지원에 관한 법률」제9조 및 동법 시행령 제10조에 의거 데스크톱컴퓨터에 대한 직접생산확인증명서를 소지한 업체\n\n3.1.3. 「중소기업기본법」제2조제2항에 따른 소기업과 「소상공인 보호 및 지원에 관한 법률」에 따른 소상공인으로서 「중소기업 범위 및 확인에 관한 규정」에 따라 발급된 소기업·소상공인 확인서를 소지한 업체\n\n※ 소기업·소상공인 확인서는 전자견적서 제출마감일 전일까지 발급된 것으로, 유효기간 내에 있어야 함\n\n○ 상기 ‘소기업․소상공인 확인서’가 중소기업제품 공공구매 종합정보망(http://www.smpp.go.kr)에서 확인이 안 될 경우 입찰 참가자격이 없습니다.""}]"
PPS-DEV-152,v9,과업지시서 특정 모델명 명시,resolved_fp,0,1,0,26101818,False,152,"본 입찰 대상 물품은 특정물품 선정심사위원회에서 선정된 제품으로 BRISTOL COMPRESSORS 원제조자인 KULTHORN KIRBY社에서 발행하는 제조자증명서 또는 원제조자와 공급자 간의 판매대리점 계약서 또는 판매대리점이 발행하는 공급자증명서(판매대리점에서 발행하는 경우 원제조사와 공급자 간의 판매대리점 계약서 포함 제출)를 입찰마감일 전일까지 원본 1부(외국어 명기시 한글 번역본 1부)를 제출하여야 하며, 사본 제출시에는 “원본과 같음”을 명기하고 입찰참가신청서에 사용한 인장을 날인하여 제출하여야 하며, 제출한 서류가 원제조사(판매대리점)의 확인이 되지 않을 경우 무효처리 합니다.",,정답 일치·예외 추가 판정,특정물품 선정심사위원회가 선정한 제품이며 특정 원제조사의 증빙을 요구한다. 예외 정당성이 핵심이므로 브랜드 지정을 잘 인식해서 개선됐다고 단정할 수 없다.,"[{""doc_id"": ""D1"", ""line_start"": 77, ""line_end"": 77, ""text"": ""본 입찰 대상 물품은 특정물품 선정심사위원회에서 선정된 제품으로 BRISTOL COMPRESSORS 원제조자인 KULTHORN KIRBY社에서 발행하는 제조자증명서 또는 원제조자와 공급자 간의 판매대리점 계약서 또는 판매대리점이 발행하는 공급자증명서(판매대리점에서 발행하는 경우 원제조사와 공급자 간의 판매대리점 계약서 포함 제출)를 입찰마감일 전일까지 원본 1부(외국어 명기시 한글 번역본 1부)를 제출하여야 하며, 사본 제출시에는 “원본과 같음”을 명기하고 입찰참가신청서에 사용한 인장을 날인하여 제출하여야 하며, 제출한 서류가 원제조사(판매대리점)의 확인이 되지 않을 경우 무효처리 합니다.""}, {""doc_id"": ""D0"", ""line_start"": 21, ""line_end"": 24, ""text"": ""\n※ 본 입찰 대상 물품은 특정물품 선정심사위원회에서 선정된 제품으로 BRISTOL COMPRESSORS\n원제조자인 KULTHORN KIRBY社에서 발행하는 제조자증명서 또는 원제조자와 공급자 간의\n판매대리점 계약서 또는 판매대리점이 발행하는 공급자증명서(판매대리점에서 발행하는""}, {""doc_id"": ""D1"", ""line_start"": 76, ""line_end"": 79, ""text"": ""\n본 입찰 대상 물품은 특정물품 선정심사위원회에서 선정된 제품으로 BRISTOL COMPRESSORS 원제조자인 KULTHORN KIRBY社에서 발행하는 제조자증명서 또는 원제조자와 공급자 간의 판매대리점 계약서 또는 판매대리점이 발행하는 공급자증명서(판매대리점에서 발행하는 경우 원제조사와 공급자 간의 판매대리점 계약서 포함 제출)를 입찰마감일 전일까지 원본 1부(외국어 명기시 한글 번역본 1부)를 제출하여야 하며, 사본 제출시에는 “원본과 같음”을 명기하고 입찰참가신청서에 사용한 인장을 날인하여 제출하여야 하며, 제출한 서류가 원제조사(판매대리점)의 확인이 되지 않을 경우 무효처리 합니다.\n\n[붙임1]""}]"
PPS-DEV-152,v10,중기간 경쟁제품 입찰 직생 없음,resolved_fp,0,1,0,26101818,False,152,,,정답 일치·적용 범위 추가 판정,전동차용 공기압축기에 소기업·벤처·창업기업 자격이 있다. 직접생산 부재 위반 여부는 경쟁제품 지정과 범위를 확인해야 하며 SME 문구 자체는 직접생산 증명이 아니다.,"[{""doc_id"": ""D0"", ""line_start"": 4, ""line_end"": 7, ""text"": ""\n1. 입찰에 부치는 사항[소기업 또는 소상공인 · 벤처기업 · 창업기업 간 제한경쟁, 특정물품, 적격심사]\n\n건 명 수량 및 규격 납품기한 기초금액 (원 )""}, {""doc_id"": ""D0"", ""line_start"": 51, ""line_end"": 54, ""text"": ""나. 『중소기업제품 구매촉진 및 판로지원에 관한 법률 시행령』제2조의 2에 의거 소기업\n또는 소상공인 확인서를 소지한 업체 또는 벤처기업육성에 관한 특별조치법 제2조\n제1항에 따른 벤처기업 또는 중소기업창업 지원법 제2조 제3호에 따른 창업기업이\n어야 합니다. (입찰참가자격의 판단기준일은 소기업 또는 소상공인 확인서의 경우""}]"
PPS-DEV-153,v16,1억 이상- 고시금액미만 중소기업 제한 없음,resolved_fp,0,1,0,45454546,True,153,,,amount_band_screen,메타 추정가격이 동결된 해당 항목의 적용 금액대 밖이다. 원문 발췌는 cases.jsonl의 source_contexts에서 대조. 제품 지정·예외까지 확정한 판정은 아니다.,[]
PPS-DEV-153,v23,현장설명회 (공고기간) * 계약방법 협상 + 계약법 지방만 적용,resolved_fp,0,1,0,45454546,False,153,사. 제안서 평가위원회 개최 (※ 추후 일정 및 장소 변경 시 발주부서에서 개별통보) - 일 시 : 2026. 6. 12.(금) 14:00 ~,,해소: 설명회 대상·시점 구분,제안서 평가위원회와 PM 발표 일정이다. 발표 불참에 따른 평가 제외 역시 사전 설명회 참가자격과 구분해야 한다.,"[{""doc_id"": ""D0"", ""line_start"": 19, ""line_end"": 22, ""text"": ""(서울시 [지역:r1|단위=기초|광역=서울특별시] [상세주소] [기관(기초자치단체)] [수요기관(지방정부)] 7층 인사과)\n사. 제안서 평가위원회 개최 (※ 추후 일정 및 장소 변경 시 발주부서에서 개별통보)\n- 일 시 : 2026. 6. 12.(금) 14:00 ~\n- 장 소 : 개별 통보""}, {""doc_id"": ""D0"", ""line_start"": 31, ""line_end"": 34, ""text"": ""4. 낙찰자 결정 방법 : 협상에 의한 계약\n입찰참가자로부터 제안서를 제출 받아 「지방자치단체를 당사자로 하는 계약에 관한 법률 시행령」제43조 및 「지방자치단체 입찰시 낙찰자 결정기준」제7장 협상에 의한 계약체결 기준에 따라 제안서평가위원회를 구성·평가하여 평가결과에 따라 우선협상대상자를 선정하고 협상 절차를 통하여 낙찰자를 결정함\n5. 공동수급협정서 제출(필요시)\n가. 공동수급협정서 제출기한""}, {""doc_id"": ""D1"", ""line_start"": 67, ""line_end"": 70, ""text"": ""제안서 및 가격제안서 | ① 제안서 제출 공문 1부 | <서식 7호>\n② 사업 내용 제안서 및 발표 자료 수록 USB 1개 ※ 제안서 원본(PDF), 발표자료(PPT 및 PDF) 수록 ※ 발표자료 파일(PPT 및 PDF)은 표지 및 내용에 회사 식별 정보 일체 제외 |\n③ 제안서 및 제안요약서 원본 각 1부, 사본 각 11부 ※ 원본에만 업체명을 기재하고, 사본(평가용) 11부는 표지 및 내용에 업체명, 로고, 대표자명 등 업체식별이 가능한 정보가 나타나지 않도록 할 것 | <서식 17호>\n④ 가격제안서(산출내역서 포함) 1부 ※ 별도 밀봉하여 인감 날인 후 제출 | <서식 18~19호>""}, {""doc_id"": ""D1"", ""line_start"": 89, ""line_end"": 92, ""text"": ""2. 제안서 작성 요령\n- 분량 : 제안서 50페이지 이내, 발표용 PPT 30페이지 내외\n- 제출 : 제안서와 제안요약서(PT 자료) 각 12부(원본 각 1부, 평가용 각 11부)\n- 규격 : A4, 컬러 출력""}]"
PPS-DEV-155,v14,고시금액 이상 일반물품 중소기업 제한,resolved_fp,0,1,0,227272727,True,155,"중·소기업·소상공인 확인서, 직접생산확인증명서는 중소기업공공구매 종합정보망(www.smpp.go.kr)에서 확인되지 않을 경우 참가 자격이 없으며, 제안서 제출 마감일까지 발급된 것으로 유효기간 내에 있어야 함.",,amount_band_screen,메타 추정가격이 동결된 해당 항목의 적용 금액대 밖이다. 원문 발췌는 cases.jsonl의 source_contexts에서 대조. 제품 지정·예외까지 확정한 판정은 아니다.,[]
PPS-DEV-160,v9,과업지시서 특정 모델명 명시,resolved_fp,0,1,0,94000000,False,160,"3.1 제품군: Dell 및 HP 서버군 등 ※ 또는 동급 이상의 성능을 갖춘 타사 제품군 포함, 발주자와 상의 후 결정",,해소: 동등품·호환 범위,Dell·HP 제품군을 쓰면서 동급 성능의 타사 제품군도 포함한다고 적었다.,"[{""doc_id"": ""D1"", ""line_start"": 66, ""line_end"": 69, ""text"": ""\n3.1 제품군: Dell 및 HP 서버군 등\n\n※ 또는 동급 이상의 성능을 갖춘 타사 제품군 포함, 발주자와 상의 후 결정""}, {""doc_id"": ""D1"", ""line_start"": 68, ""line_end"": 71, ""text"": ""\n※ 또는 동급 이상의 성능을 갖춘 타사 제품군 포함, 발주자와 상의 후 결정\n\n가. CPU : Intel Xeon Gold 3.6GHz(16core) x 2EA 이상""}]"
PPS-DEV-162,v9,과업지시서 특정 모델명 명시,resolved_fp,0,1,0,89918181818,False,162,"Amicus, MCS+, Trima, AmiCORE 장비와 해당 장비 전용 채혈키트 구매를 위한 제반 사항을 규정한다. ... 혈소판성분채혈장비 4종류 및 채혈키트 4종류 중 한 가지 이상을 납품(임대)할 수 있는 자 ... Amicus 혈소판성분채혈 소모품(Amicus Apheresis Kit -Single Needle) 또는 동등 제품으로써 식약처의 허가를 득한 소모품 ... AmiCORE 혈소판성분채혈 소모품(AmiCORE Apheresis Kit, 혈액저장용기) 또는 동등 제품으로 식약처의 허가를 득한 소모품 ... MCS+ 혈소판성분채혈 소모품(MCS+ Apheresis Kit) 또는 동등 제품으로써 식약처의 허가를 득한 소모품 ... Trima 혈소판성분채혈 소모품(Trima Apheresis Kit) 또는 동등 제품으로써 식약처의 허가를 득한 소모품",,해소: 동등품·호환 범위,여러 채혈장비·키트가 대상이며 동등 제품 허용도 명시한다. 기존 설비의 호환성과 실질적 대체 가능성은 추가 검토 대상이다.,"[{""doc_id"": ""D2"", ""line_start"": 88, ""line_end"": 91, ""text"": ""7. 혈소성분채혈키트 규격\n가. Amicus 혈소판성분채혈 소모품(Amicus Apheresis Kit -Single Needle) 또는 동등 제품으로써\n식약처의 허가를 득한 소모품\n혈소판 저장백 혈소판을 저장할 수 있는 저장하는 용기(최대 4.7× 10e11까지 저장가능)""}, {""doc_id"": ""D2"", ""line_start"": 111, ""line_end"": 114, ""text"": ""\n나. AmiCORE 혈소판성분채혈 소모품(AmiCORE Apheresis Kit, 혈액저장용기) 또는 동등 제품으로\n식약처의 허가를 득한 소모품\n""}]"
PPS-DEV-165,v14,고시금액 이상 일반물품 중소기업 제한,resolved_fp,0,1,0,36363636,True,165,※ 공동수급 불허함,,amount_band_screen,메타 추정가격이 동결된 해당 항목의 적용 금액대 밖이다. 원문 발췌는 cases.jsonl의 source_contexts에서 대조. 제품 지정·예외까지 확정한 판정은 아니다.,[]
PPS-DEV-169,v18,1억원 미만 일반물품 소기업 제한 없음,resolved_fp,0,1,0,809090909,True,169,,,amount_band_screen,메타 추정가격이 동결된 해당 항목의 적용 금액대 밖이다. 원문 발췌는 cases.jsonl의 source_contexts에서 대조. 제품 지정·예외까지 확정한 판정은 아니다.,[]
PPS-DEV-176,v9,과업지시서 특정 모델명 명시,resolved_fp,0,1,0,620000000,False,176,"(가) 켄베이어길이 : 16,500mm (9,500mm수평, 7,000mm경사) (나) 구동부 사양 A.전동기(Motor) - 형식 : 삼상 유도전동기 용량 : 7.5HP (5.5kw), 4Pole 정격전압 : 380V 보호등급 : IP55 이상 절연등급 : F Class 제작사 : KGM 또는 동급 이상 B.감속기 (Gear Reducer) - 형식 : 헬리컬 기어감속기 제작사 : KGM 또는 동급 이상 C.구동체인 - 제작사 : 한국체인 또는 동급 이상 D.스프로킷 - 제작사 : S45C 가공 : 치면 열처리 규격 : RS100 – 23T, 55Φ, Key16, 두께60 , RS100 – 14T, 55Φ, Key16, 두께50 (라) 본체 프레임 - 메인프레임 : SS400 (마) 이송부 사양 - 가이드레일 : SUS304 4T레일과 하부 MC Nylon (사) 전기제어 - 제작사 : LS Electric 또는 동급 이상",,해소: 동등품·호환 범위,"부품 제조사를 들면서 KGM 또는 동급 이상, 한국체인 또는 동급 이상을 명시한다.","[{""doc_id"": ""D1"", ""line_start"": 128, ""line_end"": 131, ""text"": ""- 절연등급 : F Class\n- 제작사 : KGM 또는 동급 이상\nB.감속기 (Gear Reducer)\n- 형식 : 헬리컬 기어감속기""}, {""doc_id"": ""D1"", ""line_start"": 133, ""line_end"": 136, ""text"": ""- 윤활방식 : 오일 윤활식\n- 제작사 : KGM 또는 동급 이상\nC.구동체인\n- 형식 : RF05100-R 더블피치 롤러체인""}]"
PPS-DEV-177,v14,고시금액 이상 일반물품 중소기업 제한,resolved_fp,0,1,0,99981818,True,177,중소기업청장이 지정.고시한 제품,,amount_band_screen,메타 추정가격이 동결된 해당 항목의 적용 금액대 밖이다. 원문 발췌는 cases.jsonl의 source_contexts에서 대조. 제품 지정·예외까지 확정한 판정은 아니다.,[]
PPS-DEV-180,v10,중기간 경쟁제품 입찰 직생 없음,resolved_fp,0,1,0,93545455,False,180,,,정답 일치·적용 범위 추가 판정,가스분석기에 소기업 확인서는 있지만 직접생산 요건은 찾지 못했다. 경쟁제품 지정 여부가 미확정이므로 정답 일치만으로 원문 부재 인식 개선이라고 볼 수 없다.,"[{""doc_id"": ""D0"", ""line_start"": 29, ""line_end"": 32, ""text"": ""나. 국가종합전자조달시스템 입찰잠가자격등록규정에 따라 반드시 전자입찰서 제출 마감일 전일까지 나라장터(G2B 시스템)에 기타가스분석기(4111311801)를 제조 물품으로 입찰 참가 등록한 자\n다.「중소기업 기본법」 제2조제2항에 따른 소기업 또는「소상공인 보호 및 지원에 관한 법률」제2조에 따른 소상공인 업체로서‘중소기업 범위 및 확인에 관한 규정’에 따라 발급된 소기업․소상공인 확인서(전자입찰서 제출 마감일 전일까지 발급된 것으로 유효기간 내에 있어야 함)를 소지한 자\n※ <중․소기업․소상공인확인서>는 중소기업공공구매 종합정보망(http://www.smpp.go.kr) 또는 중소기업현황정보시스템([기관홈페이지]) 에서 확인하며 확인이 되지 않을 경우 입찰참가 자격이 없습니다.\n라. 국가를 당사자로 하는 계약에 관한 법률 시행령 제12조 및 동법시행령 제76조에 의한 자격 제한 중에 있지 아니한 업체""}, {""doc_id"": ""D0"", ""line_start"": 30, ""line_end"": 33, ""text"": ""다.「중소기업 기본법」 제2조제2항에 따른 소기업 또는「소상공인 보호 및 지원에 관한 법률」제2조에 따른 소상공인 업체로서‘중소기업 범위 및 확인에 관한 규정’에 따라 발급된 소기업․소상공인 확인서(전자입찰서 제출 마감일 전일까지 발급된 것으로 유효기간 내에 있어야 함)를 소지한 자\n※ <중․소기업․소상공인확인서>는 중소기업공공구매 종합정보망(http://www.smpp.go.kr) 또는 중소기업현황정보시스템([기관홈페이지]) 에서 확인하며 확인이 되지 않을 경우 입찰참가 자격이 없습니다.\n라. 국가를 당사자로 하는 계약에 관한 법률 시행령 제12조 및 동법시행령 제76조에 의한 자격 제한 중에 있지 아니한 업체\n3-1. 제출서류""}, {""doc_id"": ""D1"", ""line_start"": 222, ""line_end"": 225, ""text"": ""3) 1)에도 불구하고, 합병 또는 분할한 자가 입찰공고일 이전에 평가한 신용평가등급이 없는 경우에는 입찰서 제출 마감일 전일까지 발급된 유효기간 내에 있는 가장 최근의 신용평가등급으로 평가한다. 다만, 합병 후 새로운 신용평가등급이 없는 경우에는 입찰공고일 이전에 평가하고 유효기간 내에 있는 신용평가등급으로서 합병 대상자 중 가장 낮은 신용평가등급을 받은 자의 신용평가등급으로 평가한다.\n4) 추정가격이 고시금액 미만인 입찰에서 입찰공고일을 기준으로 최근 7년 이내에 사업을 개시한 창업기업에 대해서는 신용평가등급 점수상의 배점 한도를 부여한다. 이 경우 창업기업에 대한 확인은 「중소기업제품공공구매 종합정보망」에 등재된 자료로 확인하며, 창업기업확인서의 유효기간 내에 있어야 한다. 다만, 제안서 평가일 전일까지 발급된 자료도 심사에 포함하며, 이 경우 입찰공고일 이전 창업을 확인 할 수 있는 자료(법인인 경우 법인등기부상 법인설립등기일, 개인사업자인 경우에는 사업자등록증명서 상 사업자등록일)를 제출하여야 한다.(이하 창업기업에 대한 확인방법은 같다)\n5) 공동수급체의 경우 구성원별 해당 점수에 지분율을 곱한 후 그 점수들을 합산하여 최종 평가하고, 평가 결과 소수점 이하의 숫자가 있는 경우 소수점 다섯째자리에서 반올림 한다.\n(예) (A사 점수×A사 지분율)+(B사 점수×B사 지분율)…""}]"
PPS-DEV-182,v14,고시금액 이상 일반물품 중소기업 제한,resolved_fp,0,1,0,244000000,False,182,「중소기업기본법」제2조 제2항에 따른 중소기업 또는 「소상공인 보호 및 지원에 관한 법률」제2조에 따른 소상공인으로 「중·소기업·소상공인 및 장애인기업 확인요령」에 따라 발급된 중소기업 또는 소상공인 확인서를 소지한 업체,,정답 일치와 원문 해석의 긴장,추정가격 2.44억원이고 SME 확인서 의무도 명시한다. 후보 0은 정답과 일치하나 비지정 여부·별도 근거를 확정하지 않고 개선 원인을 단정할 수 없다.,"[{""doc_id"": ""D0"", ""line_start"": 20, ""line_end"": 25, ""text"": ""4. 견적제출(입찰) 참가자격\n○ 「지방자치단체를 당사자로 하는 계약에 관한 법률」시행령 제13조 및 동법 시행규칙 제14조 규정에 의한 자격요건을 갖추고, 아래의 자격요건을 모두 충족하는 업체이어야 합니다.\n1) 탈황제(4713189901)를 제조 물품으로 입찰참가 등록한 자\n2) 「중소기업기본법」제2조 제2항에 따른 중소기업 또는 「소상공인 보호 및 지원에 관한 법률」제2조에 따른 소상공인으로 「중·소기업·소상공인 및 장애인기업 확인요령」에 따라 발급된 중소기업 또는 소상공인 확인서를 소지한 업체\n○ 중소기업∙소상공인확인서는 입찰서 제출마감일 전일까지 발급된 것으로 유효기간 내에 있어야 하며, 중소기업공공구매 종합정보망(http://www.smpp.go.kr)에서 확인 가능하여야 하며, 확인이 되지 않을 경우 입찰 참가 자격이 없습니다.\n단, 계약 체결일까지 발생ㆍ신고ㆍ수정된 자료도 심사에 포함(계약체결일까지 유효기간 내에 있어야 함)""}]"
PPS-DEV-183,v14,고시금액 이상 일반물품 중소기업 제한,resolved_fp,0,1,0,68545455,True,183,추정가격 2천만원 초과 1억원 이하 물품·용역(소기업 소상공인 계약),,amount_band_screen,메타 추정가격이 동결된 해당 항목의 적용 금액대 밖이다. 원문 발췌는 cases.jsonl의 source_contexts에서 대조. 제품 지정·예외까지 확정한 판정은 아니다.,[]
PPS-DEV-184,v14,고시금액 이상 일반물품 중소기업 제한,resolved_fp,0,1,0,18757491,True,184,「중소기업제품 구매촉진 및 판로지원에 관한 법률」제8조의2에 해당하는 자는 입찰 참여 불가함,,amount_band_screen,메타 추정가격이 동결된 해당 항목의 적용 금액대 밖이다. 원문 발췌는 cases.jsonl의 source_contexts에서 대조. 제품 지정·예외까지 확정한 판정은 아니다.,[]
PPS-DEV-189,v14,고시금액 이상 일반물품 중소기업 제한,resolved_fp,0,1,0,31636364,True,189,본 사업은 하도급을 불허합니다 .,,amount_band_screen,메타 추정가격이 동결된 해당 항목의 적용 금액대 밖이다. 원문 발췌는 cases.jsonl의 source_contexts에서 대조. 제품 지정·예외까지 확정한 판정은 아니다.,[]
PPS-DEV-191,v22,현장설명회 참석업체 (자격으로 제한 여부) * 계약방법 협상만 적용,resolved_fp,0,1,0,104545455,False,191,"사업설명회 2026. 6.2.(화) ([지역:r1|단위=기초|광역=경상남도] [상세주소], [상세주소])",,해소: 개최와 강제 참가 구분,"사업설명회 날짜·장소는 있지만, 기존 인용에 불참 배제 또는 참석자만 입찰 가능하다는 조건이 없다. 개최 사실만으로 강제 참석 위반을 세우지 않는 방향이다.","[{""doc_id"": ""D0"", ""line_start"": 57, ""line_end"": 65, ""text"": ""3. 사업설명회 2026. 6. 2.(화) 14:00\n([지역:r1|단위=기초|광역=경상남도] [상세주소], [상세주소])\n\n2026. 6. 9.(화) 14:00 장소 : (재)[수요기관(공공기관)]\n4. 입찰등록, 제안서 제출 ~\n2026. 6. 9.(화) 15:00 ([지역:r1|단위=기초|광역=경상남도] [상세주소], [상세주소])\n\n※ 입찰 등록, 제안서 제출 시간 이후 접수 불가\n※ 제출 시간 안에 제안서류를 접수한 제안사에 한하여 서류보완 필요시 16시까지 서류 보완접수""}]"
PPS-DEV-194,v23,현장설명회 (공고기간) * 계약방법 협상 + 계약법 지방만 적용,resolved_fp,0,1,0,60000000,False,194,견적서 제출 : 2026. 5. 28.(목) 09:00 ~ 2026. 6. 2.(화) 10:00,,해소: 설명회 대상·시점 구분,소액수의 견적서 제출 기간이다. 개별 기준의 협상계약 사전 설명회에 해당하는 근거가 아니다.,"[{""doc_id"": ""D0"", ""line_start"": 43, ""line_end"": 43, ""text"": ""가. 견적서 제출 : 2026. 5. 28.(목) 09:00 ~ 2026. 6. 2.(화) 10:00""}, {""doc_id"": ""D0"", ""line_start"": 10, ""line_end"": 13, ""text"": ""- 김가공기\n단독 이상 견적서 제출자 중 (공휴일,\n(2318152101)\n추정가격 1억원 이하 이행 최저가격으로 토요일""}, {""doc_id"": ""D0"", ""line_start"": 42, ""line_end"": 45, ""text"": ""\n가. 견적서 제출 : 2026. 5. 28.(목) 09:00 ~ 2026. 6. 2.(화) 10:00\n나. 개 찰 일 시 : 2026. 6. 2.(화) 11:00\n다. 개 찰 장 소 : [수요기관(기초자치단체)|지역=r1] 입찰집행관 PC""}]"
PPS-DEV-196,v9,과업지시서 특정 모델명 명시,resolved_fp,0,1,0,153636364,False,196,"4. A Equipment company can not require written consent which is the authority to keep confidentiality about the service manual from start to finish (SPEC review, a bid and disuse). The authority of provided service manual immediately will belong to [기관(의료기관)] after conclusion of a contract. PNUDH will be committed to keep confidentiality of service manual. 5. The product should be replaced with a new upgraded model when the service include part supply be discontinued in 5 years from the point of",,해소: 동등품·호환 범위,기존 근거는 영문 유지보수 문서의 비밀유지·매뉴얼 조건으로 브랜드 강제와 무관하다. 공고에는 동등품 허용도 있다.,"[{""doc_id"": ""D0"", ""line_start"": 130, ""line_end"": 133, ""text"": ""\n- 제품 규격(SPEC 및 구성품 수량 등)은 공고된 규격서에 적합 또는 동등 이상이어야 합니다.\n\n- 규격입찰서(서식 제3호) 하단의 적격여부확인란은 계약담당자가 요구부서 및 의공담당에게 직접 전달합니다. (적격여부 확인은 빈칸으로 제출합니다.)""}, {""doc_id"": ""D0"", ""line_start"": 134, ""line_end"": 137, ""text"": ""\n- 물품 규격의 적합여부(동등 이상 규격여부)는 반드시 담당자에게 문의하여야 하며, 미확인에 따른 책임은 계약상대자에게 있습니다.(규격입찰서의 심사결과에 대하여 이의제기 할 수 없음)\n\n나. 가격입찰서""}, {""doc_id"": ""D1"", ""line_start"": 137, ""line_end"": 140, ""text"": ""2. 챔버 크기 : 673(W) x 667(H) x 660(D)mm 또는 850(W) x 690(H) x 705(D)mm\n3. 적재 용량 : 296L∼340L 동등 이상\n4. 챔버\n1) 내부 : 아르곤 용접 16게이지 마감처리""}, {""doc_id"": ""D1"", ""line_start"": 140, ""line_end"": 143, ""text"": ""1) 내부 : 아르곤 용접 16게이지 마감처리\n2) 재질 : 304L 스테인레스 스틸 동등 이상\n3) 조명 : 3W LED 동등 이상\n4) 회전식 분무 장치는 챔버의 상단과 하단에 위치, 각 62cm 길이로 모든 적재 표면에 분사""}]"
PPS-DEV-199,v17,1억원 미만 일반물품 중소기업 제한,resolved_fp,0,1,0,116363636,True,199,「중소기업기본법」 제2조에 따른 중소기업 또는 「소상공인기본법」제2조에 따른 소상공인으로 「중소기업 범위 및 확인에 관한 규정」에 따라 발급된 중․소기업․소상공인 확인서(제안서 제출 마감일 전일까지 발급된 것으로 유효기간 내에 있어야 함) 소지 업체,,amount_band_screen,메타 추정가격이 동결된 해당 항목의 적용 금액대 밖이다. 원문 발췌는 cases.jsonl의 source_contexts에서 대조. 제품 지정·예외까지 확정한 판정은 아니다.,[]
PPS-DEV-199,v18,1억원 미만 일반물품 소기업 제한 없음,resolved_fp,0,1,0,116363636,True,199,,,amount_band_screen,메타 추정가격이 동결된 해당 항목의 적용 금액대 밖이다. 원문 발췌는 cases.jsonl의 source_contexts에서 대조. 제품 지정·예외까지 확정한 판정은 아니다.,[]
